number,time,duration,screen_x,screen_y,avg_dilation,saccadic_length
1,172,120,721,344,0.2969662447257355,
2,491,100,709,360,0.3209662447257364,20.0
3,790,100,680,432,0.12196624472573614,77.62087348130012
4,930,140,679,439,0.20946624472573605,7.0710678118654755
5,1169,100,668,428,0.18796624472573642,15.556349186104045
6,1628,219,569,1012,0.4209662447257352,592.3318326748952
7,3063,100,163,301,0.13003375527426408,818.7533206039533
8,3183,199,186,369,0.0884662447257365,71.78439941937245
9,3462,279,389,333,0.033466244725735894,206.1674077054858
34,13331,439,948,677,0.24803375527426352,656.3665134663712
35,13830,180,949,679,0.28253375527426394,2.23606797749979
91,33049,100,1201,-41,0.5090337552742641,762.8263236150152
92,33189,438,1247,55,0.5690337552742637,106.45186705737011
93,34365,160,586,272,0.409033755274264,695.7082721946032
94,34684,219,876,295,0.393033755274264,290.91063920042524
95,34943,299,1043,290,0.48103375527426406,167.0748335327616
96,35322,179,1101,831,0.29453375527426395,544.1001746002293
97,35522,219,1107,799,0.3130337552742639,32.55764119219941
98,35920,339,1111,886,0.1680337552742639,87.09190547921202
99,36459,359,1098,809,0.1370337552742642,78.08969202141856
100,36837,100,1077,787,0.10196624472573612,30.4138126514911
103,38074,279,279,189,0.276033755274264,997.2000802246257
104,38472,120,909,700,0.2109662447257361,811.184935757562
105,38692,100,950,697,0.20446624472573616,41.10960958218893
106,38911,937,943,766,0.2854662447257361,69.35416353759881
107,39928,120,929,652,0.19946624472573626,114.85643212288984
108,40167,439,934,684,0.262466244725736,32.38826948140329
109,40626,219,987,676,0.2894662447257361,53.600373133029585
110,40865,140,1016,691,0.17096624472573607,32.64965543462902
111,41024,379,1021,681,0.19596624472573643,11.180339887498949
112,41463,279,973,764,0.18596624472573575,95.88013350011565
113,41762,538,971,687,0.24846624472573575,77.02596964660685
114,42320,359,969,690,0.14646624472573588,3.605551275463989
115,42699,279,980,650,0.2499662447257358,41.48493702538308
116,42998,439,948,618,0.32746624472573593,45.254833995939045
117,43576,160,897,689,0.2519662447257356,87.41853350405736
118,43856,219,913,732,0.13346624472573554,45.880278987817846
119,44194,578,1035,745,0.15546624472573578,122.6906679417795
120,44793,179,1016,755,0.2369662447257359,21.470910553583888
123,45670,479,277,186,0.20453375527426365,932.6746485243394
124,46726,140,1022,765,0.2289662447257359,943.5390823913973
125,46886,199,1018,762,0.3039662447257361,5.0
126,47365,179,290,589,0.19596624472573554,748.2733457767956
127,47604,239,282,209,0.21853375527426389,380.08420119757676
128,47903,339,71,186,0.15803375527426367,212.24985276791125
129,48361,379,1010,728,0.33196624472573566,1084.197860171288
130,48760,239,1035,736,0.33996624472573655,26.248809496813376
131,49019,239,925,675,0.38396624472573615,125.78155667664477
132,49278,459,935,672,0.5164662447257364,10.44030650891055
133,49777,219,1015,733,0.38596624472573593,100.60318086422517
134,50076,299,1008,761,0.44646624472573615,28.861739379323623
135,50415,518,988,706,0.35996624472573613,58.52349955359813
136,51053,718,1011,752,0.6204662447257365,51.42956348249516
137,52070,120,875,655,0.6219662447257357,167.0478973228936
138,52309,259,407,727,0.3924662447257359,473.5060717667726
139,52748,199,390,245,0.21503375527426405,482.2996993571528
140,52987,399,245,201,0.23503375527426407,151.52887513606112
141,53545,199,306,194,0.1290337552742642,61.40032573203501
142,53844,120,399,627,0.36796624472573614,442.87470011279714
143,54044,100,415,745,0.26496624472573593,119.07980517283357
144,54343,160,1022,754,0.21146624472573583,607.0667179149257
145,54542,259,1020,745,0.340966244725736,9.219544457292887
146,54921,139,1040,733,0.44896624472573565,23.323807579381203
147,55120,359,952,690,0.40446624472573633,97.94386147176351
148,55698,140,992,659,0.7419662447257367,50.60632371551998
149,55878,379,998,762,0.4554662447257365,103.1746092796091
150,56297,179,1002,752,0.31346624472573614,10.770329614269007
151,56954,180,973,676,0.28996624472573584,81.34494452638098
152,57154,279,1008,671,0.28596624472573584,35.35533905932738
153,57453,498,929,733,0.38946624472573577,100.42410069301094
154,57971,259,983,764,0.37896624472573626,62.26556030423239
155,58270,160,1015,663,0.36596624472573547,105.94810050208545
156,58589,139,1023,761,0.4004662447257359,98.32598842625484
157,58848,219,1045,758,0.4944662447257362,22.20360331117452
158,59367,239,998,742,0.802466244725736,49.64876634922564
159,59845,120,1004,756,0.31896624472573576,15.231546211727817
160,60085,219,980,684,0.32146624472573615,75.8946638440411
161,60344,658,1008,674,0.3299662447257359,29.732137494637012
162,61321,139,440,689,0.44646624472573615,568.1980288596574
163,61480,259,410,727,0.30996624472573586,48.41487374764082
164,61759,239,409,716,0.12046624472573564,11.045361017187261
165,62078,319,450,707,0.07003375527426403,41.97618372363071
166,62437,817,518,689,0.13653375527426403,70.3420215802759
167,63574,100,508,694,0.13403375527426364,11.180339887498949
168,63873,100,605,644,0.19353375527426397,109.12836478203089
169,64052,199,576,641,0.1355337552742646,29.154759474226502
170,64351,180,989,737,0.14403375527426432,424.0106130747201
171,64551,399,1035,753,0.2599662447257365,48.703182647543684
172,65009,140,925,759,0.32146624472573615,110.16351483136329
173,65348,239,550,744,0.19946624472573582,375.2998800959041
174,65647,199,533,685,0.04403375527426423,61.40032573203501
175,65866,399,601,728,0.14296624472573605,80.45495634204272
176,66285,179,627,724,0.10446624472573607,26.30589287593181
177,66544,140,461,765,0.1484662447257361,170.98830369355676
178,66744,179,419,728,0.17296624472573585,55.97320787662612
179,66983,199,610,732,0.11596624472573636,191.04188022525324
180,67202,239,632,727,0.13646624472573565,22.561028345356956
181,67461,459,607,726,0.16046624472573612,25.019992006393608
182,68040,179,504,997,0.10146624472573595,289.9137802864845
183,68718,100,604,719,0.1834662447257358,295.4386569154416
184,68837,139,580,715,0.054466244725736246,24.331050121192877
185,68997,339,528,719,0.17046624472573635,52.15361924162119
186,69355,180,502,720,0.17053375527426384,26.019223662515376
187,69814,160,985,744,0.09696624472573623,483.5959056898642
188,69993,180,1042,738,0.20846624472573616,57.3149195236284
189,70312,160,1063,733,0.17096624472573607,21.587033144922902
190,70751,140,397,782,0.28396624472573606,667.8001197963355
191,71070,199,436,785,0.2289662447257359,39.11521443121589
192,71289,219,394,752,0.1714662447257358,53.41348144429457
1093,516673,100,530,335,0.39003375527426387,438.6171451277298
1094,516812,179,547,311,0.40253375527426405,29.410882339705484
1095,517052,120,582,427,0.3905337552742645,121.16517651536682
1096,517191,319,572,418,0.4220337552742639,13.45362404707371
1097,517849,140,759,491,0.24803375527426397,200.7436175822285
1098,518009,199,765,510,0.19153375527426375,19.924858845171276
1099,518428,219,771,508,0.312033755274264,6.324555320336759
1100,518707,279,695,514,0.2890337552742639,76.23647421018367
1101,519065,100,795,535,0.18853375527426364,102.18121158021175
1102,519225,160,637,583,0.14403375527426432,165.13025161974412
1103,519424,159,585,582,0.16503375527426423,52.009614495783374
1104,519604,479,579,579,0.22503375527426384,6.708203932499369
1105,520102,379,521,515,0.25203375527426397,86.37129152675674
1106,520501,179,550,459,0.27003375527426376,63.06346010171025
1107,520700,578,594,482,0.2860337552742638,49.64876634922564
1108,521298,120,590,467,0.354533755274264,15.524174696260024
1109,521817,140,567,424,0.25253375527426414,48.76474136094644
1110,521976,219,560,437,0.3180337552742638,14.7648230602334
1111,522216,478,614,437,0.3250337552742639,54.0
1112,522714,279,556,431,0.30153375527426407,58.309518948453004
1113,523053,139,589,417,0.3200337552742636,35.84689665786984
1114,523213,140,546,392,0.3430337552742637,49.73932046178355
1115,523472,279,493,382,0.322533755274264,53.9351462406472
1116,523771,279,554,385,0.3045337552742642,61.07372593840988
1117,524209,100,487,384,0.2835337552742643,67.00746227100382
1118,524508,498,670,428,0.26703375527426365,188.2153022471871
1119,525047,140,513,386,0.31903375527426414,162.5207679036744
1120,525306,419,479,383,0.3555337552742639,34.132096331752024
1121,525764,160,542,345,0.29853375527426396,73.57309290766564
1122,525964,120,543,344,0.26503375527426387,1.4142135623730951
1123,526123,120,472,403,0.28003375527426355,92.31467922275417
1124,526263,239,468,389,0.2790337552742641,14.560219778561036
1125,526542,199,308,330,0.2115337552742642,170.53152201279386
1126,526801,179,416,402,0.20003375527426437,129.79984591670362
1127,527001,279,355,453,0.20003375527426437,79.51100552753688
1128,527320,259,486,484,0.22203375527426372,134.61797799699713
1129,527599,199,543,492,0.2505337552742639,57.55866572463264
1130,527818,199,504,480,0.26653375527426393,40.80441152620633
1131,528097,279,558,483,0.29553375527426384,54.08326913195984
1132,528396,140,478,651,0.3180337552742638,186.07525359380813
1133,528596,140,519,681,0.292033755274264,50.80354318352215
1134,528795,180,572,693,0.29853375527426396,54.3415126767741
1135,529014,459,390,590,0.34603375527426383,209.124364912365
1136,529493,120,510,515,0.29853375527426396,141.50971698084905
1137,529632,199,473,479,0.36203375527426385,51.62363799656123
1138,529852,239,552,479,0.3175337552742641,79.0
1139,530191,140,389,444,0.30603375527426424,166.715326230074
1140,530350,160,431,471,0.3315337552742643,49.92995093127971
1141,530530,160,449,370,0.3045337552742642,102.59142264341595
1142,530789,239,502,397,0.280033755274264,59.481089431852205
1143,531088,140,532,382,0.3130337552742639,33.54101966249684
1144,531287,199,463,379,0.3150337552742637,69.06518659932803
1145,531506,359,422,350,0.35503375527426373,50.21951811795888
1146,531885,199,518,321,0.35703375527426395,100.2845950283492
1147,532105,299,519,314,0.338533755274264,7.0710678118654755
1148,532444,319,650,338,0.30203375527426424,133.18032887780387
1149,532882,140,740,345,0.2265337552742639,90.27181176868004
1150,533082,179,635,396,0.24803375527426397,116.73045875006231
1151,533480,299,566,429,0.2815337552742636,76.48529270389177
1152,533939,160,498,510,0.24153375527426446,105.75916035975324
1153,534138,259,524,517,0.21103375527426405,26.92582403567252
1154,534517,140,705,406,0.23596624472573557,212.3252222417299
1155,534876,100,591,452,0.2005337552742641,122.93087488503447
1156,535035,818,525,498,0.2590337552742641,80.44874144447506
1157,535933,120,566,425,0.24503375527426385,83.72574275573791
1158,536072,458,448,530,0.23603375527426396,157.95252451290546
1159,536551,219,492,517,0.16303375527426356,45.880278987817846
1160,536830,100,408,448,0.18453375527426408,108.70602559196064
1161,536949,379,410,450,0.17003375527426412,2.8284271247461903
1162,537388,179,427,630,0.1320337552742643,180.8009955724802
1163,537587,239,387,452,0.16853375527426406,182.43903091169938
1164,537926,120,139,262,0.08253375527426376,312.4163888146715
1165,538066,478,46,220,0.09553375527426367,102.04410811016969
1166,538624,219,394,370,0.1135337552742639,378.95118419131506
1167,538923,179,448,367,0.13553375527426414,54.08326913195984
1168,539123,199,445,349,0.19203375527426392,18.24828759089466
1169,539342,518,412,348,0.21853375527426389,33.015148038438355
1170,539920,100,465,326,0.24853375527426413,57.38466694161429
1171,540040,219,501,262,0.213533755274264,73.43023900274328
1172,540279,279,531,312,0.2635337552742638,58.309518948453004
1173,540618,638,552,311,0.3285337552742642,21.02379604162864
1174,541316,179,677,272,0.32703375527426415,130.9427355755179
1175,541535,199,601,284,0.29553375527426384,76.94153624668537
1176,541754,299,629,286,0.37803375527426386,28.071337695236398
1177,542073,120,677,298,0.4085337552742643,49.47726750741192
1178,542233,120,681,290,0.36903375527426396,8.94427190999916
1179,542412,359,633,287,0.40453375527426383,48.093658625644196
1180,542871,518,721,320,0.3340337552742638,93.98404119849285
1181,543449,100,540,388,0.3355337552742639,193.35201059208046
1182,543569,239,577,374,0.37103375527426374,39.56008088970496
1183,543828,219,647,370,0.3760337552742641,70.11419257183242
1184,544227,120,375,495,0.33903375527426416,299.34762400927787
1185,544366,219,396,441,0.3630337552742642,57.9396237474839
1186,544625,518,403,541,0.3760337552742641,100.24470060806208
1187,545303,479,391,535,0.33203375527426404,13.416407864998739
1188,545802,219,443,632,0.2890337552742639,110.05907504608605
1189,546101,678,415,635,0.2820337552742638,28.160255680657446
1190,546799,140,416,626,0.28153375527426405,9.055385138137417
1191,547018,160,423,586,0.30053375527426374,40.607881008493905
1192,547237,199,409,533,0.3260337552742638,54.817880294662984
1193,547456,180,398,469,0.32003375527426403,64.93843238021688
1194,547656,180,397,482,0.2870337552742641,13.038404810405298
1195,548154,359,375,694,0.2500337552742642,213.13845265460665
1196,548732,239,494,730,0.18953375527426397,124.32618388738553
1197,548992,538,518,654,0.15853375527426428,79.6994353806851
1198,549550,140,566,648,0.13553375527426414,48.373546489791295
1199,549709,259,504,691,0.1720337552742639,75.45197147855052
1200,550148,120,548,690,0.22446624472573573,44.01136216933077
1201,550527,120,360,586,0.1135337552742639,214.84878403193255
1202,550906,139,671,560,0.16603375527426412,312.0849243395137
1203,551105,140,619,561,0.07903375527426393,52.009614495783374
1204,551564,120,611,561,0.159033755274264,8.0
1205,551723,120,626,561,0.229533755274264,15.0
1206,552501,199,588,619,0.18896624472573587,69.33974329343886
1207,554056,120,880,495,0.23096624472573657,317.23808094237364
1208,554694,179,731,673,0.165466244725736,232.13142829009604
1209,555352,120,743,659,0.18996624472573576,18.439088914585774
1210,557684,180,744,481,0.1674662447257358,178.0028089666003
1211,557904,279,741,470,0.094966244725736,11.40175425099138
1212,558203,100,735,462,0.07696624472573621,10.0
1213,558362,180,811,456,0.048466244725735574,76.23647421018367
1214,558681,279,833,456,0.21746624472573606,22.0
1215,559000,339,746,521,0.15696624472573584,108.60018416190647
1216,559379,160,784,484,0.17046624472573635,53.03772242470448
1217,559618,359,736,675,0.2209662447257359,196.93907687404246
1218,560256,180,763,680,0.1354662447257362,27.459060435491963
1219,560555,100,774,652,0.09896624472573601,30.083217912982647
1220,560954,120,756,589,0.10596624472573568,65.52098900352466
1221,561253,100,755,717,0.2394662447257363,128.00390619039717
1222,561453,120,715,726,0.26396624472573604,41.0
1223,562110,159,710,576,0.07146624472573615,150.08331019803634
1224,562430,140,585,612,0.07946624472573616,130.080744155313
1225,562988,159,637,598,0.104533755274264,53.85164807134504
1226,563167,199,529,607,0.21403375527426416,108.37435120913067
1227,563386,259,548,620,0.20903375527426382,23.021728866442675
1228,563706,279,544,617,0.159033755274264,5.0
1229,564005,140,551,603,0.1760337552742639,15.652475842498529
1230,564184,160,646,734,0.15953375527426372,161.82088863926066
1231,564363,179,636,676,0.0835337552742641,58.855755878248644
1232,564962,160,711,697,0.12053375527426402,77.88452991448301
1233,565161,159,622,702,0.11196624472573591,89.1403387922662
1234,565360,359,628,687,0.08646624472573583,16.15549442140351
1235,565759,140,641,693,0.07996624472573588,14.317821063276353
1236,566676,120,728,745,0.10096624472573623,101.35580891098448
1237,566856,140,726,761,0.12646624472573587,16.1245154965971
1238,567015,140,729,757,0.11646624472573608,5.0
1239,567214,160,565,775,0.1089662447257358,164.98484778912274
1240,567394,179,591,775,0.2209662447257359,26.0
1241,567673,120,630,685,0.22146624472573606,98.08669634563088
1242,568251,479,765,714,0.2694662447257361,138.07968713753664
1243,568750,180,658,747,0.10053375527426445,111.97321108193691
1244,568949,279,575,767,0.10103375527426417,85.37564055396598
1245,569368,100,703,775,0.07546624472573571,128.2497563350512
1246,569487,139,731,767,0.07746624472573593,29.120439557122072
1247,569747,180,114,236,0.12603375527426364,814.0331688573875
1248,569946,140,48,227,0.18153375527426396,66.61080993352356
1249,570106,419,84,237,0.1850337552742638,37.36308338453881
1250,570644,179,710,703,0.1330337552742642,780.4050230489294
1251,571042,140,731,706,0.104533755274264,21.213203435596427
1252,571302,120,753,703,0.12396624472573636,22.20360331117452
1253,571461,299,671,769,0.14296624472573605,105.26157893552613
1254,571780,140,574,740,0.15746624472573645,101.24228365658294
1255,571960,180,719,720,0.0959662447257359,146.37281168304446
1256,572338,977,710,702,0.23496624472573613,20.12461179749811
1257,573355,100,695,778,0.19846624472573593,77.46612162745726
1258,573535,179,647,764,0.18596624472573575,50.0
1259,573834,120,804,624,0.1404662447257361,210.35446275275456
1260,573973,100,803,615,0.08096624472573621,9.055385138137417
1261,574133,140,701,675,0.09246624472573606,118.33849753989612
1262,574332,120,737,712,0.054533755274264184,51.62363799656123
1263,574532,100,766,703,0.06703375527426436,30.364452901377952
1264,574671,140,833,608,0.11403375527426407,116.2497311824849
1265,574930,279,903,613,0.221533755274264,70.178344238091
1266,575469,339,542,732,0.145466244725736,380.1078794237236
1267,575827,279,626,696,0.10446624472573651,91.3892772703669
1268,576226,100,681,691,0.05296624472573619,55.226805085936306
1269,576366,498,577,619,0.06946624472573637,126.49110640673517
1270,576884,120,654,629,0.017533755274264262,77.64663547121665
1271,577024,120,656,614,0.10496624472573624,15.132745950421556
1272,577323,239,544,759,0.058533755274263743,183.2184488527288
1273,577642,259,565,756,0.21246624472573616,21.213203435596427
1274,577921,818,571,746,0.161466244725736,11.661903789690601
1275,578758,239,489,752,0.2209662447257359,82.21921916437786
1276,579018,179,481,734,0.16446624472573612,19.697715603592208
1277,579217,279,533,719,0.11846624472573586,54.120236510939236
1278,579516,199,679,795,0.2129662447257359,164.59647626847908
1279,579915,339,514,789,0.2109662447257361,165.10905486980417
1280,580513,139,515,628,0.23346624472573607,161.00310556011024
1281,580712,120,478,607,0.03396624472573562,42.5440947723653
1282,580931,180,530,618,0.07196624472573587,53.150729063673246
1283,581151,120,671,701,0.0729662447257362,163.6154026979123
1284,581450,160,609,696,0.11346624472573597,62.20128616033595
1285,581968,160,463,691,0.0875337552742641,146.08559134972896
1286,582307,120,464,692,0.08453375527426354,1.4142135623730951
1287,582447,259,386,695,0.12953375527426436,78.05767098754612
1288,582726,159,502,643,0.059033755274264355,127.12198865656563
1289,583005,100,440,652,0.07196624472573587,62.64982043070834
1290,583204,120,569,615,0.1039662447257359,134.2013412749664
1291,583344,339,611,624,0.08146624472573594,42.95346318982906
1292,583902,219,72,208,0.14303375527426399,680.864891149485
1293,584201,120,587,534,0.08403375527426427,609.5088186400587
1294,584401,279,524,619,0.090966244725736,105.80170130957252
1295,584859,319,571,609,0.09503375527426394,48.05205510693585
1296,585218,199,563,611,0.14853375527426405,8.246211251235321
1297,585437,160,519,608,0.1330337552742642,44.10215414239989
1298,585617,319,519,615,0.13203375527426386,7.0
1299,585956,239,519,613,0.12603375527426408,2.0
1300,586315,239,528,597,0.3099662447257363,18.35755975068582
1301,586753,379,522,615,0.5899662447257366,18.973665961010276
1302,587172,419,619,555,0.12353375527426413,114.0570032922135
1303,587810,140,601,535,0.2035337552742642,26.90724809414742
1304,587969,379,615,541,0.17853375527426385,15.231546211727817
1305,588807,219,53,203,0.24053375527426413,655.8109483685066
1306,589046,359,47,237,0.20803375527426393,34.52535300326414
1307,589425,578,90,221,0.18603375527426413,45.880278987817846
1308,590123,160,52,220,0.1095337552742639,38.01315561749642
1309,590402,100,600,574,0.0779662447257361,652.3955855154142
1310,590761,120,483,653,0.07953375527426365,141.1736519326464
1311,590900,120,499,615,0.09796624472573612,41.23105625617661
1312,591040,160,533,621,0.08303375527426393,34.52535300326414
1313,591259,219,556,609,0.05996624472573586,25.942243542145693
1314,591498,100,577,614,0.05603375527426424,21.587033144922902
1315,591618,180,591,604,0.06603375527426403,17.204650534085253
1316,591817,359,639,557,0.10296624472573646,67.17886572427373
1317,592296,120,544,597,0.08553375527426388,103.07764064044152
1318,592515,259,583,616,0.0699662447257361,43.382023926967726
1319,592814,259,475,669,0.06303375527426391,120.30378215168466
1320,593093,299,529,603,0.11103375527426396,85.27602242131137
1321,593492,100,529,602,0.11953375527426369,1.0
1322,593731,100,1061,601,0.09003375527426405,532.0009398487939
1323,594130,100,104,228,0.1980337552742637,1027.121219720438
1324,594270,199,38,220,0.16303375527426356,66.48308055437865
1325,594549,439,473,170,0.11103375527426396,437.86413417862855
1326,595067,199,63,221,0.13753375527426437,413.1597753896185
1327,595286,239,105,226,0.06153375527426386,42.2965719651132
1328,595566,160,301,218,0.033533755274264276,196.16319736382766
1329,595745,678,262,224,0.06603375527426403,39.45883931389772
1330,596463,120,546,204,0.04853375527426396,284.70335438838794
1331,596941,120,1020,448,0.11596624472573591,533.115372128773
1332,597260,100,1034,248,0.08953375527426433,200.48940121612415
1333,597440,199,988,555,0.19896624472573565,310.42712510346126
1334,597799,120,1047,643,0.1039662447257359,105.94810050208545
1335,598317,259,1048,235,0.09903375527426395,408.0012254883556
1336,598616,179,1046,233,0.09696624472573623,2.8284271247461903
1337,598835,259,1110,216,0.06403375527426425,66.21933252457322
1338,599134,379,1098,212,0.05596624472573586,12.649110640673518
1339,599573,100,1114,577,0.10596624472573568,365.3505166275258
1340,599792,100,1035,539,0.06696624472573598,87.66413177577246
1341,599912,159,1014,612,0.11396624472573569,75.96051605933177
1342,600091,179,989,560,0.07146624472573615,57.697486947006624
1343,600351,120,849,689,0.13446624472573587,190.370691021491
1344,600690,100,826,472,0.262466244725736,218.21548982599745
1345,600889,140,861,497,0.07403375527426403,43.01162633521314
1346,601308,259,911,480,0.07653375527426443,52.81098370604357
1347,601587,139,847,512,0.06796624472573587,71.55417527999327
1348,601786,140,840,503,0.0739662447257361,11.40175425099138
1349,602005,179,760,461,0.11403375527426407,90.35485598461214
1350,602225,140,770,427,0.12103375527426419,35.4400902933387
1351,602384,199,842,388,0.13953375527426415,81.88406438373708
1352,602783,100,869,302,0.1730337552742638,90.13878188659973
1353,603381,239,819,388,0.1965337552742641,99.4786409235671
1354,603740,419,842,406,0.13353375527426392,29.206163733020468
1355,604518,120,795,338,0.12303375527426397,82.66196223173026
1356,604697,140,795,341,0.18853375527426408,3.0
1357,605136,140,944,363,0.18703375527426402,150.6154042586614
1358,605614,239,973,371,0.1410337552742642,30.083217912982647
1359,605973,120,1009,417,0.1355337552742637,58.412327466040935
1360,606172,100,1022,418,0.08103375527426371,13.038404810405298
1361,606292,339,895,350,0.096533755274264,144.05901568454507
1362,606691,140,915,377,0.14246624472573588,33.60059523282288
1363,606970,160,816,426,0.09853375527426378,110.46266337545913
1364,607149,179,762,437,0.07503375527426437,55.10898293381942
1365,607588,339,820,531,0.09953375527426411,110.45361017187261
1366,608445,399,700,109,0.21903375527426405,438.7299852984749
1367,609063,100,752,95,0.276033755274264,53.85164807134504
1368,609342,140,309,459,0.18903375527426425,573.3628868352049
1369,609522,199,400,487,0.15753375527426394,95.2102935611481
1370,609741,120,520,601,0.10203375527426362,165.51737068960466
1371,609960,120,387,593,0.14453375527426404,133.24038426843418
1372,610100,180,324,628,0.18153375527426396,72.069410986909
1373,610299,279,331,627,0.14453375527426404,7.0710678118654755
1374,610638,120,386,616,0.08996624472573611,56.089214649520635
1375,610778,538,401,623,0.22146624472573606,16.55294535724685
1376,611356,259,421,622,0.21646624472573572,20.024984394500787
1377,611635,100,467,592,0.14446624472573566,54.91812087098393
1378,611755,160,461,588,0.12696624472573603,7.211102550927978
1379,611934,299,387,630,0.10753375527426412,85.0881895447306
1380,612433,160,452,576,0.45446624472573616,84.50443775329198
1381,612652,219,520,586,0.13446624472573587,68.73136110975832
1382,612891,319,536,572,0.10853375527426401,21.2602916254693
1383,613290,339,457,596,0.1225337552742638,82.56512580987206
1384,613649,239,410,659,0.11996624472573592,78.60025445251433
1385,614147,259,429,674,0.137466244725736,24.20743687382041
1386,614506,160,487,669,0.18096624472573586,58.215118311311535
1387,614706,100,489,669,0.24996624472573625,2.0
1388,614865,319,518,585,0.23246624472573574,88.86506625215557
1389,615204,379,493,641,0.13846624472573632,61.326992425847855
1390,615643,160,506,636,0.07103375527426392,13.92838827718412
1391,615822,439,445,642,0.11703375527426418,61.29437168288782
1392,616340,179,483,626,0.11403375527426363,41.23105625617661
1393,616580,100,478,640,0.029033755274264106,14.866068747318506
1394,616699,159,512,621,0.10953375527426434,38.948684188300895
1395,616978,199,512,619,0.08146624472573594,2.0
1396,617198,100,526,606,0.06303375527426391,19.1049731745428
1397,617317,140,520,626,0.0835337552742641,20.8806130178211
1398,617477,478,527,618,0.1559662447257364,10.63014581273465
1399,618075,120,523,565,0.09353375527426389,53.150729063673246
1400,618254,219,568,561,0.0510337552742639,45.17742799230607
1401,618494,160,585,564,0.09203375527426383,17.26267650163207
1402,618673,180,630,564,0.08253375527426376,45.0
1403,618992,199,574,544,0.11803375527426363,59.464274989274024
1404,619311,439,520,482,0.16453375527426362,82.21921916437786
1405,619770,179,571,556,0.1360337552742643,89.87213138676528
1406,619969,100,565,554,0.12903375527426375,6.324555320336759
1407,620109,140,540,557,0.052533755274263516,25.179356624028344
1408,620388,159,490,472,0.16553375527426395,98.6154146165801
1409,620567,279,523,462,0.1915337552742642,34.48187929913333
1410,620886,259,591,481,0.19453375527426386,70.60453243241541
1411,621165,100,467,457,0.1800337552742639,126.30122723077555
1412,621305,239,485,391,0.17753375527426396,68.41052550594829
1413,621564,279,480,386,0.1355337552742637,7.0710678118654755
1414,621863,100,473,513,0.16653375527426384,127.1927670899568
1415,621983,100,491,485,0.15203375527426433,33.28663395418648
1416,622102,259,529,481,0.14803375527426388,38.2099463490856
1417,622461,299,479,365,0.11253375527426401,126.31706139710502
1418,622940,140,1117,443,0.06596624472573565,642.7503403344101
1419,623159,339,1013,380,0.16853375527426406,121.59358535712317
1420,623558,179,1179,687,0.10303375527426395,349.0057306119772
1421,624415,140,757,477,0.14696624472573605,471.3639782588398
1422,624754,219,669,553,0.20746624472573583,116.27553482998907
1423,625153,179,722,594,0.24196624472573625,67.00746227100382
1424,625352,140,789,489,0.2469662447257357,124.55520864259351
1425,625771,160,731,625,0.23096624472573568,147.85127662620977
1426,625990,239,772,391,0.15096624472573605,237.56472802164888
1427,626389,100,755,559,0.2599662447257365,168.8579284487406
1428,626668,199,773,501,0.10846624472573607,60.728905802755904
1429,627047,180,831,514,0.06303375527426391,59.43904440685432
1430,627246,299,859,524,0.1890337552742638,29.732137494637012
1431,627844,100,707,585,0.23003375527426373,163.783393541592
1432,628044,399,685,491,0.24653375527426347,96.54014708917737
1433,628542,179,773,649,0.24803375527426397,180.8535318980528
1434,628762,199,779,523,0.23103375527426406,126.14277624977183
1435,628981,140,746,489,0.23803375527426374,47.38143096192854
1436,629380,180,828,508,0.15853375527426428,84.17244204607586
1437,629579,239,875,486,0.2150337552742636,51.894122981316485
1438,629838,100,818,501,0.14803375527426388,58.9406481131655
1439,629978,100,730,628,0.08746624472573616,154.50889942006577
1440,630357,259,880,551,0.09053375527426377,168.60901518009052
1441,630855,160,802,655,0.0729662447257362,130.0
1442,631234,140,832,674,0.06953375527426386,35.510561809129406
1443,631453,160,807,579,0.39196624472573616,98.2344135219425
1444,631652,100,711,631,0.14503375527426376,109.17875251164945
1445,632111,100,685,703,0.10596624472573568,76.55063683601855
1446,632470,180,825,646,0.12053375527426402,151.15885683611134
1447,632829,140,658,258,0.10153375527426389,422.4133047147071
1448,633228,180,656,190,0.23153375527426379,68.0294054067798
1449,633447,259,287,460,0.213533755274264,457.23188865169936
1450,633925,100,428,499,0.1315337552742637,146.2942240828393
1451,634484,279,488,365,0.25153375527426425,146.81961721786362
1452,634783,219,489,485,0.23653375527426368,120.00416659433121
1453,635142,100,530,482,0.17253375527426407,41.10960958218893
1454,635540,159,515,467,0.21803375527426416,21.213203435596427
1455,636338,279,822,704,0.17246624472573613,387.837594877031
1456,636657,180,836,692,0.2184662447257364,18.439088914585774
1457,636856,180,845,699,0.17596624472573597,11.40175425099138
1458,637056,379,812,733,0.15896624472573606,47.38143096192854
1459,637474,139,837,723,0.2149662447257361,26.92582403567252
1460,637674,140,796,726,0.3609662447257356,41.10960958218893
1461,638072,259,836,713,0.23846624472573597,42.05948168962618
1462,638351,479,829,707,0.24596624472573625,9.219544457292887
1463,638850,259,857,703,0.22446624472573573,28.284271247461902
1464,639887,339,835,692,0.165466244725736,24.596747752497688
1465,641183,179,804,731,0.15446624472573633,49.8196748283246
1466,641502,120,777,725,0.13646624472573565,27.65863337187866
1467,641641,180,784,655,0.0649662447257362,70.34912934784623
1468,641980,139,777,707,0.06303375527426391,52.46903848937962
1469,642180,239,784,715,0.09003375527426405,10.63014581273465
1470,642538,319,791,781,0.09446624472573628,66.37017402418047
1471,642877,139,782,794,0.09296624472573578,15.811388300841896
1472,643037,100,786,789,0.12296624472573603,6.4031242374328485
1473,643156,199,735,774,0.12696624472573648,53.16013544000805
1474,643376,359,775,810,0.16996624472573574,53.81449618829484
1475,643894,120,846,816,0.13296624472573582,71.25307010929424
1476,644054,180,960,741,0.1544662447257359,136.4587849865299
1477,644253,399,900,745,0.18046624472573614,60.13318551349163
1478,644871,239,851,631,0.22146624472573562,124.08464852672147
1479,645629,180,691,680,0.1364662447257361,167.3349933516597
1480,645928,120,673,681,0.10796624472573546,18.027756377319946
1481,646227,140,714,723,0.07096624472573643,58.69412236331676
1482,646566,239,731,684,0.13446624472573587,42.5440947723653
1483,647044,100,722,715,0.11846624472573586,32.28002478313795
1484,647244,100,796,650,0.19046624472573592,98.49365461794989
1485,647941,100,675,732,0.10446624472573607,146.16771189288008
1486,648061,140,665,749,0.04996624472573652,19.72308292331602
1487,648280,120,750,707,0.08496624472573622,94.81033698917012
1488,648420,179,745,705,0.050033755274264013,5.385164807134504
1489,648859,279,785,630,0.10353375527426367,85.0
1490,649676,279,734,727,0.18396624472573597,109.59014554237986
1491,650115,199,772,640,0.16196624472573573,94.93682109698007
1492,650434,199,809,611,0.13496624472573604,47.01063709417264
1493,651092,100,746,712,0.15296624472573628,119.03780911962384
1494,651231,179,750,716,0.153466244725736,5.656854249492381
1495,651430,120,761,723,0.06253375527426375,13.038404810405298
1496,651789,199,751,705,0.06603375527426403,20.591260281974
1497,652068,140,814,715,0.0729662447257362,63.788713735268246
1498,652368,179,766,721,0.207966244725736,48.373546489791295
1499,652667,199,741,703,0.11346624472573597,30.805843601498726
1500,652886,399,722,639,0.1504662447257359,66.76076692189807
1501,653484,618,722,633,0.10846624472573607,6.0
1502,654302,199,717,641,0.0705337552742642,9.433981132056603
1503,654860,199,744,705,0.1364662447257361,69.46221994724903
1504,655558,140,754,719,0.082966244725736,17.204650534085253
1505,655896,239,773,709,0.05896624472573597,21.470910553583888
1506,656176,120,785,707,0.07896624472573599,12.165525060596439
1507,656315,219,771,704,0.10696624472573601,14.317821063276353
1508,656554,120,772,703,0.2004662447257357,1.4142135623730951
1509,656694,239,772,716,0.18196624472573575,13.0
1510,657013,140,824,690,0.13796624472573615,58.137767414994535
1511,658448,179,854,651,0.0650337552742637,49.20365840057018
1512,658688,100,700,676,0.13103375527426397,156.01602481796542
1513,658847,100,719,679,0.12346624472573575,19.235384061671343
1514,658987,180,719,668,0.17953375527426418,11.0
1515,659286,160,753,658,0.104533755274264,35.4400902933387
1516,659545,279,769,739,0.09803375527426406,82.56512580987206
1517,660103,120,683,679,0.1825337552742643,104.86181383134664
1518,660342,180,720,688,0.10996624472573613,38.07886552931954
1519,660542,120,804,639,0.0560337552742638,97.24710792614863
1520,660881,100,850,643,0.13703375527426376,46.17358552246078
1521,661260,219,855,623,0.1995337552742642,20.615528128088304
1522,661559,100,826,619,0.16903375527426379,29.274562336608895
1523,661678,140,838,620,0.19203375527426436,12.041594578792296
1524,661858,159,856,621,0.24353375527426424,18.027756377319946
1525,662037,100,765,600,0.20153375527426398,93.39164844888434
1526,662237,219,797,624,0.23653375527426368,40.0
1527,662655,120,777,628,0.1380337552742641,20.396078054371138
1528,663094,199,750,563,0.22003375527426394,70.3846574190711
1529,663752,120,786,554,0.342533755274264,37.107950630558946
1530,664350,159,836,544,0.2860337552742638,50.99019513592785
1531,664629,140,861,567,0.22003375527426394,33.97057550292606
1532,665008,120,688,557,0.100533755274264,173.2887763243771
1533,665785,180,876,712,0.06453375527426397,243.65754656894993
1534,665985,239,877,734,0.07903375527426393,22.02271554554524
1535,666404,259,829,534,0.1840337552742639,205.67936211491906
1536,666702,259,820,531,0.14403375527426387,9.486832980505138
1537,667181,239,864,524,0.1500337552742641,44.553338819890925
1538,667540,140,667,580,0.24203375527426418,204.80478510034868
1539,667699,120,649,552,0.2005337552742641,33.28663395418648
1540,667839,339,641,545,0.3040337552742636,10.63014581273465
1541,668198,219,630,602,0.27203375527426354,58.05170109479997
1542,668995,100,668,582,0.16753375527426373,42.941821107167776
1543,669294,219,656,628,0.19396624472573576,47.53945729601885
1544,669594,239,783,634,0.14053375527426404,127.1416532848303
1545,669932,139,701,645,0.10153375527426389,82.73451516749222
1546,670491,120,704,646,0.2764662447257362,3.1622776601683795
1547,670690,179,592,261,0.1540337552742641,400.96009776535124
1548,670929,140,598,232,0.14403375527426432,29.614185789921695
1549,671089,319,600,219,0.2545337552742639,13.152946437965905
1550,671787,139,436,497,0.09953375527426411,322.7692674341843
1551,671966,399,506,455,0.20753375527426376,81.6333265278342
1552,672385,159,574,477,0.2435337552742638,71.47027354082255
1553,672584,199,517,473,0.2165337552742641,57.14017850864661
1554,672843,279,616,472,0.159033755274264,99.00505037623081
1555,673282,140,888,614,0.033466244725735894,306.8354607929142
1556,674000,339,820,532,0.07703375527426415,106.5269918846862
1557,674378,160,875,504,0.12553375527426391,61.71709649683789
1558,674578,160,820,570,0.12053375527426402,85.9127464349732
1559,675116,120,809,658,0.14346624472573577,88.68483523128404
1560,675355,199,799,694,0.12096624472573625,37.36308338453881
1561,675834,199,817,555,0.489966244725736,140.1606221447379
1562,676053,179,792,546,0.4219662447257355,26.570660511172846
1563,676572,140,846,543,0.2604662447257362,54.08326913195984
1564,676751,698,759,815,0.30596624472573586,285.5748588373984
1565,677469,439,812,709,0.30496624472573597,118.51160280748886
1566,677927,140,834,660,0.1924662447257357,53.71219600798314
1567,678466,140,813,526,0.16296624472573606,135.63554106501732
1568,678625,279,810,531,0.11096624472573602,5.830951894845301
1569,678924,199,819,604,0.22696624472573612,73.55270219373317
1570,679323,179,747,504,0.14996624472573616,123.2233744059949
1571,679762,140,827,658,0.09396624472573611,173.5396208362805
1572,680120,219,819,689,0.20246624472573593,32.01562118716424
1573,680360,159,797,707,0.1664662447257359,28.42534080710379
1574,680818,199,786,692,0.29296624472573596,18.601075237738275
1575,681038,100,780,690,0.23096624472573568,6.324555320336759
1576,681576,179,688,718,0.4869662447257359,96.16652224137046
1577,681775,598,783,753,0.2684662447257362,101.24228365658294
1578,682493,159,679,672,0.1379662447257357,131.82184947875675
1579,682692,120,650,649,0.10103375527426417,37.013511046643494
1580,682832,219,660,657,0.08203375527426404,12.806248474865697
1581,683889,179,656,615,0.06953375527426386,42.190046219457976
1582,684367,180,631,614,0.1175337552742639,25.019992006393608
1583,684706,140,650,585,0.16903375527426423,34.66987164671943
1584,684965,319,647,569,0.19453375527426386,16.278820596099706
1585,685324,160,644,558,0.11253375527426401,11.40175425099138
1586,685783,159,647,563,0.11603375527426385,5.830951894845301
1587,685982,219,686,517,0.21103375527426405,60.30754513325841
1588,686500,120,635,659,0.07653375527426398,150.88074761214565
1589,686660,419,649,664,0.11546624472573574,14.866068747318506
1590,687178,180,702,646,0.07646624472573604,55.97320787662612
1591,687378,120,716,659,0.16896624472573585,19.1049731745428
1592,687517,219,720,729,0.14396624472573594,70.11419257183242
1593,687757,120,719,706,0.15946624472573578,23.021728866442675
1594,688753,100,762,591,0.14153375527426393,122.77621919573839
1595,689072,159,729,585,0.21403375527426416,33.54101966249684
1596,689272,319,745,501,0.20553375527426399,85.5102333057278
1597,689611,319,736,491,0.2450337552742643,13.45362404707371
1598,690109,120,706,493,0.2445337552742637,30.066592756745816
1599,690548,120,750,488,0.2240337552742644,44.28317965096906
1600,690867,120,728,508,0.27003375527426376,29.732137494637012
1601,691046,199,823,521,0.26203375527426376,95.88534820294495
1602,691285,160,777,409,0.268033755274264,121.07848694132248
1603,691465,199,829,426,0.3535337552742641,54.70831746635972
1604,691684,239,861,452,0.24503375527426385,41.23105625617661
1605,692382,299,737,602,0.21003375527426416,194.6175737183053
1606,692741,139,699,603,0.19503375527426403,38.01315561749642
1607,692980,140,687,585,0.18353375527426374,21.633307652783937
1608,693638,120,777,646,0.15703375527426422,108.72442227944924
1609,693778,239,790,652,0.1760337552742639,14.317821063276353
1610,694236,100,712,650,0.2035337552742642,78.02563681252464
1611,694356,159,715,673,0.1320337552742643,23.194827009486403
1612,694735,100,741,610,0.11503375527426352,68.15423684555495
1613,695333,140,780,657,0.1695337552742644,61.07372593840988
1614,695512,120,819,654,0.15253375527426405,39.11521443121589
1615,695652,159,810,669,0.11353375527426435,17.4928556845359
1616,695971,139,850,665,0.09396624472573611,40.19950248448356
1617,696130,299,855,689,0.0915337552742641,24.515301344262525
1618,696689,139,858,599,0.04453375527426395,90.0499861188218
1619,697187,239,813,781,0.12103375527426374,187.48066566982314
1620,697785,459,874,707,0.13653375527426403,95.90099061010788
1621,698463,259,810,786,0.10696624472573601,101.67103815738285
1622,698762,140,858,688,0.16296624472573606,109.12378292562992
1623,698922,140,847,700,0.19796624472573576,16.278820596099706
1624,699161,718,816,769,0.25096624472573614,75.64390259630977
1625,700038,399,829,766,0.23146624472573585,13.341664064126334
1626,700477,179,725,821,0.30996624472573586,117.64777940955791
1627,700676,339,795,851,0.2149662447257361,76.15773105863909
1628,701035,199,930,815,0.14096624472573627,139.71757226634023
1629,701254,399,901,811,0.2419662447257358,29.274562336608895
1630,701832,179,785,727,0.15996624472573595,143.22011031974526
1631,702072,140,761,697,0.223966244725736,38.41874542459709
1632,702351,219,782,685,0.11196624472573591,24.186773244895647
1633,702610,120,801,679,0.08946624472573594,19.924858845171276
1634,702750,179,786,691,0.19696624472573587,19.209372712298546
1635,703029,100,801,698,0.18696624472573609,16.55294535724685
1636,703846,140,640,259,0.18953375527426397,467.5917022360427
1637,704046,279,639,250,0.3125337552742642,9.055385138137417
1638,704524,478,487,407,0.3340337552742638,218.52459815773602
1639,705022,179,484,359,0.2810337552742639,48.093658625644196
1640,705222,219,487,353,0.3630337552742642,6.708203932499369
1641,705541,100,508,442,0.3380337552742638,91.44397191723465
1642,705880,160,584,485,0.13903375527426398,87.32124598286491
1643,706119,180,447,489,0.14203375527426365,137.05838172107534
1644,706558,199,408,507,0.049966244725736075,42.95346318982906
1645,706956,100,534,454,0.07496624472573599,136.69308687713507
1646,707415,299,887,799,0.3514662447257355,493.592949706537
1647,707734,160,850,807,0.3509662447257358,37.8549864614954
1648,707933,140,849,812,0.3229662447257362,5.0990195135927845
1649,708252,100,813,792,0.6544662447257363,41.182520563948
1650,708372,339,798,764,0.30096624472573597,31.76476034853718
1651,708731,379,751,760,0.29796624472573585,47.16990566028302
1652,709229,179,853,743,0.153466244725736,103.40696301506973
1653,709429,299,876,742,0.1744662447257359,23.021728866442675
1654,709867,180,813,665,0.1265337552742638,99.48869282486326
1655,710725,139,770,855,0.07646624472573604,194.80503073586164
1656,710884,179,741,844,0.10646624472573629,31.016124838541646
1657,711123,319,825,839,0.1689662447257363,84.1486779456457
1658,711462,199,826,843,0.18096624472573586,4.123105625617661
1659,711682,179,829,840,0.10696624472573601,4.242640687119285
1660,711881,120,830,834,0.18246624472573592,6.082762530298219
1661,712020,738,793,844,0.203966244725736,38.3275357934736
1662,712838,359,825,807,0.18596624472573575,48.91829923454004
1663,713416,120,724,671,0.141466244725736,169.4018890095385
1664,713615,479,729,662,0.15853375527426428,10.295630140987
1665,714114,179,727,665,0.14303375527426399,3.605551275463989
1666,714313,219,743,645,0.16553375527426395,25.612496949731394
1667,714553,279,736,652,0.21103375527426405,9.899494936611665
1668,714931,319,707,589,0.17553375527426374,69.35416353759881
1669,715609,100,779,580,0.253533755274264,72.56031973468694
1670,715809,199,845,564,0.16753375527426417,67.91170738539859
1671,716108,100,663,595,0.19603375527426392,184.6212338816963
1672,716407,179,862,710,0.24203375527426418,229.83907413666634
1673,716626,279,791,582,0.17153375527426418,146.37281168304446
1674,716945,100,794,574,0.11296624472573624,8.54400374531753
1675,717065,259,800,568,0.155033755274264,8.48528137423857
1676,717404,199,849,760,0.13753375527426392,198.15398053029367
1677,717703,100,781,573,0.0470337552742639,198.97989848223364
1678,717942,179,840,578,0.06853375527426397,59.21148537234985
1679,718141,100,805,578,0.09753375527426433,35.0
1680,718361,140,847,581,0.2245337552742641,42.1070065428546
1681,718640,180,754,569,0.2610337552742643,93.7709976485267
1682,718839,160,761,586,0.19103375527426403,18.384776310850235
1683,719258,120,731,773,0.20553375527426399,189.39112967612817
1684,719417,159,750,745,0.163033755274264,33.83784863137726
1685,719597,239,795,747,0.1475337552742637,45.044422518220834
1686,720016,259,845,739,0.15353375527426394,50.635955604688654
1687,720314,199,923,728,0.15503375527426444,78.77182237323191
1688,720653,120,842,728,0.21303375527426383,81.0
1689,720933,259,676,739,0.1965337552742641,166.3640586184408
1690,721272,259,771,746,0.24903375527426386,95.25754563287887
1691,721750,120,768,754,0.1355337552742637,8.54400374531753
1692,721929,140,746,712,0.1825337552742643,47.41307836451879
1693,722229,100,811,647,0.2060337552742637,91.92388155425118
1694,722428,140,811,629,0.3125337552742642,18.0
1695,722647,239,764,638,0.2915337552742643,47.853944456021594
1696,722966,498,921,782,0.21053375527426388,213.03755537463343
1697,723883,140,927,779,0.213533755274264,6.708203932499369
1698,724103,498,929,778,0.16903375527426379,2.23606797749979
1699,724621,179,951,777,0.14403375527426387,22.02271554554524
1700,725000,100,796,635,0.16303375527426445,210.21179795625173
1701,725299,319,783,634,0.24203375527426418,13.038404810405298
1702,725698,199,823,628,0.26853375527426415,40.44749683231337
1703,726635,140,785,652,0.19503375527426403,44.94441010848846
1704,726794,160,777,633,0.175033755274264,20.615528128088304
1705,726974,279,740,554,0.17953375527426418,87.23531395025755
1706,727273,120,791,543,0.14803375527426432,52.172789842982326
1707,727532,319,756,532,0.3045337552742642,36.68787265568828
1708,727891,100,811,531,0.3260337552742638,55.00909015790027
1709,728608,239,813,523,0.1970337552742638,8.246211251235321
1710,728868,100,814,542,0.23503375527426407,19.026297590440446
1711,728987,219,863,524,0.2895337552742636,52.20153254455275
1712,729326,379,789,534,0.27953375527426383,74.67261881037788
1713,729725,239,803,541,0.253533755274264,15.652475842498529
1714,729984,100,816,546,0.2725337552742637,13.92838827718412
1715,730104,100,822,545,0.2835337552742643,6.082762530298219
1716,730223,140,817,554,0.30553375527426363,10.295630140987
1717,731001,100,880,779,0.2005337552742641,233.65358974344906
1718,731699,159,787,581,0.24603375527426374,218.7532856896097
1719,732018,120,816,553,0.24903375527426386,40.311288741492746
1720,732496,100,748,632,0.155033755274264,104.23531071570709
1721,732616,179,747,657,0.22003375527426394,25.019992006393608
1722,732915,259,739,652,0.22103375527426383,9.433981132056603
1723,733254,179,762,703,0.18953375527426397,55.94640292279746
1724,733653,499,751,654,0.21203375527426394,50.21951811795888
1725,734171,100,747,646,0.19453375527426386,8.94427190999916
1726,734291,140,784,636,0.14503375527426376,38.3275357934736
1727,734550,120,738,663,0.12703375527426397,53.33854141237835
1728,734849,199,780,632,0.18853375527426408,52.20153254455275
1729,735666,259,642,703,0.2270337552742645,155.1934276958918
1730,735946,219,643,687,0.3720337552742641,16.0312195418814
1731,736185,100,794,629,0.37103375527426374,161.75598906995685
1732,736304,140,822,602,0.3885337552742638,38.897300677553446
1733,736703,100,617,684,0.21803375527426416,220.79175709251467
1734,736823,160,640,685,0.16903375527426379,23.021728866442675
1735,737042,279,619,696,0.1985337552742643,23.706539182259394
1736,737341,239,692,700,0.19253375527426408,73.10950690573696
1737,737600,140,666,685,0.2490337552742643,30.01666203960727
1738,738059,120,736,698,0.30103375527426435,71.19691004531025
1739,738258,179,819,624,0.19053375527426386,111.19802156513397
1740,738458,140,827,617,0.17853375527426385,10.63014581273465
1741,738757,140,776,631,0.2480337552742644,52.88667128870941
1742,739215,160,803,681,0.13253375527426403,56.824290580701486
1743,739674,199,739,701,0.1940337552742637,67.05221845696084
1744,740092,120,774,750,0.06446624472573648,60.21627686929839
1745,740312,279,781,651,0.17403375527426368,99.24716620639605
1746,740710,359,684,713,0.23403375527426373,115.12167476196652
1747,741089,100,672,739,0.17453375527426385,28.635642126552707
1748,741229,140,689,758,0.20253375527426387,25.495097567963924
1749,741707,100,681,741,0.10353375527426367,18.788294228055936
1750,741827,100,692,741,0.11946624472573575,11.0
1751,741947,219,711,762,0.21746624472573606,28.319604517012593
1752,742186,100,718,756,0.137466244725736,9.219544457292887
1753,742346,120,693,758,0.1175337552742639,25.079872407968907
1754,742485,180,744,759,0.10346624472573573,51.0098029794274
1755,743083,139,872,780,0.1380337552742641,129.71121771072848
1756,743482,239,849,742,0.092533755274264,44.41846462902562
1757,743801,120,733,858,0.1330337552742642,164.04877323527901
1758,743940,120,778,876,0.1405337552742636,48.46648326421054
1759,744080,100,768,874,0.1305337552742638,10.198039027185569
1760,744200,259,727,808,0.14853375527426405,77.69813382572325
1761,744698,319,737,769,0.17953375527426418,40.26164427839479
1762,745037,359,743,776,0.2809662447257355,9.219544457292887
1763,745416,239,850,748,0.1624662447257359,110.60289327137876
1764,745675,100,863,749,0.14246624472573632,13.038404810405298
1765,745814,379,870,747,0.10596624472573568,7.280109889280518
1766,746313,279,879,740,0.1169662447257358,11.40175425099138
1767,746612,100,831,742,0.12303375527426397,48.041648597857254
1768,746911,100,762,869,0.31846624472573604,144.53373308677806
1769,747529,140,720,719,0.13853375527426381,155.76905982896602
1770,747788,160,713,716,0.11653375527426357,7.615773105863909
1771,748167,180,709,683,0.16653375527426428,33.24154027718932
1772,748426,379,725,668,0.20403375527426393,21.93171219946131
1773,748825,140,702,688,0.20553375527426399,30.479501308256342
1774,749004,100,699,680,0.21953375527426378,8.54400374531753
1775,749124,140,703,678,0.25303375527426386,4.47213595499958
1776,749463,120,677,747,0.14753375527426416,73.7360156233031
1777,749682,159,766,734,0.2110337552742636,89.94442728707543
1778,749862,100,796,714,0.33003375527426426,36.05551275463989
1779,750121,319,864,746,0.2660337552742642,75.15317691222374
1780,750580,199,920,730,0.09753375527426389,58.240879114244144
1781,750819,618,795,747,0.3639662447257366,126.15070352558483
1782,751576,618,777,750,0.25146624472573587,18.24828759089466
1783,752354,100,882,761,0.12703375527426397,105.57461816175325
1784,752474,419,907,777,0.16903375527426423,29.68164415931166
1785,752912,179,944,781,0.15953375527426372,37.21558813185679
1786,753112,279,945,784,0.20153375527426354,3.1622776601683795
1787,753610,140,825,658,0.27403375527426377,174.0
1788,753849,120,770,624,0.21553375527426377,64.66065264130884
1789,754348,319,874,790,0.2500337552742642,195.88772294352702
1790,754766,259,916,783,0.2100337552742637,42.579337712087536
1791,755145,120,913,779,0.1339662447257357,5.0
1792,755285,259,873,774,0.41546624472573646,40.311288741492746
1793,755584,199,857,722,0.23246624472573574,54.405882034941776
1794,755803,140,655,717,0.12953375527426392,202.06187171260194
1795,756242,120,726,695,0.22003375527426394,74.33034373659252
1796,756601,259,1014,799,0.2475337552742638,306.2025473440742
1797,756900,180,1004,788,0.26103375527426387,14.866068747318506
1798,757099,160,977,690,0.1900337552742637,101.65136496870073
1799,757338,279,972,678,0.20903375527426382,13.0
1800,757737,120,1017,717,0.268033755274264,59.54829972383762
1801,757877,160,1017,726,0.2115337552742642,9.0
1802,758056,100,1018,715,0.1745337552742643,11.045361017187261
1803,758335,199,925,878,0.17553375527426418,187.66459442313567
1804,758574,279,867,878,0.11253375527426401,58.0
1805,758993,319,952,874,0.1825337552742643,85.09406559801923
1806,759332,179,929,871,0.11403375527426363,23.194827009486403
1807,759691,159,986,838,0.20503375527426426,65.86349520030045
1808,760249,120,1026,746,0.07353375527426431,100.31948963187563
1809,760389,339,1024,847,0.11603375527426385,101.01980003939822
1810,760748,239,999,787,0.12853375527426403,65.0
1811,761047,140,1025,789,0.10496624472573624,26.076809620810597
1812,761206,160,1043,772,0.11546624472573574,24.758836806279895
1813,761406,259,1021,774,0.09946624472573573,22.090722034374522
1814,761685,1117,992,739,0.24896624472573636,45.45327270945405
1815,762821,100,993,741,0.20246624472573593,2.23606797749979
1816,762981,199,1020,778,0.16796624472573596,45.803929962395145
1817,763200,160,948,728,0.215966244725736,87.65842800324451
1818,763419,578,993,729,0.19046624472573592,45.0111097397076
1819,764037,419,976,717,0.22696624472573612,20.808652046684813
1820,764576,399,907,756,0.19196624472573598,79.25906888173743
1821,765074,179,1010,699,0.16496624472573584,117.72000679578642
1822,765274,120,1005,695,0.17746624472573602,6.4031242374328485
1823,765413,140,1068,687,0.11046624472573585,63.50590523722971
1824,765573,120,966,654,0.17346624472573557,107.20541031123382
1825,765712,140,994,617,0.08646624472573583,46.400431032480725
1826,765991,857,916,682,0.16696624472573562,101.53324578678651
1827,766888,459,913,673,0.10803375527426384,9.486832980505138
1828,767407,299,855,667,0.09646624472573606,58.309518948453004
1829,767905,160,980,581,0.18703375527426358,151.72672803431834
1830,768105,100,983,570,0.22603375527426417,11.40175425099138
1831,768304,139,871,573,0.24953375527426402,112.04017136723775
1832,768683,100,1040,675,0.2730337552742639,197.39554199626699
1833,769022,259,882,862,0.16253375527426384,244.8121728999602
1834,769301,279,889,883,0.08903375527426372,22.135943621178654
1835,769819,160,822,702,0.1559662447257364,193.00259065618783
1836,769999,160,814,709,0.08346624472573616,10.63014581273465
1837,770218,120,796,676,0.12346624472573575,37.589892258425
1838,770617,478,812,668,0.18703375527426358,17.88854381999832
1839,771135,139,826,714,0.13953375527426415,48.08326112068523
1840,771295,119,824,736,0.10096624472573623,22.090722034374522
1841,771434,140,827,740,0.10946624472573596,5.0
1842,771654,279,874,751,0.11653375527426357,48.27007354458868
1843,771953,120,862,743,0.0779662447257361,14.422205101855956
1844,772152,478,861,757,0.26096624472573593,14.035668847618199
1845,772690,179,853,745,0.16796624472573596,14.422205101855956
1846,772890,479,857,735,0.30546624472573614,10.770329614269007
1847,773408,259,770,756,0.36546624472573663,89.49860334105779
1848,774365,259,783,772,0.25546624472573587,20.615528128088304
1849,774644,239,785,769,0.16096624472573628,3.605551275463989
1850,774903,139,789,760,0.15246624472573567,9.848857801796104
1851,775202,738,748,774,0.25646624472573576,43.32435804486894
1852,775980,179,739,784,0.1664662447257359,13.45362404707371
1853,776179,140,746,775,0.12796624472573592,11.40175425099138
1854,776339,179,741,711,0.10596624472573613,64.19501538281614
1855,776538,140,743,697,0.11396624472573613,14.142135623730951
1856,776718,120,693,748,0.09903375527426395,71.42128534267638
1857,776937,180,728,668,0.1275337552742637,87.32124598286491
1858,777136,638,726,668,0.14503375527426376,2.0
1859,777954,160,721,665,0.13753375527426437,5.830951894845301
1860,778233,139,718,670,0.10946624472573596,5.830951894845301
1861,778851,160,788,773,0.449966244725736,124.53513560437472
1862,779150,180,855,753,0.15446624472573633,69.92138442565336
1863,779349,159,845,750,0.12196624472573614,10.44030650891055
1864,779788,399,755,773,0.23496624472573613,92.89241088485109
1865,780207,299,756,781,0.23546624472573585,8.06225774829855
1866,780526,239,753,784,0.16196624472573617,4.242640687119285
1867,781024,140,834,730,0.14896624472573583,97.3498844375277
1868,781244,319,859,799,0.11596624472573591,73.38937252763509
1869,781602,299,788,770,0.09703375527426372,76.69419795525604
1870,782021,140,857,795,0.08796624472573589,73.38937252763509
1871,782181,299,848,794,0.14396624472573594,9.055385138137417
1872,782500,299,852,795,0.11403375527426407,4.123105625617661
1873,782819,100,851,792,0.09553375527426367,3.1622776601683795
1874,782938,120,807,703,0.11653375527426357,99.28242543370907
1875,783078,319,818,717,0.11003375527426407,17.804493814764857
1876,783417,139,812,721,0.11253375527426357,7.211102550927978
1877,783875,399,815,729,0.10346624472573618,8.54400374531753
1878,784394,219,807,732,0.20496624472573588,8.54400374531753
1879,784633,120,814,729,0.207966244725736,7.615773105863909
1880,784932,120,802,725,0.161466244725736,12.649110640673518
1881,785231,120,808,765,0.23896624472573613,40.44749683231337
1883,787324,179,931,766,0.11903375527426396,123.00406497347964
1884,787524,139,891,767,0.15953375527426372,40.01249804748511
1885,787683,419,880,783,0.11903375527426396,19.4164878389476
1886,788142,538,829,779,0.1624662447257359,51.15662224971465
1887,788720,279,850,786,0.18846624472573614,22.135943621178654
1888,789278,120,774,804,0.35296624472573646,78.10249675906654
1889,789617,239,869,785,0.09196624472573633,96.88137075826292
1890,789896,498,865,783,0.11396624472573569,4.47213595499958
1891,790534,259,774,794,0.09746624472573595,91.6624241442479
1892,790813,199,805,767,0.094966244725736,41.10960958218893
1893,791033,239,796,804,0.11796624472573614,38.07886552931954
1894,791412,100,846,800,0.0729662447257362,50.15974481593781
1895,791571,160,852,791,0.12053375527426402,10.816653826391969
1896,791790,498,776,787,0.16503375527426423,76.10519036176179
1897,792428,638,782,786,0.21103375527426405,6.082762530298219
1898,793106,459,719,812,0.23203375527426395,68.15423684555495
1899,793964,339,855,698,0.3680337552742641,177.45985461506498
1900,794582,120,908,726,0.4765337552742639,59.941638282582836
1901,795040,159,772,705,0.3260337552742638,137.6117727521886
1902,795339,459,712,823,0.312033755274264,132.3782459469833
1903,795838,140,787,822,0.19253375527426408,75.0066663703967
1904,796097,319,869,846,0.217533755274264,85.44003745317531
1905,796615,199,674,821,0.08503375527426416,196.596032513375
1906,796835,339,722,819,0.18896624472573587,48.041648597857254
1907,797293,180,587,851,0.07903375527426393,138.74076545846214
1908,797512,160,651,830,0.054533755274264184,67.35725647619564
1909,797732,259,709,830,0.16896624472573585,58.0
1910,798011,199,775,876,0.14096624472573582,80.44874144447506
1911,798230,140,713,878,0.0999662447257359,62.03224967708329
1912,798390,120,765,853,0.08046624472573649,57.697486947006624
1913,798529,259,799,855,0.08896624472573622,34.058772731852805
1914,798808,359,741,891,0.0600337552742638,68.26419266350405
1915,799187,319,721,839,0.16903375527426379,55.71355310873648
1916,799526,239,733,884,0.08003375527426426,46.57252408878007
1917,799785,279,765,903,0.10153375527426389,37.21558813185679
1918,800084,199,806,900,0.104533755274264,41.10960958218893
1919,800304,479,759,898,0.08946624472573594,47.042533945356304
1920,800982,817,687,740,0.18896624472573587,173.63179432350518
1921,801879,299,755,893,0.16996624472573574,167.4305826305338
1922,802198,100,736,896,0.049033755274264124,19.235384061671343
1923,802317,379,702,826,0.13853375527426381,77.82030583337487
1924,802796,279,814,844,0.19003375527426414,113.43720729989786
1925,803195,259,743,859,0.1345337552742638,72.56721022610694
1926,803474,439,759,830,0.11703375527426418,33.12099032335839
1927,803972,119,694,816,0.08153375527426387,66.49060083951716
1928,804192,120,815,790,0.26496624472573593,123.76186811776881
1929,804431,658,863,854,0.13103375527426397,80.0
1930,805109,259,846,836,0.14596624472573572,24.758836806279895
1931,805388,199,847,845,0.13146624472573576,9.055385138137417
1932,805986,140,713,727,0.1450337552742642,178.54971296532514
1933,806185,179,769,707,0.21253375527426366,59.464274989274024
1934,806444,339,776,708,0.25553375527426425,7.0710678118654755
1935,806923,239,839,709,0.20203375527426415,63.00793600809346
1936,807182,299,802,706,0.20903375527426382,37.12142238654117
1937,807521,439,809,711,0.19603375527426392,8.602325267042627
1938,807980,100,696,720,0.23303375527426384,113.35784048754634
1939,808179,219,776,712,0.1850337552742638,80.39900496896712
1940,808418,339,774,734,0.18653375527426386,22.090722034374522
1941,808777,219,766,799,0.16603375527426367,65.49045732013177
1942,809036,359,783,780,0.15553375527426416,25.495097567963924
1943,809495,179,780,781,0.15453375527426383,3.1622776601683795
1944,809714,160,853,740,0.14803375527426432,83.72574275573791
1945,809894,179,875,728,0.12303375527426397,25.059928172283335
1946,810093,100,883,732,0.12853375527426403,8.94427190999916
1947,810272,319,844,724,0.24153375527426402,39.81205847478876
1948,810631,160,848,732,0.16003375527426433,8.94427190999916
1949,810831,299,813,718,0.1320337552742643,37.69615364994153
1950,811190,179,822,717,0.13896624472573604,9.055385138137417
1951,811628,279,888,722,0.08853375527426399,66.18912297349165
1952,812067,259,924,620,0.13203375527426386,108.16653826391968
1953,812506,179,820,642,0.1875337552742642,106.30145812734649
1954,812705,120,850,639,0.10153375527426389,30.14962686336267
1955,813084,439,802,760,0.10803375527426384,130.17296186228538
1956,813602,399,956,789,0.14703375527426443,156.70673246545599
1957,814021,379,921,833,0.08403375527426382,56.22277118748239
1958,814479,100,979,729,0.0730337552742637,119.07980517283357
1959,814619,140,964,685,0.0655337552742643,46.486557196677836
1960,814798,120,963,641,0.11903375527426396,44.01136216933077
1961,815137,120,955,631,0.1825337552742634,12.806248474865697
1962,815297,100,1022,632,0.15603375527426389,67.00746227100382
1963,815516,180,976,644,0.17753375527426352,47.53945729601885
1964,815755,199,715,318,0.23203375527426395,417.6086684924057
1965,816034,120,716,321,0.20153375527426398,3.1622776601683795
1966,816373,140,964,746,0.19153375527426375,492.0660524766975
1967,816613,239,468,549,0.08503375527426416,533.689984916337
1968,817091,179,551,414,0.13503375527426398,158.47397262642215
1969,817370,379,517,368,0.24803375527426397,57.201398584300364
1970,817888,160,548,327,0.31403375527426425,51.40038910358559
1971,818128,518,538,262,0.2970337552742639,65.76473218982953
1972,818726,279,598,265,0.330533755274264,60.07495318350236
1973,819025,279,636,289,0.272033755274264,44.94441010848846
1974,819324,180,499,255,0.26453375527426415,141.15594213493105
1975,819523,140,504,255,0.2085337552742641,5.0
1976,819683,180,447,252,0.15453375527426383,57.07889277132134
1977,819922,319,558,269,0.21053375527426388,112.29425630903836
1978,820261,299,609,277,0.19403375527426414,51.62363799656123
1979,820580,219,529,319,0.24303375527426363,90.35485598461214
1980,820819,180,489,399,0.27753375527426405,89.44271909999159
1981,821019,180,567,467,0.2810337552742639,103.47946656221224
1982,821258,140,511,310,0.22803375527426395,166.68833192518306
1983,821437,180,487,431,0.2245337552742641,123.35720489699821
1984,821637,120,474,369,0.20203375527426415,63.34824385884742
1985,821776,658,486,367,0.268033755274264,12.165525060596439
1986,822534,199,527,441,0.17853375527426385,84.59905436823747
1987,822773,120,477,504,0.13703375527426376,80.43009387039157
1988,822913,299,516,482,0.12103375527426374,44.77722635447622
1989,823232,180,590,480,0.09953375527426411,74.02702209328699
1990,823451,439,499,474,0.14953375527426394,91.19758768739445
1991,823930,558,585,549,0.15453375527426383,114.10959644131601
1992,824508,180,627,547,0.159033755274264,42.04759208325728
1993,824707,120,672,550,0.18603375527426413,45.09988913511872
1994,824867,120,667,551,0.10903375527426418,5.0990195135927845
1995,825006,100,656,546,0.15503375527426355,12.083045973594572
1996,825146,299,586,547,0.24603375527426374,70.00714249274856
1997,825465,159,600,547,0.24403375527426396,14.0
1998,825704,120,653,557,0.20403375527426393,53.9351462406472
1999,825943,339,645,581,0.20253375527426387,25.298221281347036
2000,826402,578,550,558,0.2565337552742637,97.74456506629922
2001,827000,399,542,462,0.24353375527426424,96.33275663033837
2002,827439,160,484,382,0.21453375527426433,98.812954616285
2003,827618,359,502,355,0.2655337552742645,32.449961479175904
2004,827997,179,523,424,0.2820337552742642,72.12489168102785
2005,828196,140,484,455,0.27403375527426377,49.8196748283246
2006,828396,140,528,474,0.2790337552742641,47.92702786528704
2007,828794,120,1007,645,0.15153375527426372,508.6079039889176
2008,829034,518,951,745,0.17803375527426413,114.61239025515522
2009,829572,100,859,651,0.1274662447257362,131.52946437965906
2010,829991,160,733,576,0.17546624472573624,146.63219291819925
2011,830389,459,704,588,0.21153375527426377,31.38470965295043
2012,830928,160,687,588,0.15853375527426383,17.0
2013,831167,140,620,628,0.0690337552742637,78.03204469959762
2014,831326,319,603,647,0.08903375527426372,25.495097567963924
2015,831785,100,706,638,0.1275337552742637,103.39245620450265
2016,832004,259,700,648,0.13603375527426387,11.661903789690601
2017,832283,100,726,673,0.06253375527426419,36.069377593742864
2018,832822,139,745,676,0.10253375527426423,19.235384061671343
2019,833181,299,856,691,0.20346624472573582,112.00892821556681
2020,833799,299,877,671,0.21453375527426388,29.0
2021,834138,339,869,683,0.18953375527426397,14.422205101855956
2022,834556,279,829,741,0.163033755274264,70.45565981523414
2023,834855,299,859,739,0.1745337552742643,30.066592756745816
2024,835174,120,790,761,0.18403375527426347,72.42237223399962
2025,835354,120,794,771,0.1855337552742644,10.770329614269007
2026,835872,100,848,746,0.2734662447257361,59.50630218724736
2027,835992,159,850,754,0.11603375527426385,8.246211251235321
2028,836171,120,819,739,0.13903375527426443,34.438350715445125
2029,836311,160,812,744,0.12203375527426408,8.602325267042627
2030,836490,319,842,749,0.08453375527426399,30.4138126514911
2031,836889,120,852,671,0.09503375527426394,78.63841300535
2032,837028,120,845,692,0.06053375527426397,22.135943621178654
2033,837168,100,840,690,0.07403375527426403,5.385164807134504
2034,837387,100,876,678,0.07453375527426376,37.94733192202055
2035,837587,299,878,685,0.11203375527426385,7.280109889280518
2036,837966,100,570,653,0.14453375527426404,309.6578757273905
2037,838105,199,731,698,0.1340337552742641,167.17057157286985
2038,838524,279,799,728,0.13003375527426408,74.32361670424818
2039,838883,259,936,752,0.13253375527426403,139.08630414242805
2040,839421,139,742,571,0.092533755274264,265.32432983049256
2041,839600,140,738,566,0.15453375527426427,6.4031242374328485
2042,839760,140,801,655,0.16353375527426417,109.04127658827184
2043,840079,160,653,644,0.08603375527426405,148.4082207965583
2044,840278,120,657,626,0.07003375527426403,18.439088914585774
2045,840617,359,631,614,0.13453375527426426,28.635642126552707
2046,841016,578,629,616,0.11853375527426424,2.8284271247461903
2047,841853,279,635,607,0.1435337552742637,10.816653826391969
2048,842192,239,592,581,0.17753375527426396,50.24937810560445
2049,842511,239,733,552,0.3555337552742639,143.95138068111746
2050,842771,100,698,536,0.3235337552742643,38.48376280978771
2051,842890,339,552,545,0.318533755274264,146.27713423498562
2052,843249,479,607,539,0.26503375527426387,55.326304774492215
2053,843747,219,549,492,0.2550337552742641,74.65252842335616
2054,843987,100,632,503,0.22403375527426395,83.72574275573791
2055,844266,100,697,702,0.19353375527426397,209.34660255184463
2056,844445,319,617,670,0.16903375527426423,86.16263691415206
2057,844784,299,632,637,0.17853375527426385,36.24913792078372
2058,845382,199,724,723,0.22503375527426384,125.93649193144932
2059,845622,219,658,716,0.17453375527426385,66.37017402418047
2060,846020,120,558,675,0.24053375527426413,108.07867504739313
2061,846160,319,614,662,0.2530337552742643,57.48912940721924
2062,846499,199,659,650,0.32403375527426403,46.57252408878007
2063,846818,259,720,653,0.27253375527426416,61.07372593840988
2064,847097,100,715,633,0.28653375527426395,20.615528128088304
2065,847396,479,574,636,0.3055337552742645,141.0319112825179
2066,847894,179,606,591,0.2915337552742643,55.21775076911409
2067,848313,459,508,722,0.334533755274264,163.6001222493431
2068,848792,100,544,715,0.3260337552742638,36.6742416417845
2069,849170,319,500,705,0.25303375527426386,45.12205669071391
2070,849509,379,497,721,0.23253375527426412,16.278820596099706
2071,849908,678,555,757,0.21503375527426405,68.26419266350405
2072,850606,538,587,767,0.16103375527426378,33.52610922848042
2073,851204,199,553,758,0.2075337552742642,35.17101079013795
2074,851423,199,492,656,0.17353375527426396,118.84864324004712
2075,851643,159,523,615,0.167033755274264,51.40038910358559
2076,851842,299,561,607,0.32353375527426387,38.8329756778952
2077,852360,140,574,551,0.31453375527426397,57.48912940721924
2078,852520,160,598,542,0.3515337552742639,25.632011235952593
2079,852699,219,595,555,0.3515337552742639,13.341664064126334
2080,852939,738,553,605,0.37753375527426414,65.29931086925804
2081,853696,140,549,570,0.31453375527426397,35.22782990761707
2082,853856,239,576,551,0.31203375527426447,33.015148038438355
2083,854115,179,572,550,0.34053375527426377,4.123105625617661
2084,854314,100,569,564,0.2895337552742636,14.317821063276353
2085,854733,379,572,550,0.3365337552742642,14.317821063276353
2086,855411,279,674,840,0.26953375527426404,307.41502891042916
2087,855850,239,691,848,0.09796624472573612,18.788294228055936
2088,856149,239,736,805,0.22296624472573567,62.24146527838174
2089,856627,219,583,750,0.07946624472573616,162.58536219475602
2090,856906,199,536,402,0.1800337552742639,351.15950791627444
2091,857145,279,242,329,0.28753375527426384,302.92738403782516
2092,857464,239,434,247,0.27803375527426377,208.7773934122179
2093,857803,179,133,160,0.2770337552742643,313.3209217399949
2094,858003,319,53,157,0.21553375527426377,80.05623023850174
2095,858342,179,-32,182,0.15953375527426372,88.60022573334675
2096,858541,558,-3,212,0.1565337552742636,41.72529209005013
2097,859139,279,86,210,0.08053375527426399,89.02246907382428
2098,859438,160,335,208,0.053466244725736356,249.00803199896987
2099,859638,140,459,210,0.03703375527426411,124.01612798341996
2100,859797,299,488,201,0.11353375527426435,30.364452901377952
2101,860196,219,259,225,0.147033755274264,230.25420734483876
2102,860595,399,481,219,0.13053375527426425,222.08106627986098
2103,861013,259,483,231,0.07653375527426354,12.165525060596439
2104,861352,359,652,224,0.12853375527426403,169.14490828872147
2105,861731,379,647,223,0.14803375527426432,5.0990195135927845
2106,862130,279,649,225,0.13103375527426397,2.8284271247461903
2107,862429,239,644,237,0.08803375527426383,13.0
2108,862688,578,552,264,0.14153375527426393,95.88013350011565
2109,863286,239,529,248,0.19603375527426392,28.0178514522438
2110,863545,439,479,210,0.21403375527426372,62.80127387243033
2111,864024,359,243,254,0.19903375527426403,240.06665740997852
2112,864403,359,64,242,0.0785337552742642,179.4017837146554
2113,865021,199,94,251,0.12796624472573592,31.32091952673165
2114,865280,219,76,216,0.15446624472573633,39.35733730830886
2115,865519,738,79,281,0.057466244725735915,65.06919393998976
2116,866277,419,41,272,0.07046624472573582,39.05124837953327
2117,866735,518,33,188,0.15496624472573606,84.38009243891595
2118,867274,479,299,222,0.13446624472573587,268.16412884649577
2119,867772,120,247,217,0.037533755274263836,52.23983154643591
2120,867972,279,45,271,0.0699662447257361,209.093280618962
2121,868271,279,167,255,0.05503375527426391,123.0447073221762
2122,868590,698,280,278,0.07753375527426387,115.31695452100702
2123,869327,219,437,211,0.11203375527426385,170.6985647274165
2124,869945,120,484,235,0.08646624472573583,52.773099207835045
2125,870185,279,709,263,0.1284662447257361,226.73552875542023
2126,870484,179,776,252,0.14896624472573583,67.89698078707183
2127,870783,219,484,140,0.1615337552742644,312.74270575027003
2128,871082,140,117,157,0.06153375527426386,367.3935219897052
2129,871241,179,72,153,0.06053375527426397,45.17742799230607
2130,871481,239,311,158,0.06046624472573603,239.0522955338434
2131,871780,199,482,232,0.04346624472573568,186.3249849054066
2132,871999,100,485,231,0.08196624472573566,3.1622776601683795
2133,872398,1715,86,247,0.10553375527426434,399.32067314377804
2134,874132,319,56,250,0.05603375527426424,30.14962686336267
2135,874471,1914,100,255,0.09646624472573606,44.28317965096906
2136,876405,100,125,259,0.048966244725736185,25.317977802344327
2137,876764,259,65,246,0.11896624472573603,61.39218191268331
2138,877043,100,65,253,0.07946624472573616,7.0
2139,877242,359,101,253,0.34996624472573634,36.0
2140,877741,219,588,557,0.12446624472573609,574.0949398836398
2141,878020,140,698,458,0.09553375527426367,147.98986451781082
2142,878279,319,98,235,0.21253375527426366,640.1007733162021
2143,878618,478,40,249,0.11553375527426413,59.665735560705194
2144,879117,379,115,238,0.1225337552742638,75.8023746329889
2145,879715,199,570,396,0.11553375527426413,481.65236426285713
2146,879974,179,445,298,0.06853375527426397,158.83639381451596
2147,880213,160,667,541,0.14153375527426393,329.13978793211857
2148,880393,160,696,452,0.20153375527426398,93.60555539069249
2149,880672,199,611,259,0.23603375527426396,210.8885961829136
2150,880971,120,304,278,0.15703375527426422,307.5873859572268
2151,881110,339,361,301,0.09603375527426428,61.465437442517235
2152,882147,120,634,591,0.06796624472573631,398.2825630127435
2153,882346,140,704,795,0.15146624472573622,215.67568244936655
2154,882506,120,698,795,0.10846624472573607,6.0
2155,882646,119,709,805,0.1089662447257358,14.866068747318506
2156,882825,219,982,815,0.14703375527426354,273.18308878845335
2157,883064,199,976,818,0.07846624472573582,6.708203932499369
2158,883343,339,691,705,0.3509662447257358,306.5844092578747
2159,883842,120,1101,954,0.14896624472573583,479.6884405528238
2160,884021,140,1174,1039,0.1704662447257359,112.0446339634344
2161,884240,339,618,1017,0.40446624472573633,556.4350815683713
2162,884639,379,325,1006,0.4444662447257355,293.20641193534635
2163,885038,518,567,1068,0.6209662447257362,249.81593223811808
2164,885636,179,647,1015,0.5529662447257366,95.96353474106714
2165,885836,100,611,1015,0.6074662447257357,36.0
2166,886035,120,246,1015,0.614966244725736,365.0
2167,886174,239,299,1016,0.6534662447257369,53.009433122794285
2168,886434,279,267,1008,0.699966244725736,32.984845004941285
2169,886733,339,328,1009,0.6279662447257359,61.00819617067857
2170,887131,279,16,1022,0.513966244725736,312.27071588607214
2171,887430,179,111,995,0.4844662447257364,98.76234100101111
2172,887630,339,26,991,0.42346624472573646,85.09406559801923
2173,887989,219,78,991,0.4589662447257363,52.0
2174,888268,140,506,1077,0.47196624472573534,436.5546930225353
2175,888527,339,323,1024,0.5339662447257365,190.5203401214684
2176,888886,159,224,1016,0.4399662447257362,99.32270636667126
2177,889065,199,279,1010,0.465966244725736,55.326304774492215
2178,889285,140,323,1015,0.41996624472573574,44.28317965096906
2179,889584,120,507,995,0.4084662447257359,185.0837648201484
2180,889723,279,566,988,0.4169662447257356,59.413803110051795
2181,890162,239,458,459,0.24796624472573603,539.9120298715338
2182,890461,199,464,214,0.10796624472573635,245.073458375239
2183,890999,319,322,1014,0.08746624472573616,812.504769216772
2184,891398,399,577,682,0.13953375527426415,418.6275194011975
2185,891817,180,672,571,0.17353375527426396,146.102703602637
2186,892016,279,667,560,0.23403375527426418,12.083045973594572
2187,892315,199,566,779,0.2685337552742637,241.16799124261908
2188,892674,140,184,187,0.24953375527426358,704.5480821065373
2189,892873,140,62,200,0.21303375527426427,122.6906679417795
2190,893033,518,42,246,0.0875337552742641,50.15974481593781
2191,893731,120,665,644,0.0699662447257361,739.2787025202335
2192,894070,140,562,692,0.1274662447257362,113.63538181394033
2193,894249,199,591,667,0.09146624472573617,38.28837943815329
2194,894468,199,610,773,0.07996624472573588,107.68936809174804
2195,894728,319,546,869,0.09846624472573628,115.37764081484765
2196,895186,160,617,606,0.0875337552742641,272.41512439657237
2197,895366,219,640,738,0.15796624472573617,133.98880550254935
2198,895685,179,1183,1007,0.056466244725736026,605.9785474750736
2199,895884,259,1215,1012,0.060966244725736196,32.38826948140329
2200,896682,179,674,728,0.29246624472573624,611.0130931494022
2201,896881,279,630,671,0.153466244725736,72.00694410957877
2202,897180,379,638,732,0.1144662447257363,61.5223536610881
2203,897579,180,573,771,0.13896624472573604,75.8023746329889
2204,897838,458,669,646,0.23596624472573646,157.610278852618
2205,898316,239,710,691,0.2659662447257358,60.876925020897694
2206,898576,219,749,737,0.2759662447257356,60.30754513325841
2207,898934,219,722,732,0.23296624472573635,27.459060435491963
2208,899174,100,728,725,0.1714662447257358,9.219544457292887
2209,899413,180,694,663,0.1584662447257359,70.71067811865476
2210,899612,339,679,645,0.18796624472573598,23.430749027719962
2211,899991,518,675,654,0.13296624472573582,9.848857801796104
2212,900569,199,254,443,0.12053375527426402,470.9161284135424
2213,900848,120,386,305,0.13353375527426392,190.9659655540746
2214,901147,419,140,400,0.16003375527426433,263.7062759966095
2215,901686,199,368,425,0.11703375527426418,229.36651891677653
2216,901965,140,558,576,0.07203375527426426,242.69528219559604
2217,902164,100,497,498,0.15353375527426394,99.02019995940222
2218,902304,140,490,388,0.17953375527426418,110.22250223978767
2219,902463,319,488,352,0.23403375527426418,36.05551275463989
2220,902822,239,469,366,0.1720337552742639,23.600847442411894
2221,903081,359,465,367,0.175033755274264,4.123105625617661
2222,903540,219,546,349,0.17353375527426396,82.97590011563598
2223,903779,299,544,350,0.11303375527426418,2.23606797749979
2224,904158,319,539,269,0.08553375527426388,81.15417426109393
2225,904497,359,521,269,0.10703375527426395,18.0
2226,904956,578,524,276,0.11796624472573614,7.615773105863909
2227,905554,120,503,345,0.08403375527426382,72.12489168102785
2228,905813,399,457,235,0.11253375527426401,119.23086848631104
2229,906232,459,506,286,0.1410337552742642,70.7248188403477
2230,906710,718,600,271,0.15603375527426389,95.1892851112981
2231,907488,299,554,540,0.0785337552742642,272.90474528670256
2232,907807,239,515,624,0.15753375527426394,92.61209424259879
2233,908066,160,503,542,0.16053375527426406,82.87339742040264
2234,908245,459,525,478,0.2755337552742638,67.67569726275453
2235,908724,160,524,471,0.3025337552742644,7.0710678118654755
2236,909043,239,566,494,0.330533755274264,47.885279575251516
2237,909302,139,692,656,0.2500337552742642,205.23157651784484
2238,909860,219,505,551,0.30403375527426446,214.46211786700232
2239,910099,618,571,545,0.2715337552742638,66.27216610312357
2240,910737,299,525,488,0.23753375527426357,73.24616030891995
2241,911096,199,507,475,0.2115337552742642,22.20360331117452
2242,911395,100,507,467,0.2500337552742642,8.0
2243,911595,379,478,404,0.15753375527426394,69.35416353759881
2244,912033,857,471,368,0.1680337552742639,36.6742416417845
2245,913010,160,513,376,0.22353375527426378,42.7551166528639
2246,913190,618,526,431,0.256033755274264,56.515484603779164
2247,913828,160,555,360,0.21203375527426394,76.69419795525604
2248,914007,319,553,344,0.3380337552742638,16.1245154965971
2249,914486,678,519,428,0.2785337552742644,90.62008607367353
2250,915184,100,518,426,0.26253375527426437,2.23606797749979
2251,915303,180,522,445,0.23553375527426423,19.4164878389476
2252,915502,758,520,439,0.27453375527426394,6.324555320336759
2253,916280,299,525,444,0.2555337552742638,7.0710678118654755
2254,916599,259,518,431,0.23203375527426395,14.7648230602334
2255,916878,199,487,385,0.21203375527426394,55.47071299343465
2256,917098,159,457,344,0.2745337552742644,50.80354318352215
2257,917317,1176,370,144,0.42653375527426407,218.10318658836692
2258,918513,239,517,239,0.33203375527426404,175.025712396779
2259,918872,219,99,219,0.3905337552742645,418.4781953698424
2260,919111,339,49,228,0.4065337552742636,50.80354318352215
2261,919470,678,95,238,0.35553375527426434,47.07440918375928
2262,920308,100,635,532,0.1250337552742642,614.8463222627261
2263,920427,100,654,514,0.14803375527426388,26.1725046566048
2264,920567,140,646,516,0.20153375527426354,8.246211251235321
2265,920766,439,626,507,0.29853375527426396,21.93171219946131
2266,921284,678,636,539,0.2715337552742638,33.52610922848042
2267,922002,139,649,528,0.31153375527426386,17.029386365926403
2268,922261,160,658,647,0.27453375527426394,119.33985084622823
2269,922620,219,662,656,0.28253375527426394,9.848857801796104
2270,922879,219,710,723,0.24903375527426386,82.41965784932621
2271,923119,199,729,668,0.19203375527426392,58.18934610390462
2272,923378,239,711,585,0.2505337552742639,84.92938243034621
2273,923637,159,723,570,0.21303375527426427,19.209372712298546
2274,923816,219,624,563,0.2685337552742637,99.24716620639605
2275,924056,140,644,510,0.33253375527426376,56.64803615307419
2276,924215,219,716,575,0.296033755274264,97.0
2277,924634,279,780,567,0.38703375527426376,64.4980619863884
2278,925033,578,724,572,0.3780337552742643,56.22277118748239
2279,925631,140,625,539,0.25953375527426426,104.35516278555652
2280,925830,120,647,522,0.2610337552742643,27.80287754891569
2281,925970,140,652,515,0.27803375527426377,8.602325267042627
2282,926129,180,635,507,0.34303375527426416,18.788294228055936
2283,926328,219,619,520,0.2845337552742637,20.615528128088304
2284,926608,239,549,558,0.2690337552742643,79.64923100695951
2285,926867,219,583,589,0.3535337552742641,46.010868281309364
2286,927226,100,587,550,0.31903375527426414,39.20459156782532
2287,927505,100,637,587,0.33003375527426426,62.20128616033595
2288,927624,160,675,590,0.2970337552742639,38.118237105091836
2289,927864,100,544,596,0.284033755274264,131.13733259449805
2290,928063,219,591,592,0.23903375527426407,47.16990566028302
2291,928342,100,561,497,0.2460337552742642,99.62429422585637
2292,928621,219,544,556,0.1720337552742639,61.40032573203501
2293,928861,239,612,611,0.1745337552742643,87.45856161634491
2294,929220,120,603,616,0.14703375527426443,10.295630140987
2295,929558,180,550,631,0.23903375527426407,55.08175741568164
2296,929778,100,550,639,0.20503375527426426,8.0
2297,929897,239,480,627,0.1800337552742639,71.02112361825881
2298,930157,339,582,638,0.13853375527426381,102.59142264341595
2299,930515,778,582,643,0.1200337552742643,5.0
2300,931313,518,546,685,0.22003375527426394,55.31726674375732
2301,931891,339,658,746,0.20803375527426438,127.534309109353
2302,932250,199,559,768,0.18853375527426408,101.41498903022176
2303,932469,100,628,654,0.19453375527426386,133.25539388707685
2304,932689,140,605,645,0.21903375527426405,24.698178070456937
2305,932848,160,642,639,0.20753375527426376,37.48332962798263
2306,933048,379,669,644,0.1565337552742636,27.459060435491963
2307,933666,159,173,261,0.19353375527426397,626.6617907611728
2308,933845,140,69,279,0.16503375527426423,105.54619841567009
2309,934004,219,53,243,0.18903375527426425,39.395431207184416
2310,934244,219,100,246,0.20503375527426337,47.095647357266465
2311,934563,160,701,566,0.04453375527426395,680.8825155634414
2312,934742,140,612,665,0.090966244725736,133.12400234367956
2313,935041,598,617,653,0.11153375527426412,13.0
2314,935739,120,686,670,0.2459662447257358,71.06335201775947
2315,935879,139,682,665,0.057533755274263854,6.4031242374328485
2316,936557,399,631,658,0.18653375527426386,51.478150704935004
2317,937254,179,711,642,0.23603375527426396,81.58431221748455
2318,937533,419,600,653,0.29953375527426385,111.5437134042076
2319,937972,259,611,650,0.26503375527426387,11.40175425099138
2320,938271,140,551,698,0.25203375527426397,76.83749084919418
2321,938530,120,543,695,0.23553375527426423,8.54400374531753
2322,938670,259,540,701,0.20253375527426387,6.708203932499369
2323,938949,359,534,698,0.24603375527426374,6.708203932499369
2324,939328,100,575,698,0.2035337552742642,41.0
2325,939507,299,706,129,0.292033755274264,583.8852627015003
2326,939846,219,557,219,0.26953375527426404,174.07182425654074
2327,940285,120,1091,791,0.2755337552742638,782.5215651980461
2328,940444,100,1033,435,0.22403375527426395,360.69377593742865
2329,940624,199,556,272,0.1915337552742642,504.0813426422367
2330,940963,180,685,255,0.1640337552742639,130.11533345459327
2331,941162,279,751,264,0.1410337552742642,66.61080993352356
2332,941461,100,759,251,0.11553375527426413,15.264337522473747
2333,941621,100,442,543,0.05553375527426363,430.99071915761715
2334,942019,100,706,668,0.15353375527426394,292.0975864330276
2335,942219,219,688,646,0.20653375527426387,28.42534080710379
2336,942518,279,342,294,0.2990337552742641,493.5787677767349
2337,943016,1097,676,643,0.17553375527426374,483.0703882458539
2338,944133,399,673,649,0.1509662447257365,6.708203932499369
2339,944551,259,673,643,0.06696624472573598,6.0
2340,944851,279,687,643,0.11246624472573608,14.0
2341,945209,199,782,701,0.0729662447257362,111.30588483993108
2342,945429,239,739,767,0.2654662447257361,78.77182237323191
2343,945867,638,686,759,0.1540337552742641,53.600373133029585
2344,946545,219,684,740,0.20303375527426448,19.1049731745428
2345,946784,139,676,742,0.14303375527426399,8.246211251235321
2346,946944,159,682,752,0.13753375527426437,11.661903789690601
2347,947143,140,687,755,0.11146624472573619,5.830951894845301
2348,947323,179,689,732,0.13196624472573593,23.08679276123039
2349,947542,120,691,757,0.3624662447257365,25.079872407968907
2350,947682,120,684,738,0.14346624472573621,20.248456731316587
2351,947941,658,690,757,0.29696624472573596,19.924858845171276
2352,949177,139,498,630,0.045033755274263676,230.20208513391012
2353,949356,199,720,524,0.19103375527426403,246.0081299469593
2354,949596,120,724,528,0.22203375527426417,5.656854249492381
2355,950234,100,744,607,0.28803375527426356,81.49233092751734
2356,1160933,239,72,190,0.3844662447257359,790.8685099306964
2357,1161192,119,117,187,0.3514662447257355,45.09988913511872
2363,1163804,179,1071,363,0.34946624472573573,970.0989640237742
2364,1164123,259,522,491,0.316966244725736,563.7242233574854
2365,1164402,160,538,560,0.302466244725736,70.83078426785913
2371,1165858,219,989,299,0.47796624472573557,521.0777293264413
2372,1166097,180,971,276,0.4509662447257363,29.206163733020468
2375,1167213,140,564,337,0.42596624472573597,411.54586621663447
2376,1168370,179,657,888,0.3284662447257358,558.7933428379404
2377,1168589,100,665,907,0.3514662447257355,20.615528128088304
2378,1169088,538,650,929,0.7529662447257359,26.627053911388696
2379,1169726,100,1059,908,0.3934662447257353,409.53876495394184
2380,1169845,618,1191,1003,0.5594662447257357,162.63148526653748
2381,1171021,977,674,1084,0.9034662447257369,523.3067933822376
2383,1172258,139,699,1093,0.9639662447257362,26.570660511172846
2393,1177162,120,993,419,0.16046624472573612,735.3312178875585
2414,1185596,179,998,330,0.278466244725736,89.1403387922662
2460,1202263,359,1256,68,0.219966244725736,367.70640462194837
2461,1202722,179,1316,224,0.29496624472573574,167.14065932620943
2462,1202921,399,1344,330,0.4679662447257358,109.63576058932597
2464,1204078,379,592,559,0.590966244725736,786.0947780007192
2465,1204915,119,624,25,0.26196624472573626,534.9579422721005
2466,1205134,658,731,17,0.40696624472573584,107.29864864013899
