number,time,duration,screen_x,screen_y,avg_dilation
1,140,100,721,378,0.190033755
2,280,439,689,523,0.261533755
3,938,179,387,327,0.370533755
4,1137,219,229,214,0.326033755
5,1775,179,63,527,0.250533755
6,2094,279,629,496,0.392966245
7,2453,139,527,285,0.090033755
8,2653,179,322,186,0.197033755
9,2852,578,252,214,0.232533755
10,3450,279,67,189,0.137533755
11,3749,180,41,217,0.138533755
12,4048,120,112,480,0.259966245
13,4208,219,47,559,0.045466245
14,4646,219,85,216,0.079533755
15,4886,140,42,214,0.059533755
16,5085,140,393,195,0.054466245
17,5244,239,227,195,0.050966245
18,5504,259,271,195,0.074966245
19,5783,239,236,202,0.064466245
20,6042,339,63,195,0.090966245
21,6640,219,69,536,0.167466245
22,6879,239,74,541,0.126966245
23,7278,538,75,589,0.268466245
24,7856,160,69,589,0.238466245
25,8135,120,79,593,0.084966245
26,8335,199,30,604,0.116966245
27,8554,159,27,604,0.154466245
28,8773,738,68,614,0.193966245
29,9531,479,101,622,0.127966245
30,10029,179,49,595,0.087966245
31,10388,120,56,601,0.276466245
32,10548,100,68,632,0.130533755
33,10667,259,27,611,0.104033755
34,10947,160,66,613,0.139033755
35,11186,120,62,623,0.076533755
36,11545,120,63,623,0.136533755
37,11724,159,59,610,0.152533755
38,11904,100,21,616,0.175033755
39,12023,140,16,609,0.182033755
40,12242,219,63,634,0.128533755
41,12542,120,28,608,0.145033755
42,12781,179,29,618,0.110533755
43,13000,160,32,616,0.090466245
44,13399,120,37,547,0.071966245
45,13539,219,72,546,0.097533755
46,13798,160,52,527,0.085533755
47,14097,618,70,538,0.115533755
48,14775,239,35,553,0.074033755
49,15034,1017,95,558,0.193966245
50,16210,937,88,580,0.093966245
51,17267,219,493,722,0.145466245
52,17566,219,105,599,0.153533755
53,17965,179,748,537,0.120033755
54,18164,279,681,524,0.134033755
55,18463,299,710,518,0.187033755
56,18862,219,68,528,0.197533755
57,19101,199,79,548,0.136533755
58,19380,120,651,540,0.087966245
59,19520,219,691,540,0.119533755
60,19819,319,702,537,0.227533755
61,20158,199,717,543,0.214533755
62,20457,120,685,557,0.123966245
63,20596,259,717,555,0.215966245
64,20875,160,712,551,0.121533755
65,21194,199,664,522,0.174033755
66,21454,638,732,525,0.170533755
67,22112,219,727,585,0.116033755
68,22351,538,734,582,0.095533755
69,23408,219,718,549,0.120033755
70,23806,140,95,582,0.179533755
71,24006,140,77,557,0.184033755
72,24305,100,769,617,0.112533755
73,24504,180,722,599,0.194033755
74,24703,439,699,583,0.185033755
75,25162,379,736,575,0.144033755
76,25760,219,751,640,0.096466245
77,25999,100,745,655,0.087033755
78,26139,339,748,726,0.127033755
79,26697,120,709,565,0.162033755
80,26857,239,728,641,0.112533755
81,27156,239,717,607,0.168033755
82,27415,160,692,615,0.227533755
83,27614,160,689,604,0.178533755
84,27794,279,687,615,0.199033755
85,28093,140,755,619,0.231033755
86,28252,140,753,625,0.151033755
87,28691,179,701,552,0.208033755
88,28890,180,718,548,0.134533755
89,29090,299,719,537,0.237533755
90,29429,140,687,555,0.338533755
91,29608,279,772,556,0.231033755
92,29907,219,714,550,0.268533755
93,30146,120,739,553,0.223533755
94,30286,140,737,566,0.269033755
95,30445,219,750,568,0.230533755
96,30904,160,659,521,0.265033755
97,31143,120,693,514,0.239033755
98,31403,359,729,527,0.264533755
99,31821,259,772,552,0.229533755
100,32120,259,659,512,0.234033755
101,32399,219,702,509,0.304533755
102,32778,100,702,681,0.234533755
103,32898,518,702,642,0.280533755
104,33436,120,715,609,0.275533755
105,33675,120,660,613,0.259533755
106,33835,219,699,617,0.322033755
107,34074,239,767,637,0.293033755
108,34333,319,743,660,0.288033755
109,34772,199,786,650,0.295533755
110,35011,339,696,678,0.213533755
111,35430,239,712,666,0.227533755
112,35709,239,731,636,0.248033755
113,35988,100,674,664,0.201533755
114,36108,698,686,648,0.297533755
115,36865,120,662,643,0.277033755
116,37085,359,735,666,0.270033755
117,37503,299,682,675,0.226533755
118,37862,279,709,675,0.302533755
119,38161,239,663,674,0.261533755
120,38520,179,765,687,0.136033755
121,38759,279,730,705,0.247033755
122,39078,100,747,739,0.229033755
123,39397,100,822,722,0.331033755
124,39597,379,716,736,0.361533755
125,40016,120,785,720,0.276533755
126,40195,279,711,693,0.242533755
127,40574,100,770,762,0.177033755
128,40893,200,842,722,0.275033755
129,41112,179,728,741,0.182033755
130,41311,239,731,724,0.219533755
131,41750,219,737,700,0.243533755
132,41989,837,693,706,0.291533755
133,43066,259,664,708,0.224033755
134,43345,239,718,705,0.219033755
135,43684,140,789,709,0.201033755
136,43863,459,729,755,0.272533755
137,44382,160,778,763,0.231533755
138,44581,239,736,776,0.223033755
139,44840,578,746,790,0.201033755
140,45538,379,731,764,0.222533755
141,45937,199,708,742,0.224533755
142,46156,459,723,745,0.218033755
143,46635,478,814,738,0.285033755
144,47133,120,849,721,0.232033755
145,47332,100,724,766,0.236533755
146,47452,100,730,762,0.271533755
147,47632,219,795,774,0.196533755
148,47931,239,734,763,0.194533755
149,48230,120,775,768,0.145533755
150,48389,419,729,819,0.156533755
151,48868,279,679,717,0.226033755
152,49167,259,721,706,0.198033755
153,49466,199,724,705,0.246533755
154,49685,319,745,725,0.173533755
155,50024,179,711,722,0.187533755
156,50283,120,750,720,0.206033755
157,50443,379,682,713,0.235033755
158,50861,120,687,592,0.260533755
159,51001,199,682,611,0.300033755
160,51220,239,695,543,0.319033755
161,51480,179,690,521,0.433033755
162,51719,139,650,514,0.417033755
163,51878,219,685,511,0.436533755
164,52137,279,728,542,0.350033755
165,52456,140,737,526,0.344033755
166,52736,179,690,532,0.325533755
167,52935,179,736,542,0.239033755
168,53134,120,740,558,0.118033755
169,53413,479,826,554,0.264033755
170,53912,199,711,520,0.349533755
171,54131,100,714,537,0.320533755
172,54251,498,722,548,0.359033755
173,54869,239,684,544,0.290033755
174,55128,479,718,562,0.260533755
175,55627,120,729,563,0.225533755
176,55766,120,751,561,0.281033755
177,55906,140,800,552,0.324533755
178,56105,179,760,558,0.319033755
179,56304,199,722,576,0.318033755
180,56544,339,721,583,0.289533755
181,56903,219,685,581,0.252533755
182,57182,120,738,604,0.245033755
183,57321,120,732,619,0.240533755
184,57560,179,718,596,0.218033755
185,57919,120,711,618,0.207033755
186,58139,199,739,614,0.277033755
187,58458,778,695,623,0.273033755
188,59255,160,765,629,0.191033755
189,59435,200,746,678,0.196033755
190,59714,299,691,575,0.261033755
191,60093,100,690,639,0.244533755
192,60332,140,749,685,0.171033755
193,60551,219,803,671,0.180033755
194,60790,140,744,691,0.189533755
195,61050,140,700,595,0.213533755
196,61229,140,680,584,0.267533755
197,61388,179,722,561,0.311533755
198,61688,199,726,581,0.326533755
199,61987,199,748,621,0.266033755
200,62405,279,747,694,0.305033755
201,62784,199,740,653,0.342033755
202,63043,120,755,668,0.275033755
203,63183,219,796,664,0.351533755
204,63502,259,753,675,0.245033755
205,63781,140,759,669,0.182033755
206,63940,239,759,677,0.163033755
207,64240,1236,715,568,0.310033755
208,65575,279,65,562,0.307533755
209,65994,259,46,531,0.320033755
210,66532,279,81,526,0.247033755
211,66991,239,72,533,0.242033755
212,67270,359,69,538,0.181533755
213,67768,399,78,575,0.142033755
214,68187,279,63,552,0.136533755
215,68486,239,89,569,0.120033755
216,68745,199,112,594,0.065033755
217,69084,140,51,545,0.071533755
218,69483,658,79,555,0.111533755
219,70181,499,39,523,0.163533755
220,70699,120,81,532,0.151033755
221,70958,100,62,540,0.158533755
222,71357,558,701,513,0.302533755
223,72553,479,47,532,0.163533755
224,73072,100,46,540,0.174533755
225,73351,140,86,541,0.090033755
226,73550,279,671,514,0.062533755
227,73889,538,729,526,0.136533755
228,74448,140,687,571,0.118033755
229,74647,140,247,238,0.150533755
230,74846,578,242,180,0.198033755
231,75664,179,748,622,0.159966245
232,76162,100,708,570,0.128533755
233,76302,319,726,570,0.144033755
234,76641,219,727,596,0.124033755
235,76960,259,66,587,0.112033755
236,77279,339,73,556,0.089466245
237,77737,180,79,551,0.080533755
238,77996,339,78,549,0.076533755
239,78515,120,748,637,0.492466245
240,78774,140,317,183,0.096966245
241,78933,339,262,187,0.103033755
242,79312,199,476,191,0.122033755
243,79532,538,426,184,0.098466245
244,80090,180,692,196,0.142966245
245,80329,160,404,200,0.136966245
246,80508,439,445,193,0.075966245
247,81047,279,446,161,0.190466245
248,81406,399,249,204,0.084533755
249,81844,239,528,189,0.103533755
250,82103,877,607,194,0.118533755
251,83001,120,587,227,0.052466245
252,83140,638,497,238,0.110033755
253,83918,299,502,228,0.140466245
254,84237,459,425,197,0.049966245
255,84795,179,642,228,0.107466245
256,85094,120,139,189,0.083966245
257,85234,498,43,209,0.126533755
258,85772,359,237,204,0.168533755
259,86191,538,42,221,0.119033755
260,86789,179,264,219,0.112033755
261,86988,100,234,216,0.110033755
262,87227,658,58,533,0.098033755
263,87905,219,73,569,0.099533755
264,88145,259,84,576,0.079533755
265,88424,140,77,601,0.103033755
266,88683,219,75,569,0.102533755
267,89002,279,23,541,0.075533755
268,89301,259,70,543,0.097533755
269,89620,498,71,554,0.115033755
270,90138,578,67,566,0.158466245
271,90736,279,67,630,0.123966245
272,91036,279,69,605,0.074966245
273,91335,339,30,604,0.166966245
274,91933,518,48,226,0.196033755
275,92571,180,57,585,0.116033755
276,92770,518,38,621,0.089033755
277,93308,140,17,615,0.088533755
278,93568,180,49,628,0.076966245
279,93767,419,88,641,0.166966245
280,94206,239,76,743,0.131966245
281,94465,179,64,718,0.108466245
282,94664,618,98,713,0.161466245
283,95382,259,39,625,0.163966245
284,95781,180,769,626,0.130966245
285,95980,179,740,740,0.169466245
286,96179,199,750,687,0.191533755
287,96598,140,682,556,0.313033755
288,96817,219,703,573,0.248033755
289,97097,100,682,567,0.263033755
290,97316,379,713,565,0.258533755
291,97715,179,719,563,0.233533755
292,97914,120,721,570,0.180533755
293,98053,379,680,569,0.160533755
294,98452,419,728,550,0.206533755
295,98891,159,701,521,0.236533755
296,99070,359,714,517,0.288033755
297,99449,219,716,531,0.266033755
298,99708,140,652,513,0.266533755
299,99948,299,700,513,0.281533755
300,100506,180,688,507,0.253533755
301,100705,419,669,519,0.227533755
302,101244,379,704,540,0.189033755
303,101842,817,704,535,0.348533755
304,102679,239,700,555,0.364033755
305,102958,120,705,564,0.222033755
306,103138,120,700,584,0.308533755
307,103377,558,661,580,0.246033755
308,104035,100,712,616,0.103033755
309,104234,239,738,610,0.078966245
310,104493,140,689,585,0.119466245
311,104732,100,93,572,0.149033755
312,104892,120,21,577,0.147033755
313,105032,279,40,590,0.165533755
314,105610,159,44,605,0.099033755
315,105789,638,25,606,0.088033755
316,106706,379,83,635,0.067533755
317,107125,179,767,590,0.386466245
318,107324,159,708,592,0.068966245
319,107504,180,742,593,0.179466245
320,107703,100,809,615,0.098466245
321,108042,498,93,621,0.175033755
322,108561,239,77,647,0.088533755
323,108820,259,101,675,0.079533755
324,109099,339,92,675,0.096466245
325,109717,140,706,617,0.336466245
326,109877,518,736,641,0.152466245
327,110435,160,724,613,0.136533755
328,110614,339,823,616,0.184533755
329,111013,140,740,618,0.204033755
330,111332,120,101,633,0.249533755
331,111471,120,78,708,0.215533755
332,111611,100,82,706,0.187033755
333,111731,459,91,674,0.145533755
334,112209,219,95,664,0.163033755
335,112608,140,786,632,0.105966245
336,112767,120,733,653,0.151466245
337,113027,120,735,637,0.127966245
338,113166,219,778,640,0.153466245
339,113545,180,748,637,0.205533755
340,113804,100,771,633,0.129533755
341,113964,339,739,655,0.216533755
342,114422,120,809,645,0.157033755
343,114721,259,734,609,0.242033755
344,115020,199,834,589,0.224033755
345,115519,179,738,619,0.267533755
346,115838,379,728,682,0.220033755
347,116356,578,708,583,0.264533755
348,116954,179,693,526,0.197033755
349,117193,219,693,497,0.238033755
350,117512,319,728,521,0.290533755
351,117891,299,761,643,0.300033755
352,118210,259,732,655,0.243033755
353,118489,179,763,697,0.203033755
354,118689,299,725,686,0.227033755
355,119785,179,747,605,0.083466245
356,120005,379,841,585,0.200033755
357,120423,379,722,588,0.205033755
358,120982,199,742,552,0.164033755
359,121480,279,735,536,0.074466245
360,121779,180,737,520,0.107033755
361,121978,279,718,647,0.155533755
362,122278,419,723,594,0.112533755
363,122876,179,99,664,0.052033755
364,123075,219,82,677,0.094966245
365,123314,239,88,623,0.068466245
366,123673,179,794,612,0.078466245
367,123932,359,734,619,0.112033755
368,124311,239,741,610,0.126533755
369,124690,120,846,616,0.086533755
370,124889,100,160,656,0.085033755
371,125069,678,87,650,0.152033755
372,126145,259,95,691,0.088033755
373,126425,279,83,711,0.170533755
374,126783,120,85,711,0.134033755
375,126923,180,60,700,0.170533755
376,127162,159,747,663,0.130533755
377,127342,100,723,639,0.146033755
378,127541,359,727,628,0.210033755
379,127980,140,735,616,0.202033755
380,128319,199,834,597,0.300533755
381,128578,120,766,592,0.259533755
382,128777,180,722,674,0.223533755
383,129056,180,730,652,0.180033755
384,129256,140,724,653,0.194033755
385,129415,180,812,640,0.245033755
386,129654,100,757,643,0.240533755
387,129834,219,105,705,0.268033755
388,130113,299,80,732,0.224533755
389,130552,140,138,728,0.223033755
390,130711,877,67,730,0.218533755
391,131608,219,48,710,0.159033755
392,131848,140,99,714,0.110533755
393,132007,200,99,710,0.153033755
394,132306,219,119,740,0.033033755
395,132545,140,117,767,0.087966245
396,132705,100,62,650,0.076033755
397,132924,498,92,646,0.115033755
398,133901,219,84,658,0.117466245
399,134140,120,88,629,0.085533755
400,134400,159,75,616,0.092466245
401,134599,419,101,639,0.313466245
402,135117,339,86,668,0.084466245
403,135476,219,93,698,0.112966245
404,135935,219,87,758,0.090466245
405,136174,419,94,748,0.084033755
406,136613,339,101,756,0.054533755
407,136971,379,95,733,0.063533755
408,137889,558,93,647,0.120533755
409,138726,438,728,616,0.162533755
410,139185,219,711,636,0.220033755
411,139524,139,736,632,0.264533755
412,139723,180,784,625,0.303033755
413,140082,179,729,658,0.212033755
414,140361,239,94,641,0.187533755
415,140660,120,72,616,0.143033755
416,140899,140,750,526,0.196033755
417,141059,279,675,462,0.182533755
418,141557,219,225,183,0.378533755
419,141856,239,436,188,0.395033755
420,142155,319,560,201,0.323533755
421,142494,957,593,203,0.276033755
422,143491,239,448,197,0.208033755
423,143750,479,493,247,0.143533755
424,144249,379,448,188,0.177533755
425,144767,179,97,247,0.134033755
426,144966,957,61,228,0.183033755
427,145943,798,59,229,0.144033755
428,146781,538,252,221,0.166033755
429,147339,319,240,222,0.158533755
430,147678,339,268,219,0.148533755
431,148057,219,54,235,0.151533755
432,148495,159,33,565,0.133533755
433,148675,259,15,515,0.160033755
434,149094,219,24,610,0.109033755
435,149333,140,23,608,0.191033755
436,149572,140,75,609,0.159033755
437,149731,299,39,570,0.183533755
438,150050,259,46,575,0.170033755
439,150330,180,10,548,0.206033755
440,150649,259,62,547,0.201533755
441,151067,359,41,601,0.166033755
442,151446,299,71,579,0.104966245
443,151765,538,32,585,0.116466245
444,152323,678,81,613,0.180966245
445,153141,459,44,629,0.138966245
446,153619,538,113,647,0.133466245
447,154217,199,116,663,0.086533755
448,154457,140,114,637,0.050533755
449,154616,179,75,625,0.057033755
450,154835,259,699,554,0.075533755
451,155135,219,671,579,0.175033755
452,155533,299,708,558,0.277533755
453,155952,259,652,571,0.200533755
454,156231,120,685,572,0.238033755
455,156410,279,709,585,0.217533755
456,156829,558,701,544,0.222533755
457,157467,518,661,527,0.221033755
458,158006,219,705,565,0.151033755
459,158265,219,742,542,0.185533755
460,158604,179,782,534,0.204533755
461,158863,239,683,542,0.217033755
462,159122,120,689,559,0.182033755
463,159301,219,756,578,0.166033755
464,159959,219,82,614,0.195533755
465,160219,180,117,639,0.150033755
466,160757,140,115,646,0.122966245
467,160956,160,120,665,0.049966245
468,161415,339,742,599,0.139033755
469,161774,419,744,594,0.167533755
470,162212,1914,744,591,0.202533755
471,164465,140,67,582,0.190533755
472,164625,419,70,572,0.199033755
473,165063,219,35,546,0.188533755
474,165303,279,61,535,0.148033755
475,165662,339,709,537,0.110033755
476,166020,279,670,498,0.231033755
477,166320,219,717,471,0.279533755
478,166738,459,736,552,0.227033755
479,167276,120,712,538,0.234033755
480,167416,140,713,523,0.253033755
481,167576,219,735,540,0.220533755
482,167914,279,80,554,0.226033755
483,168213,180,60,583,0.118033755
484,168413,179,59,581,0.105533755
485,168712,379,72,571,0.282966245
486,169111,518,90,598,0.078033755
487,169669,120,153,596,0.078033755
488,169808,299,105,618,0.118533755
489,170127,259,86,603,0.128533755
490,170407,140,135,610,0.120033755
491,170706,399,100,630,0.171533755
492,171124,180,89,648,0.130533755
493,171643,100,120,636,0.073966245
494,171762,837,122,651,0.144033755
495,172620,319,106,643,0.117533755
496,173337,638,86,628,0.189466245
497,173995,219,147,619,0.038533755
498,174235,100,45,557,0.087533755
499,174354,279,45,561,0.092033755
500,174653,618,122,616,0.155966245
501,175291,379,124,656,0.171966245
502,175690,319,108,666,0.152466245
503,176029,120,153,681,0.105466245
504,176228,140,657,582,0.092966245
505,176428,399,729,570,0.164466245
506,177066,219,750,574,0.183466245
507,177305,718,731,556,0.202033755
508,178043,199,721,589,0.227533755
509,178302,239,760,582,0.183033755
510,178661,180,871,586,0.121033755
511,178900,159,821,580,0.165533755
512,179139,239,732,592,0.172033755
513,179558,219,705,589,0.131533755
514,179797,219,676,545,0.085033755
515,180216,159,762,533,0.344966245
516,180395,299,703,535,0.069533755
517,180794,738,749,555,0.147033755
518,181552,379,747,598,0.112033755
519,182030,339,760,568,0.106533755
520,182489,119,139,665,0.136533755
521,182628,140,92,666,0.170533755
522,182788,279,103,639,0.189033755
523,183187,199,774,570,0.148533755
524,183406,159,749,583,0.092033755
525,183705,159,859,592,0.097466245
526,183884,538,749,590,0.122533755
527,184443,419,741,608,0.143466245
528,184981,279,93,638,0.054533755
529,185280,100,116,681,0.083533755
530,185519,857,107,665,0.226033755
531,186516,239,733,591,0.253033755
532,186775,339,751,632,0.177033755
533,187373,518,109,657,0.221033755
534,188031,160,91,661,0.161533755
535,188211,239,112,637,0.115033755
536,188530,120,713,673,0.084033755
537,188789,179,759,628,0.146033755
538,189068,219,119,669,0.124033755
539,189407,239,117,644,0.113033755
540,189706,199,807,588,0.221466245
541,189926,159,741,573,0.257966245
542,190264,100,274,293,0.093033755
543,190464,120,491,194,0.130533755
544,190603,179,430,206,0.177533755
545,190823,1715,583,228,0.174533755
546,192657,279,508,259,0.116466245
547,192956,518,426,235,0.078466245
548,193554,777,51,245,0.111966245
549,194392,160,396,256,0.067533755
550,194571,259,424,235,0.054966245
551,194870,299,40,243,0.065533755
552,195249,199,431,222,0.077033755
553,195687,140,421,479,0.087966245
554,195887,339,11,540,0.154533755
555,196305,219,28,588,0.111533755
556,196644,179,62,570,0.084533755
557,196963,359,59,568,0.138533755
558,197402,917,677,539,0.265033755
559,198339,678,661,530,0.225533755
560,199097,179,711,535,0.098033755
561,199456,160,89,528,0.177533755
562,199775,199,37,537,0.073033755
563,199994,160,39,544,0.068533755
564,200353,160,50,610,0.132966245
565,200692,120,20,591,0.037533755
566,200851,100,13,587,0.052033755
567,200971,239,79,581,0.120966245
568,201230,100,56,558,
569,201689,578,65,577,0.209966245
570,202287,279,4,580,0.100533755
571,202586,399,38,590,0.298966245
572,203084,120,172,259,0.265466245
573,203224,139,238,236,0.272466245
574,203383,977,52,247,0.157033755
575,204420,159,81,649,0.132033755
576,204599,160,88,606,0.130533755
577,204779,279,42,571,0.104033755
578,205078,578,84,612,0.122966245
579,205676,140,46,624,0.071966245
580,205836,279,44,614,0.144966245
581,206174,319,121,613,0.074533755
582,206633,319,115,623,0.106033755
583,206972,120,95,617,0.053033755
584,207112,159,151,619,0.063533755
585,207371,499,83,608,0.165033755
586,207889,259,59,643,0.083033755
587,208168,778,91,602,0.087533755
588,209085,498,33,607,0.173033755
589,209624,239,97,609,0.153966245
590,209883,319,116,639,0.149966245
591,210262,239,57,584,0.192966245
592,210521,479,57,592,0.186466245
593,211019,479,106,616,0.212466245
594,211558,279,109,664,0.105466245
595,211897,1176,57,554,0.079466245
596,213093,239,55,534,0.087533755
597,213352,219,96,533,0.124033755
598,213751,379,20,540,0.138533755
599,214149,379,83,556,0.145533755
600,214608,179,97,578,0.081533755
601,214947,279,29,532,0.145033755
602,215246,319,52,531,0.151533755
603,215585,259,81,551,0.160533755
604,215864,319,55,555,0.168033755
605,216203,279,66,528,0.194533755
606,216542,179,119,590,0.156533755
607,216741,478,79,597,0.157033755
608,217240,239,82,616,0.156033755
609,217499,459,40,574,0.122533755
610,217997,219,23,571,0.131533755
611,218237,817,88,612,0.166033755
612,219134,120,174,575,0.124033755
613,219273,379,76,604,0.229033755
614,219672,339,39,597,0.187533755
615,220031,379,92,611,0.096033755
616,220430,538,115,639,0.237533755
617,220988,319,35,616,0.255533755
618,221387,120,107,616,0.112033755
619,221526,219,100,616,0.136533755
620,221825,140,96,645,0.283033755
621,222025,977,111,629,0.219033755
622,223062,160,61,601,0.060966245
623,223560,578,112,657,0.124533755
624,224218,100,719,532,0.054033755
625,224637,120,167,281,0.245533755
626,224836,239,57,229,0.216033755
627,225095,160,35,254,0.225533755
628,225334,100,211,253,0.259533755
629,225454,319,241,239,0.259533755
630,225833,180,51,241,0.175033755
631,226132,140,677,563,0.053533755
632,226371,140,708,546,0.210033755
633,226531,140,702,541,0.195033755
634,226750,219,684,524,0.155033755
635,226989,159,694,528,0.179533755
636,227169,179,653,527,0.216033755
637,227448,120,669,540,0.146533755
638,227587,140,675,532,0.089033755
639,227747,299,740,563,0.104533755
640,228066,179,742,555,0.192533755
641,228365,239,719,543,0.211533755
642,228644,180,717,541,0.199033755
643,228843,179,784,535,0.155033755
644,229123,100,740,549,0.111533755
645,229242,160,691,537,0.161033755
646,229422,180,686,555,0.167533755
647,229661,179,719,579,0.149033755
648,229960,179,749,576,0.185033755
649,230159,259,730,557,0.214033755
650,230438,319,700,566,0.187033755
651,230777,279,752,569,0.099033755
652,231216,479,725,554,0.154533755
653,231834,319,697,523,0.151533755
654,232173,160,752,558,0.071533755
655,232352,239,744,552,0.135533755
656,232691,439,91,626,0.215533755
657,233150,279,47,630,0.184533755
658,233449,100,84,615,0.140033755
659,233708,279,703,556,0.089533755
660,234007,219,748,565,0.048966245
661,234247,339,707,585,0.111966245
662,234805,199,734,558,0.227466245
663,235044,498,701,574,0.155966245
664,235822,439,719,571,0.531966245
665,236300,100,706,571,0.072033755
666,236420,199,754,590,0.092033755
667,236639,219,800,609,0.121466245
668,236978,219,771,630,0.111466245
669,237297,180,701,600,0.086533755
670,237516,239,755,599,0.127966245
671,237875,219,776,666,0.120466245
672,238134,179,771,679,0.121966245
673,238334,140,777,683,0.081033755
674,238573,279,730,570,0.206033755
675,238912,778,698,526,0.202533755
676,239729,120,759,686,0.096533755
677,240347,419,762,540,0.491466245
678,240846,100,756,547,0.075466245
679,241025,239,82,627,0.111033755
680,241284,319,136,617,0.118033755
681,241663,159,818,583,0.064533755
682,241922,279,734,547,0.087966245
683,242221,140,787,539,0.064966245
684,242560,100,867,574,0.102533755
685,242959,139,761,562,0.186533755
686,243159,758,104,621,0.221533755
687,243936,199,89,625,0.192033755
688,244175,140,143,603,0.151033755
689,244594,239,114,612,0.158533755
690,244933,239,769,583,0.212966245
691,245192,339,694,521,0.126033755
692,245611,120,793,582,0.129033755
693,245930,179,297,260,0.239033755
694,246129,139,458,213,0.246533755
695,246289,379,431,226,0.246033755
696,246727,179,22,245,0.186033755
697,246927,179,65,244,0.221533755
698,247146,199,285,245,0.166533755
699,247465,778,591,228,0.110033755
700,248322,279,428,220,0.176533755
701,248621,399,490,263,0.176533755
702,249040,658,437,228,0.176033755
703,250216,179,680,384,0.110033755
704,250476,219,261,361,0.164533755
705,250735,180,112,246,0.128033755
706,250934,359,41,255,0.103033755
707,251532,160,460,235,0.159033755
708,251712,439,403,250,0.198533755
709,252210,279,253,255,0.194533755
710,252529,578,434,246,0.174033755
711,253207,419,67,272,0.115033755
712,253646,518,44,272,0.127033755
713,254324,498,42,269,0.108466245
714,254862,339,325,257,0.163033755
715,255221,199,432,261,0.187533755
716,255620,179,626,431,0.154033755
717,255859,140,256,394,0.206533755
718,256038,259,229,236,0.380533755
719,256317,199,414,245,0.381533755
720,256616,379,29,273,0.372033755
721,257015,100,168,256,0.262533755
722,257135,479,241,260,0.248033755
723,258112,179,66,633,0.059033755
724,258311,239,80,626,0.224466245
725,258610,498,39,606,0.196966245
726,259129,917,65,576,0.212466245
727,260066,1774,41,585,0.146966245
728,261860,718,48,596,0.140466245
729,262598,299,102,611,0.163466245
730,262917,299,15,549,0.106966245
731,263236,339,63,541,0.163533755
732,263594,279,10,554,0.181533755
733,263894,598,80,560,0.136033755
734,264512,159,48,556,0.150533755
735,264731,180,97,200,0.103033755
736,264930,100,37,218,0.086533755
737,265190,219,88,534,0.164533755
738,265429,199,45,551,0.152533755
739,265648,219,102,584,0.141533755
740,265887,179,69,577,0.091033755
741,266087,977,39,531,0.086533755
742,267084,1097,62,597,0.177033755
743,268200,359,8,609,0.051533755
744,268579,179,83,657,0.114466245
745,268778,778,84,647,0.142966245
746,269576,179,81,645,0.055466245
747,269795,758,50,244,0.181533755
748,270593,179,220,250,0.183533755
749,270872,120,73,687,0.127033755
750,271011,259,82,654,0.171033755
751,271370,219,714,585,0.142033755
752,271709,100,771,585,0.191033755
753,271829,140,739,560,0.230533755
754,271988,199,671,535,0.233033755
755,272208,1057,704,525,0.249033755
756,273284,219,709,583,0.167533755
757,273563,299,684,552,0.202033755
758,273902,100,667,530,0.189533755
759,274022,239,667,527,0.207033755
760,274281,159,684,579,0.163033755
761,274460,299,696,573,0.142533755
762,274859,419,664,581,0.153533755
763,275298,239,705,597,0.148533755
764,275577,179,740,595,0.041033755
765,275776,100,712,640,0.060466245
766,275956,140,707,628,0.120033755
767,276115,259,753,622,0.183033755
768,276394,239,718,623,0.153533755
769,276694,299,76,645,0.221533755
770,277371,359,717,618,0.129033755
771,277890,140,738,636,0.083033755
772,278069,259,719,638,0.090033755
773,278448,199,79,673,0.191533755
774,278807,180,65,663,0.191533755
775,279006,160,34,628,0.177533755
776,279186,219,99,661,0.184033755
777,279804,179,76,630,0.070966245
778,281857,179,728,623,0.421466245
779,290191,120,70,609,0.383966245
780,294518,119,73,672,0.158966245
781,294677,120,58,630,0.101966245
782,296053,140,113,696,0.118966245
783,296292,159,85,682,0.217966245
784,297010,199,83,760,0.076533755
785,297349,179,84,745,0.133966245
786,297568,100,147,735,0.109466245
787,297807,100,101,749,0.170966245
788,298086,140,103,743,0.077033755
789,298385,160,148,740,0.109033755
790,298605,120,87,760,0.111033755
791,299123,319,90,682,0.214466245
792,299482,179,83,638,0.143533755
793,299721,140,86,636,0.145533755
794,300280,219,731,636,0.163966245
795,300658,120,736,607,0.113533755
796,300858,100,834,617,0.067533755
797,301575,219,738,646,0.099466245
798,301815,120,757,659,0.194466245
799,301954,140,796,667,0.167466245
800,302572,159,758,670,0.218966245
801,302851,100,734,675,0.172466245
802,303370,120,675,383,0.116466245
803,303888,239,445,243,0.063033755
804,304147,339,587,261,0.100533755
805,304506,319,583,254,0.073533755
806,304865,259,35,266,0.068533755
807,305364,359,559,254,0.133966245
808,305742,179,556,272,0.143466245
809,305942,179,564,268,0.144966245
810,306141,179,556,267,0.212466245
811,306540,299,39,282,0.092966245
812,307158,100,594,275,0.131966245
813,307337,100,463,263,0.126466245
814,307557,179,436,268,0.068966245
815,307776,239,427,224,0.075966245
816,308055,160,99,261,0.080033755
817,308235,678,49,251,0.070466245
818,308952,179,314,243,0.091966245
819,309152,558,261,247,0.099466245
820,309730,877,64,234,0.115033755
821,310647,160,326,232,0.070033755
822,310826,678,245,238,0.150033755
823,311564,160,13,245,0.084533755
824,311744,160,47,246,0.066533755
825,311983,219,65,589,0.073966245
826,312342,159,391,308,0.064033755
827,312521,120,444,270,0.082033755
828,312780,179,423,203,0.154533755
829,313339,359,660,275,0.135033755
830,313817,180,3,606,0.194033755
831,314016,120,56,593,0.217533755
832,314156,339,56,587,0.117033755
833,314754,239,69,574,0.075033755
834,315213,279,11,595,0.093966245
835,315651,120,34,596,0.171466245
836,315791,100,33,599,0.186966245
837,316010,379,36,598,0.271466245
838,316409,399,92,621,0.327466245
839,316828,159,14,614,0.183466245
840,317147,239,21,620,0.169466245
841,317525,160,46,609,0.125466245
842,317705,199,66,567,0.206466245
843,318104,199,68,582,0.194966245
844,318343,179,63,530,0.037966245
845,318542,259,41,565,0.110466245
846,318901,179,8,586,0.088966245
847,320097,279,30,602,0.125966245
848,320416,120,55,609,0.199966245
849,320556,160,96,636,0.201466245
850,320755,219,34,629,0.195966245
851,321154,120,131,661,0.300466245
852,321294,379,107,641,0.253966245
853,321712,419,100,629,0.174466245
854,322191,200,99,633,0.120966245
855,322490,179,40,604,0.094466245
856,322809,299,77,598,0.090466245
857,323307,159,39,602,0.070533755
858,323527,160,35,596,0.025466245
859,324205,160,70,616,0.061533755
860,324384,279,33,619,0.076966245
861,324703,279,36,634,0.068966245
862,325201,299,103,644,0.197966245
863,325600,179,75,621,0.171966245
864,325919,140,137,639,0.127966245
865,326298,120,734,602,0.098466245
866,326477,100,723,611,0.128966245
867,326776,199,663,587,0.193533755
868,327036,199,698,566,0.227033755
869,327275,299,666,567,0.186033755
870,327594,160,704,568,0.157533755
871,328072,279,655,567,0.112533755
872,328391,120,736,592,0.079533755
873,328830,259,734,596,0.116533755
874,329588,180,697,544,0.141033755
875,329807,100,706,553,0.169033755
876,329927,140,695,541,0.124533755
877,330305,538,665,534,0.136533755
878,330903,239,729,576,0.094466245
879,331163,140,727,572,0.107466245
880,331322,159,720,535,0.112033755
881,331561,239,670,553,0.179033755
882,331860,180,731,577,0.083533755
883,332080,100,724,583,0.108966245
884,332200,159,751,578,0.129966245
885,332379,199,710,570,0.100966245
886,332618,159,706,575,0.118033755
887,332977,199,777,561,0.134533755
888,333356,179,361,218,0.140033755
889,333575,120,456,268,0.138033755
890,333715,518,428,240,0.143533755
891,334373,160,452,237,0.104533755
892,334692,100,459,229,0.036033755
893,335250,100,614,248,0.166033755
894,335489,139,196,242,0.167533755
895,335649,100,326,235,0.140533755
896,335788,439,452,244,0.151533755
897,336247,180,554,247,0.131033755
898,336805,239,589,247,0.161966245
899,337064,120,573,244,0.128966245
900,337244,179,322,241,0.090466245
901,337443,139,256,251,0.116966245
902,337662,180,565,230,0.114466245
903,337882,239,446,233,0.154466245
904,338161,518,431,251,0.178966245
905,339955,179,463,211,0.512966245
906,341251,279,418,247,0.283466245
907,341550,419,420,232,0.053033755
908,341989,219,419,193,0.109033755
909,342248,160,422,196,0.117033755
910,342627,1774,421,247,0.242033755
911,345677,140,508,228,0.562466245
912,345877,279,440,244,0.379966245
913,346176,120,444,232,0.107966245
914,346375,299,433,272,0.084533755
915,346694,259,425,248,0.127033755
916,347013,798,425,244,0.263533755
917,348050,957,433,246,0.228033755
918,349027,578,433,240,0.306033755
919,349665,160,68,264,0.280033755
920,349844,219,33,260,0.281533755
921,350123,179,274,273,0.283033755
922,350323,339,237,264,0.261033755
923,351060,299,81,636,0.219033755
924,351519,140,33,581,0.216533755
925,351678,518,23,580,0.169533755
926,352356,140,62,567,0.117533755
927,352615,678,35,545,0.130033755
928,353313,279,44,585,0.054533755
929,353612,299,67,594,0.074966245
930,353931,259,11,594,0.069533755
931,354868,160,86,616,0.187466245
932,355048,100,95,599,0.061466245
933,355207,299,27,599,0.121466245
934,355546,199,54,611,0.134466245
935,355786,160,53,615,0.195966245
936,355985,160,97,670,0.179466245
937,356304,179,87,701,0.118966245
938,356503,139,81,697,0.061966245
939,356723,319,77,738,0.089466245
940,357261,179,2,552,0.066466245
941,357460,140,24,605,0.075966245
942,357680,160,55,599,0.071533755
943,358537,179,43,557,0.120533755
944,359255,199,58,562,0.076966245
945,359494,160,56,560,0.103466245
946,359793,100,22,573,0.168533755
947,360032,279,75,617,0.093466245
948,360331,100,86,595,0.138466245
949,360570,299,75,601,0.116966245
950,361268,558,92,620,0.236466245
951,361926,180,46,618,0.112466245
952,362185,379,102,613,0.227466245
953,362604,339,113,628,0.147966245
954,362963,199,95,635,0.104466245
955,363182,120,94,630,0.109466245
956,363382,319,86,619,0.137966245
957,363780,100,735,580,0.109466245
958,363920,179,727,561,0.147466245
959,364179,140,665,538,0.128533755
960,364339,259,685,535,0.195533755
961,364718,179,170,230,0.154033755
962,364917,179,269,246,0.192533755
963,365116,339,234,252,0.200033755
964,365515,339,35,258,0.203033755
965,365914,199,358,244,0.107033755
966,366153,239,487,74,0.176533755
967,366771,279,560,62,0.147033755
968,367070,578,565,-3,0.221033755
969,367788,139,365,123,0.088033755
970,367947,160,290,270,0.030533755
971,368147,279,67,297,0.064466245
972,368446,159,48,286,0.051966245
973,368625,179,307,297,0.061033755
974,368825,219,241,288,0.104466245
975,369243,259,703,656,0.206966245
976,369782,219,733,586,0.090033755
977,370061,459,730,571,0.111533755
978,370539,120,724,560,0.175533755
979,370719,120,750,563,0.111033755
980,371018,120,698,572,0.115533755
981,371157,179,700,558,0.142533755
982,371357,239,783,577,0.164033755
983,371716,239,696,537,0.227033755
984,372154,140,731,541,0.226033755
985,372314,120,669,541,0.203533755
986,372513,379,704,520,0.260033755
987,373171,120,725,615,0.184033755
988,373310,598,714,597,0.230533755
989,373929,199,718,609,0.279033755
990,374168,379,717,595,0.257533755
991,374706,239,667,589,0.377533755
992,375105,279,715,550,0.306033755
993,375504,279,688,530,0.287533755
994,375803,598,710,565,0.309033755
995,376421,179,779,574,0.140033755
996,376740,139,838,573,0.196533755
997,376899,100,722,573,0.205533755
998,377398,199,88,617,0.242533755
999,377617,199,59,583,0.206533755
1000,377836,139,88,592,0.244033755
1001,377996,199,125,594,0.191033755
1002,378215,758,94,625,0.246533755
1003,379132,140,804,578,0.116533755
1004,379352,219,751,575,0.243033755
1005,379691,219,791,585,0.244533755
1006,379990,199,131,627,0.204533755
1007,380209,259,105,630,0.257533755
1008,381086,179,402,294,0.186533755
1009,381286,140,495,287,0.141033755
1010,381445,319,601,270,0.128033755
1011,381784,140,524,281,0.100033755
1012,381983,319,580,273,0.097033755
1013,382402,159,593,273,0.097533755
1014,382581,179,602,273,0.108533755
1015,382781,219,598,279,0.100533755
1016,383120,399,500,221,0.127533755
1017,383538,120,497,221,0.127533755
1018,383678,778,500,226,0.213033755
1019,384476,219,413,272,0.156533755
1020,384795,100,617,253,0.066033755
1021,384914,120,644,235,0.061033755
1022,385373,279,15,290,0.055466245
1023,385672,279,57,275,0.117533755
1024,385971,219,332,277,0.158533755
1025,386270,239,26,267,0.132033755
1026,386689,558,438,192,0.135966245
1027,387287,279,29,202,0.119533755
1028,387586,259,25,171,0.102033755
1029,387865,100,23,166,0.116033755
1030,388104,359,442,142,0.216533755
1031,388563,199,20,174,0.202033755
1032,388782,598,-7,192,0.165033755
1033,389560,140,1236,219,0.025466245
1034,389719,678,1285,192,0.198033755
1035,390457,219,1165,624,0.129533755
1036,390716,120,1192,502,0.060033755
1037,391155,120,74,594,0.162033755
1038,391454,180,51,644,0.160533755
1039,391773,359,47,171,0.118533755
1040,392251,239,1018,740,0.053966245
1041,392610,439,92,118,0.170533755
1042,393108,379,10,173,0.108533755
1043,393527,160,60,177,0.032966245
1044,393707,279,293,174,0.073533755
1045,394006,279,433,176,0.082533755
1046,394305,199,140,186,0.144533755
1047,394544,259,32,186,0.131033755
1048,394903,439,416,139,0.124533755
1049,395401,179,51,163,0.144033755
1050,395601,678,9,179,0.129533755
1051,396298,120,61,199,0.042533755
1052,396498,120,349,206,0.067033755
1053,396637,140,363,189,0.035966245
1054,396817,259,32,184,0.052533755
1055,397096,339,11,182,0.054966245
1056,397455,339,52,184,0.046466245
1057,397834,399,246,185,0.077033755
1058,398252,279,316,193,0.128533755
1059,398591,179,14,185,0.091533755
1060,398811,179,-8,311,0.078533755
1061,399189,199,66,581,0.055033755
1062,399588,179,20,591,0.129533755
1063,399807,140,42,605,0.082033755
1064,400047,179,12,569,0.137533755
1065,400346,319,45,568,0.143033755
1066,400725,439,47,569,0.118533755
1067,401283,179,10,543,0.164533755
1068,401602,199,72,547,0.147033755
1069,402001,160,21,544,0.205533755
1070,402200,160,23,542,0.170533755
1071,402379,139,71,560,0.180033755
1072,402539,140,71,546,0.064033755
1073,402698,259,72,565,0.175033755
1074,403177,179,22,512,0.180533755
1075,403376,180,39,536,0.148033755
1076,403815,140,11,576,0.114533755
1077,404074,199,56,592,0.091533755
1078,404413,200,100,596,0.125033755
1079,404672,279,36,583,0.155033755
1080,405211,159,58,545,0.129033755
1081,405729,239,65,605,0.102033755
1082,405988,259,60,606,0.109033755
1083,406327,219,30,603,0.209033755
1084,406766,479,62,621,0.176033755
1085,407324,120,78,717,0.246033755
1086,407464,279,71,706,0.239033755
1087,407882,199,12,588,0.282033755
1088,408261,279,66,610,0.219533755
1089,408680,100,63,611,0.207533755
1090,408799,140,34,618,0.185533755
1091,408999,140,4,619,0.176533755
1092,409696,120,52,596,0.069533755
1093,409836,199,59,599,0.085033755
1094,410075,319,82,614,0.074533755
1095,410494,239,19,612,0.127533755
1096,410773,259,24,619,0.098033755
1097,411292,100,85,629,0.194466245
1098,413106,120,91,710,0.200466245
1099,413405,140,43,713,0.114033755
1100,413564,120,42,697,0.139033755
1101,413804,180,81,728,0.115033755
1102,414003,319,109,735,0.119466245
1103,414342,339,43,726,0.175033755
1104,414800,678,84,736,0.180033755
1105,415498,379,96,745,0.170533755
1106,415957,179,79,710,0.115033755
1107,416156,459,74,650,0.166033755
1108,416635,259,74,645,0.188033755
1109,416914,219,77,685,0.203033755
1110,417153,379,82,678,0.203533755
1111,417552,120,83,653,0.140033755
1112,417751,139,44,574,0.180033755
1113,417911,259,42,576,0.158033755
1114,418190,179,26,607,0.157533755
1115,418489,140,73,608,0.076533755
1116,418967,120,76,635,0.072033755
1117,419107,100,111,725,0.086533755
1118,419246,100,106,724,0.111033755
1119,420064,100,35,651,
1120,420443,100,56,669,
1121,420582,140,59,661,
1122,421021,259,47,601,0.483966245
1123,421360,279,56,565,0.329966245
1124,421679,239,29,603,0.254466245
1125,421938,100,54,615,0.156466245
1126,422137,100,57,619,0.254466245
1127,422496,618,77,748,0.350966245
1128,423134,179,88,683,0.245966245
1129,423354,219,38,601,0.220966245
1130,423673,299,68,612,0.126966245
1131,424031,379,32,604,0.101466245
1132,424430,180,84,612,0.061966245
1133,424729,379,37,596,0.110533755
1134,425128,279,40,601,0.090466245
1135,425467,140,41,589,0.037033755
1136,425626,179,62,583,0.051466245
1137,425886,319,21,587,0.069466245
1138,426424,199,58,570,0.160966245
1139,426743,259,73,604,0.097466245
1140,427042,977,24,578,0.243466245
1141,428039,299,100,606,0.156466245
1142,428358,439,82,613,0.132466245
1143,429136,359,89,686,0.112466245
1144,429514,100,-5,588,0.053466245
1145,429634,558,42,602,0.088033755
1146,430372,120,84,585,0.072033755
1147,430810,179,16,579,0.128533755
1148,431010,299,73,588,0.122533755
1149,431349,160,147,606,0.058466245
1150,431648,160,97,657,0.065533755
1151,432226,160,51,614,0.115533755
1152,432545,160,105,252,0.091033755
1153,432724,219,34,256,0.137533755
1154,432964,219,40,188,0.191533755
1155,433203,578,37,165,0.216533755
1156,433881,199,65,658,0.109533755
1157,434100,179,43,629,0.121533755
1158,434339,140,68,616,0.049466245
1159,434539,100,120,635,0.060533755
1160,434658,319,112,626,0.116533755
1161,435117,479,104,669,0.203466245
1162,435635,239,37,599,0.216966245
1163,435894,179,80,624,0.121966245
1164,436433,139,92,422,0.111033755
1165,436592,179,241,412,0.142533755
1166,436811,100,308,387,0.175033755
1167,437071,159,717,555,0.207533755
1168,437649,219,701,534,0.288033755
1169,438048,139,714,545,0.186033755
1170,438267,758,690,539,0.149533755
1171,439044,139,727,514,0.074533755
1172,439244,120,655,528,0.181033755
1173,439383,319,681,540,0.121033755
1174,439782,578,666,522,0.143533755
1175,440380,179,678,506,0.191033755
1176,440580,179,723,551,0.163033755
1177,440779,179,722,528,0.205533755
1178,440978,140,785,541,0.235033755
1179,441397,319,731,535,0.196533755
1180,441796,120,717,568,0.224033755
1181,441935,259,668,549,0.215033755
1182,442434,239,771,539,0.166033755
1183,443251,319,737,627,0.146966245
1184,443909,180,107,568,0.129533755
1185,444128,140,56,593,0.122033755
1186,444288,279,61,554,0.137033755
1187,444707,100,104,572,0.105033755
1188,444926,159,87,615,0.139533755
1189,445165,339,107,641,0.089533755
1190,445743,100,725,608,0.144533755
1191,445863,279,762,574,0.109033755
1192,446441,140,156,261,0.194033755
1193,446700,279,300,216,0.234533755
1194,446999,319,234,197,0.265533755
1195,447378,100,376,158,0.216033755
1196,447598,180,47,198,0.215533755
1197,447797,239,32,196,0.170033755
1198,448096,279,368,193,0.178533755
1199,448515,718,429,178,0.156533755
1200,449252,319,603,178,0.156533755
1201,449591,339,597,177,0.145533755
1202,450309,179,419,188,0.163533755
1203,450509,219,491,209,0.179033755
1204,450788,180,17,207,0.168033755
1205,450987,339,43,195,0.233033755
1206,451386,479,298,208,0.227533755
1207,451884,100,414,190,0.049033755
1208,452084,279,58,190,0.072533755
1209,452403,259,308,190,0.079533755
1210,452682,339,246,193,0.102033755
1211,453080,379,311,189,0.109033755
1212,453539,140,665,738,0.226966245
1213,453878,180,716,651,0.043966245
1214,454077,120,763,660,0.099966245
1215,454217,299,750,624,0.148033755
1216,454636,120,747,625,0.075966245
1217,454775,100,737,611,0.060966245
1218,455094,120,103,594,0.072466245
1219,455294,160,152,622,0.119466245
1220,455473,199,103,605,0.730466245
1221,455732,239,103,662,0.111966245
1222,456211,359,754,619,0.197966245
1223,456669,239,731,628,0.221966245
1224,457068,199,758,620,0.142466245
1225,457367,180,754,528,0.141466245
1226,457566,179,809,590,0.150466245
1227,457766,239,742,595,0.091533755
1228,458065,180,743,594,0.096033755
1229,458264,100,740,575,0.084033755
1230,458384,259,749,595,0.131033755
1231,458822,160,752,585,0.115033755
1232,459002,179,739,582,0.144033755
1233,459221,140,711,594,0.101033755
1234,459381,179,753,596,0.056033755
1235,459959,140,715,597,0.180033755
1236,460278,120,703,590,0.115033755
1237,460617,140,713,602,0.112466245
1238,460856,160,787,644,0.224466245
1239,461115,140,758,687,0.278966245
1240,461514,139,471,210,0.108466245
1241,461733,100,428,187,0.077533755
1242,461913,180,588,172,0.154533755
1243,462152,339,591,168,0.150033755
1244,462770,179,718,170,0.103533755
1245,463009,120,566,175,0.063033755
1246,463149,558,603,171,0.114533755
1247,463727,160,614,181,0.054966245
1248,463906,100,617,181,0.052033755
1249,464026,658,444,174,0.083466245
1250,464704,478,597,178,0.127466245
1251,465202,279,609,189,0.072466245
1252,465501,120,602,195,0.034466245
1253,465701,299,608,181,0.043966245
1254,466020,698,616,177,0.104466245
1255,466837,100,624,179,0.046966245
1256,466997,179,438,185,0.107466245
1257,468014,120,620,220,0.252466245
1258,468153,140,601,177,0.152966245
1259,468353,140,450,179,0.124033755
1260,468512,279,453,169,0.173033755
1261,468811,678,427,172,0.140533755
1262,469529,199,590,182,0.104533755
1263,469808,179,431,184,0.072033755
1264,471383,180,433,162,0.656966245
1265,471702,1236,419,184,0.232533755
1266,473058,120,55,208,0.187533755
1267,473197,239,39,203,0.199033755
1268,473457,180,304,196,0.200033755
1269,473656,279,216,200,0.178533755
1270,474075,219,43,201,0.177033755
1271,474314,219,261,200,0.146033755
1272,474553,479,232,196,0.144033755
1273,475151,279,54,206,0.125033755
1274,475490,578,238,193,0.115466245
1275,476148,179,23,203,0.080533755
1276,476387,100,79,596,0.029033755
1277,477165,299,22,587,0.067466245
1278,478062,179,259,234,0.097966245
1279,478261,399,229,209,0.098033755
1280,478700,259,34,201,0.088033755
1281,479099,140,45,586,0.073966245
1282,479298,120,31,568,0.027533755
1283,479458,279,61,541,0.075966245
1284,479817,100,59,545,0.077966245
1285,480215,140,22,567,0.054533755
1286,480714,239,53,543,0.059033755
1287,481113,159,56,540,0.071966245
1288,481332,219,16,548,0.077966245
1289,481591,359,55,581,0.073966245
1290,481970,100,62,525,0.082966245
1291,482189,140,57,524,0.060466245
1292,482568,100,39,591,0.084533755
1293,482747,100,121,274,0.074033755
1294,482867,439,42,216,0.125533755
1295,483365,100,16,528,0.132033755
1296,483984,359,55,563,0.124466245
1297,484582,179,15,545,0.072466245
1298,484781,179,58,559,0.195966245
1299,485020,299,80,593,0.162966245
1300,485419,140,95,568,0.047466245
1301,485718,140,18,581,0.054533755
1302,485918,120,48,571,0.083533755
1303,486057,100,46,589,0.067533755
1304,486216,140,56,581,0.126466245
1305,486396,160,68,588,0.098033755
1306,486675,279,26,608,0.081966245
1307,487413,199,29,625,0.164966245
1308,487792,160,56,631,0.204466245
1309,488131,219,706,746,0.247966245
1310,488489,459,708,818,0.223966245
1311,488968,199,674,797,0.142466245
1312,489287,259,701,804,0.190966245
1313,489566,140,708,809,0.174466245
1314,489726,219,723,809,0.189466245
1315,489965,100,710,804,0.345466245
1316,490543,120,36,588,0.063466245
1317,490683,239,45,536,0.146033755
1318,490982,379,42,528,0.240533755
1319,491480,180,45,608,0.220533755
1320,491679,179,49,607,0.206533755
1321,491879,120,63,604,0.108533755
1322,492337,120,746,790,0.079533755
1323,492577,179,701,798,0.093966245
1324,492876,199,724,761,0.077966245
1325,493334,199,727,704,0.513466245
1326,493613,100,710,711,0.478966245
1327,493753,140,791,592,0.124466245
1328,494251,259,686,493,0.118533755
1329,494630,239,704,439,0.171533755
1330,494909,219,808,419,0.187033755
1331,495468,140,323,555,0.137466245
1332,495687,100,516,503,0.109466245
1333,496006,180,777,758,0.081033755
1334,496225,120,725,828,0.080966245
1335,496604,339,756,799,0.089466245
1336,496963,259,737,803,0.170466245
1337,497701,160,92,556,0.161966245
1338,497900,359,64,611,0.080033755
1339,498338,100,750,770,0.088966245
1340,498678,279,726,810,0.159466245
1341,499196,279,586,325,0.072033755
1342,499635,160,208,359,0.097033755
1343,499874,179,282,176,0.107533755
1344,500073,179,456,208,0.098533755
1345,500272,119,403,198,0.097033755
1346,500472,339,31,202,0.121533755
1347,500871,179,285,211,0.049533755
1348,501070,180,237,205,0.097033755
1349,501269,1017,424,200,0.065533755
1350,502306,558,428,208,0.090033755
1351,502884,160,490,209,0.060966245
1352,503223,399,421,197,0.229466245
1353,503642,180,412,201,0.061533755
1354,505377,339,425,192,0.444966245
1355,505755,259,430,210,0.162966245
1356,506074,120,435,198,0.062033755
1357,506393,817,435,203,0.103533755
1358,507450,100,428,206,0.075966245
1359,507928,299,36,222,0.179533755
1360,508248,120,38,192,0.183533755
1361,508427,199,294,192,0.184533755
1362,508646,319,220,197,0.196533755
1363,508985,120,217,213,0.208033755
1364,509125,399,46,213,0.277033755
1365,509563,199,293,219,0.318533755
1366,509783,259,219,217,0.294533755
1367,510122,179,48,222,0.249033755
1368,510461,538,53,592,0.192533755
1369,511059,339,52,575,0.158533755
1370,511418,219,35,589,0.134033755
1371,511657,259,54,574,0.189533755
1372,511936,359,51,547,0.160533755
1373,512454,100,-21,540,0.112533755
1374,512574,120,22,538,0.076033755
1375,512813,319,69,540,0.116466245
1376,513152,339,64,543,0.091533755
1377,513551,239,752,584,0.066966245
1378,514009,179,166,167,0.174033755
1379,514209,738,39,206,0.204033755
1380,515006,299,242,222,0.174533755
1381,515565,658,694,533,0.197533755
1382,516302,439,666,530,0.195533755
1383,516801,219,700,526,0.164033755
1384,517040,179,707,525,0.168033755
1385,517239,339,700,529,0.176033755
1386,517698,199,662,514,0.216533755
1387,517917,120,661,529,0.126533755
1388,518097,319,724,549,0.059966245
1389,518456,139,717,584,0.081033755
1390,518735,100,724,580,0.099533755
1391,519094,179,716,580,0.060533755
1392,519393,299,57,547,0.126966245
1393,519811,100,789,567,0.067966245
1394,520011,100,730,576,0.106466245
1395,520130,100,719,565,0.109966245
1396,520409,100,722,588,0.150466245
1397,520529,140,720,580,0.137966245
1398,521087,180,691,591,0.113533755
1399,521346,180,694,582,0.124533755
1400,521645,120,731,590,0.096033755
1401,522124,140,65,546,0.142033755
1402,522423,180,72,537,0.150533755
1403,522682,140,32,541,0.136533755
1404,522981,120,25,530,0.068533755
1405,523121,140,29,542,0.077966245
1406,523420,120,12,530,0.093466245
1407,523579,180,9,545,0.128966245
1408,523779,120,84,563,0.085966245
1409,523918,160,91,568,0.125966245
1410,524178,937,77,577,0.152966245
1411,525493,160,681,554,0.050533755
1412,525733,199,705,580,0.214533755
1413,525972,239,678,583,0.209533755
1414,526530,339,740,589,0.165033755
1415,526929,140,769,606,0.088033755
1416,527407,140,755,640,0.202466245
1417,527706,120,739,664,0.064466245
1418,527846,140,741,652,0.117966245
1419,528006,339,741,665,0.221966245
1420,528683,100,736,702,0.044466245
1421,528803,120,751,731,0.288966245
1422,529341,180,748,608,0.126466245
1423,529700,219,742,589,0.091466245
1424,529999,140,755,643,0.155966245
1425,530338,100,748,637,0.034466245
1426,530458,120,754,597,0.066533755
1427,530637,179,763,682,0.040033755
1428,530877,140,745,681,0.154966245
1429,531255,179,753,692,0.137966245
1430,531455,160,749,669,0.110466245
1431,531634,140,753,649,0.141966245
1432,532113,100,249,179,0.112033755
1433,532232,219,443,203,0.109533755
1434,532472,399,427,216,0.161033755
1435,533229,100,85,214,0.077533755
1436,533429,120,38,229,0.074533755
1437,533628,120,261,214,0.151533755
1438,534585,419,504,239,0.106466245
1439,535083,439,434,203,0.133533755
1440,535622,140,64,239,0.114533755
1441,535781,219,39,234,0.145033755
1442,536040,199,262,239,0.147033755
1443,536260,299,232,236,0.177033755
1444,536579,219,313,226,0.206033755
1445,536818,279,426,224,0.237533755
1446,537137,179,209,221,0.186033755
1447,537336,159,224,226,0.204533755
1448,537516,419,44,233,0.211033755
1449,538014,498,232,229,0.170533755
1450,538533,319,312,232,0.124533755
1451,538871,140,159,244,0.101033755
1452,539031,419,49,239,0.109533755
1453,539809,239,243,240,0.093033755
1454,540307,139,71,526,0.100033755
1455,540626,758,258,231,0.199033755
1456,541942,239,58,544,0.243033755
1457,542301,179,49,527,0.209533755
1458,542759,120,63,573,0.054033755
1459,542939,140,10,557,0.166466245
1460,543118,120,30,531,0.073033755
1461,543298,180,132,299,0.071033755
1462,543497,219,29,269,0.099033755
1463,543736,279,39,224,0.117533755
1464,544035,439,236,221,0.198033755
1465,544514,359,45,240,0.192533755
1466,545132,279,219,251,0.185033755
1467,545491,120,47,581,0.204033755
1468,545790,399,41,535,0.195533755
1469,546208,160,45,537,0.235533755
1470,546388,179,43,532,0.271033755
1471,546886,279,22,549,0.221533755
1472,547185,279,71,562,0.235533755
1473,547484,239,65,563,0.252533755
1474,547843,120,104,577,0.181533755
1475,548142,339,44,562,0.228533755
1476,548601,219,9,578,0.154033755
1477,548860,259,24,579,0.195533755
1478,549179,120,29,562,0.162533755
1479,549797,120,56,586,0.127033755
1480,549937,219,55,584,0.160033755
1481,550296,219,86,616,0.152533755
1482,550535,100,0,604,0.127533755
1483,550894,140,48,611,0.096033755
1484,551153,160,62,600,0.090033755
1485,551352,179,83,635,0.148033755
1486,551572,140,73,722,0.144533755
1487,551871,239,72,660,0.177033755
1488,552130,239,80,651,0.226533755
1489,552529,100,72,606,0.377533755
1490,552668,359,77,727,0.355033755
1491,553047,219,77,709,0.435033755
1492,553286,319,66,665,0.421533755
1493,553625,140,68,723,0.335033755
1494,553825,578,51,694,0.322533755
1495,554482,379,77,707,0.234533755
1496,554881,279,49,722,0.189533755
1497,555180,419,47,715,0.127533755
1498,555818,160,98,735,0.090533755
1499,556018,179,90,722,0.138533755
1500,556317,279,76,709,0.196033755
1501,556616,199,54,552,0.203533755
1502,557214,179,46,606,0.190533755
1503,557513,179,669,601,0.149033755
1504,558011,120,694,505,0.171533755
1505,558311,698,652,513,0.252533755
1506,559208,139,695,586,0.147033755
1507,559367,179,685,597,0.138533755
1508,559606,199,660,580,0.241033755
1509,559826,319,716,588,0.253033755
1510,560424,199,720,644,0.135533755
1511,560643,139,754,657,0.154533755
1512,560823,100,752,668,0.160466245
1513,560942,140,720,660,0.105966245
1514,561600,100,714,640,0.149033755
1515,561740,179,715,634,0.164533755
1516,561939,179,720,609,0.210033755
1517,562139,179,727,609,0.227533755
1518,562398,179,733,692,0.174533755
1519,562637,239,722,678,0.100033755
1520,563056,120,732,581,0.153533755
1521,563793,239,803,629,0.146033755
1522,564092,279,698,615,0.147533755
1523,564392,179,692,612,0.108533755
1524,564830,180,670,609,0.105033755
1525,565109,219,672,617,0.179033755
1526,565428,100,734,667,0.186033755
1527,565648,219,76,682,0.174533755
1528,565986,100,67,705,0.184533755
1529,566385,120,733,636,0.161533755
1530,566604,180,749,630,0.198033755
1531,566804,100,696,693,0.156533755
1532,567023,199,58,718,0.211533755
1533,567243,160,35,706,0.198533755
1534,567422,598,43,707,0.159033755
1535,568080,379,99,722,0.094966245
1536,568518,239,102,731,0.082966245
1537,568778,219,92,747,0.087533755
1538,569017,139,112,733,0.148033755
1539,569176,179,106,736,0.195033755
1540,569515,140,707,664,0.212033755
1541,569735,160,753,668,0.179533755
1542,570173,279,740,719,0.199033755
1543,570572,279,757,757,0.152533755
1544,571130,120,760,725,0.125033755
1545,571589,160,758,723,0.095033755
1546,572067,139,755,669,0.144033755
1547,572227,219,745,666,0.126533755
1548,572586,219,741,643,0.204533755
1549,573284,199,758,694,0.154033755
1550,573563,179,781,730,0.072966245
1551,573762,319,749,762,0.132966245
1552,574181,120,787,699,0.059533755
1553,574320,120,778,683,0.113533755
1554,574460,199,871,663,0.126533755
1555,575257,179,267,230,0.207533755
1556,575457,120,447,210,0.227533755
1557,575596,100,423,209,0.274533755
1558,575716,1017,419,223,0.313533755
1559,576952,180,389,205,0.165033755
1560,577152,1595,427,222,0.132533755
1561,579803,199,398,207,0.375966245
1562,580022,299,429,243,0.292466245
1563,580341,618,433,226,0.178533755
1564,580979,798,430,233,0.139533755
1565,583073,120,464,256,0.539966245
1566,583252,199,416,221,0.483466245
1567,583492,160,45,237,0.150033755
1568,584090,160,87,220,0.256033755
1569,584369,120,358,231,0.257533755
1570,584528,219,253,234,0.220533755
1571,584788,957,421,245,0.146533755
1572,585784,159,187,244,0.170533755
1573,585964,199,238,252,0.173033755
1574,586203,239,29,246,0.207533755
1575,586462,179,45,243,0.233533755
1576,586741,199,284,230,0.225033755
1577,586961,738,232,244,0.284033755
1578,587718,479,50,246,0.250033755
1579,588516,120,40,586,0.227533755
1580,588855,279,3,600,0.235533755
1581,589154,219,48,608,0.155033755
1582,589393,199,63,614,0.062033755
1583,589612,219,73,587,0.087466245
1584,589991,160,49,550,0.107966245
1585,590250,439,87,692,0.190466245
1586,590749,179,102,683,0.257466245
1587,590968,259,105,690,0.272466245
1588,591247,180,113,704,0.195466245
1589,591447,379,90,676,0.252966245
1590,591945,419,110,680,0.105466245
1591,592503,120,717,729,0.068466245
1592,592643,100,728,657,0.144966245
1593,592862,259,722,720,0.093466245
1594,593161,558,740,687,0.168033755
1595,593759,179,750,774,0.156466245
1596,593979,179,737,713,0.120533755
1597,594278,140,736,636,0.062533755
1598,594437,120,743,656,0.097466245
1599,594657,379,743,677,0.129466245
1600,595275,140,772,679,0.154533755
1601,595534,139,283,180,0.265533755
1602,595733,239,66,231,0.255033755
1603,595992,160,43,256,0.240533755
1604,596172,897,252,246,0.272533755
1605,597089,179,90,251,0.190033755
1606,597288,518,48,255,0.197033755
1607,597847,259,56,667,0.159033755
1608,598584,120,728,721,0.124033755
1609,598784,139,742,701,0.106533755
1610,599123,140,778,669,0.167033755
1611,599461,180,756,703,0.182033755
1612,599661,159,739,688,0.136033755
1613,599940,259,736,693,0.175533755
1614,600259,160,747,764,0.106533755
1615,600438,100,741,764,0.091033755
1616,600718,279,734,632,0.103533755
1617,601156,379,758,692,0.123033755
1618,601674,140,737,695,0.136033755
1619,601834,199,747,684,0.108466245
1620,602074,159,764,699,0.104466245
1621,602412,339,743,681,0.354466245
1622,602931,219,702,673,0.206033755
1623,603170,219,708,692,0.145033755
1624,603409,199,707,684,0.109033755
1625,603728,419,761,704,0.096466245
1626,604167,120,758,706,0.127966245
1627,604526,299,758,698,0.159966245
1628,604845,219,726,676,0.096466245
1629,605263,498,748,682,0.168533755
1630,606160,219,776,674,0.096033755
1631,606739,100,785,687,0.144966245
1632,606938,180,787,726,0.217466245
1633,607177,140,829,726,0.179966245
1634,607437,219,732,680,0.150466245
1635,610387,100,96,671,0.195966245
1636,610846,319,756,701,0.348966245
1637,611185,219,738,730,0.232966245
1638,611424,159,765,729,0.163466245
1639,611683,120,732,719,0.103966245
1640,612401,439,774,691,0.327966245
1641,613139,140,244,186,0.107533755
1642,613298,239,431,242,0.167033755
1643,613637,100,105,250,0.192033755
1644,613757,279,45,250,0.126533755
1645,614136,279,243,261,0.097033755
1646,614794,219,592,255,0.103966245
1647,615132,120,418,247,0.061033755
1648,615432,379,463,246,0.094966245
1649,615830,179,463,238,0.057533755
1650,616030,419,466,234,0.138533755
1651,616548,518,422,233,0.123033755
1652,617086,219,437,232,0.168533755
1653,617365,160,569,244,0.144033755
1654,617585,120,606,247,0.135533755
1655,617744,159,598,244,0.130533755
1656,618063,140,405,263,0.096033755
1657,618322,239,484,298,0.183533755
1658,618741,179,482,300,0.163533755
1659,618960,339,406,244,0.179533755
1660,619339,199,404,246,0.108533755
1661,619558,578,242,258,0.129533755
1662,620177,239,28,267,0.110033755
1663,620516,140,315,263,0.123033755
1664,620715,179,224,257,0.156033755
1665,621174,219,421,219,0.196533755
1666,621413,100,435,228,0.201533755
1667,621532,459,412,193,0.266033755
1668,622051,139,427,161,0.322533755
1669,622210,199,409,141,0.321533755
1670,622469,120,175,177,0.244533755
1671,622609,120,224,173,0.274533755
1672,622848,100,228,156,0.286033755
1673,622968,219,13,176,0.284033755
1674,623207,120,-10,184,0.265033755
1675,623367,219,15,311,0.220533755
1676,623606,139,10,276,0.193033755
1677,623765,279,93,272,0.230033755
1678,624064,160,18,203,0.197033755
1679,624284,299,264,261,0.176033755
1680,624603,179,5,202,0.100533755
1681,624802,279,36,168,0.133533755
1682,625101,120,-9,166,0.062033755
1683,625301,120,336,159,0.070533755
1684,625440,179,435,163,0.083033755
1685,625639,179,285,185,0.069033755
1686,625839,160,233,187,0.105533755
1687,626038,339,59,176,0.165533755
1688,626397,419,234,169,0.151033755
1689,627095,259,66,183,0.086033755
1690,627474,199,38,168,0.095466245
1691,627713,758,241,163,0.087533755
1692,628510,159,42,188,0.099033755
1693,628690,319,42,179,0.093966245
1694,629089,179,69,685,0.292966245
1695,629308,120,97,753,0.126466245
1696,629607,279,80,718,0.111466245
1697,629926,199,77,710,0.073966245
1698,630305,160,34,510,0.081033755
1699,630903,219,69,543,0.102466245
1700,631182,379,64,606,0.068533755
1701,631581,140,49,600,0.112033755
1702,631920,299,18,592,0.065466245
1703,632338,219,11,603,0.052466245
1704,632578,100,11,602,0.158966245
1705,632877,180,16,589,0.080033755
1706,633076,239,81,586,0.114966245
1707,633335,259,81,586,0.100033755
1708,634133,180,79,592,0.114033755
1709,634711,279,668,608,0.146533755
1710,635010,179,672,572,0.251033755
1711,635528,140,656,575,0.218533755
1712,635688,100,701,541,0.237033755
1713,635808,319,704,551,0.181533755
1714,636226,199,644,571,0.156533755
1715,636944,160,724,575,0.182466245
1716,637183,180,22,557,0.160533755
1717,637702,120,87,612,0.091033755
1718,638778,199,719,593,0.155533755
1719,639117,100,753,586,0.141033755
1720,639436,100,52,575,0.213533755
1721,639775,379,79,596,0.166033755
1722,640274,100,760,594,0.150533755
1723,640593,160,710,585,0.199033755
1724,640772,140,675,551,0.192533755
1725,641171,140,732,563,0.174533755
1726,641430,120,197,183,0.195033755
1727,641570,578,260,190,0.220033755
1728,642188,359,37,180,0.232033755
1729,642666,199,250,172,0.204533755
1730,643105,100,723,567,0.173033755
1731,643603,199,793,549,0.238033755
1732,644680,139,691,584,0.128966245
1733,645138,179,724,580,0.159966245
1734,646075,100,738,612,0.212466245
1735,646215,100,733,603,0.183966245
1736,646374,100,764,575,0.120466245
1737,646634,140,766,586,0.078466245
1738,646992,160,732,605,0.142966245
1739,647172,179,802,595,0.116966245
1740,647670,179,745,608,0.119966245
1741,648089,219,820,602,0.083033755
1742,648388,259,767,603,0.079033755
1743,648667,199,730,593,0.124033755
1744,648986,160,751,587,0.074533755
1745,649206,100,828,585,0.100533755
1746,649325,180,830,577,0.124033755
1747,649704,199,728,615,0.110533755
1748,650103,179,813,614,0.078466245
1749,650362,100,727,611,0.077966245
1750,651160,179,428,143,0.177533755
1751,651359,179,376,160,0.197533755
1752,651558,219,256,178,0.202033755
1753,651857,120,482,164,0.204533755
1754,651997,279,427,158,0.230533755
1755,652356,479,249,165,0.233033755
1756,652854,179,445,161,0.231533755
1757,653073,957,597,165,0.178033755
1758,654050,199,564,186,0.052033755
1759,654270,578,494,189,0.098533755
1760,654868,758,427,170,0.144033755
1761,655665,259,218,182,0.090533755
1762,655944,100,285,172,0.128033755
1763,656064,359,38,186,0.132033755
1764,656443,339,232,183,0.133533755
1765,656882,1057,261,183,0.207033755
1766,657978,339,43,189,0.142033755
1767,658337,299,250,188,0.137033755
1768,658796,140,269,194,0.137533755
1769,658995,239,437,175,0.162533755
1770,659294,239,251,183,0.216533755
1771,659593,498,412,182,0.214033755
1772,660131,259,249,172,0.232033755
1773,660490,279,47,183,0.207533755
1774,660809,359,244,184,0.229033755
1775,661647,119,21,577,0.166033755
1776,661826,339,34,576,0.204533755
1777,662584,379,16,589,0.151466245
1778,663082,180,17,588,0.141966245
1779,663381,179,23,590,0.176966245
1780,663680,239,77,611,0.157466245
1781,663959,199,92,652,0.174466245
1782,664278,239,33,628,0.106533755
1783,664797,299,68,612,0.075033755
1784,665235,239,101,598,0.062966245
1785,665494,179,104,587,0.112966245
1786,666192,120,116,678,0.184466245
1787,666471,239,50,708,0.084466245
1788,667129,120,28,609,0.111533755
1789,667269,379,98,609,0.081033755
1790,667708,140,101,632,0.061033755
1791,668106,638,83,655,0.084533755
1792,668964,339,29,586,0.088466245
1793,669562,618,47,219,0.116533755
1794,670200,279,29,180,0.149533755
1795,670499,339,248,182,0.145533755
1796,671496,239,668,564,0.168533755
1797,671795,100,696,551,0.209533755
1798,672094,100,690,530,0.191533755
1799,672293,100,682,526,0.119033755
1800,672453,140,696,529,0.113533755
1801,672632,199,638,528,0.141533755
1802,672851,239,665,542,0.143033755
1803,673150,100,670,550,0.092466245
1804,673549,100,741,576,0.061033755
1805,673669,120,696,608,0.154466245
1806,673848,279,706,563,0.125033755
1807,674247,100,697,565,0.124033755
1808,674766,100,704,596,0.149533755
1809,675084,140,692,626,0.162033755
1810,675244,180,717,643,0.155533755
1811,675882,100,737,638,0.147033755
1812,676141,199,688,644,0.164033755
1813,676380,160,742,603,0.168033755
1814,676580,100,741,607,0.102033755
1815,676699,140,734,611,0.086033755
1816,677098,120,734,683,0.106466245
1817,677258,319,809,672,0.109966245
1818,677656,159,789,689,0.070033755
1819,677856,180,759,671,0.091966245
1820,678135,120,764,684,0.054966245
1821,678314,160,713,632,0.090033755
1822,678753,199,88,641,0.162033755
1823,679072,100,86,624,0.114533755
1824,679192,120,45,600,0.156533755
1825,679331,180,45,584,0.189533755
1826,679790,239,417,164,0.243533755
1827,680129,538,439,187,0.244533755
1828,680747,319,445,186,0.213033755
1829,681086,239,446,183,0.144033755
1830,681365,279,585,179,0.130033755
1831,681764,160,412,167,0.171033755
1832,681963,259,592,182,0.196533755
1833,682242,598,480,208,0.207533755
1834,682860,638,422,169,0.252033755
1835,683538,119,163,198,0.227533755
1836,683677,239,239,191,0.241533755
1837,683937,219,276,186,0.240033755
1838,684176,419,230,188,0.258533755
1839,684615,439,38,199,0.226033755
1840,685073,558,232,199,0.187533755
1841,685711,498,44,195,0.237533755
1842,686249,738,-8,206,0.206533755
1843,687167,219,99,263,0.217033755
1844,687725,140,32,602,0.089033755
1845,687924,199,37,610,0.137533755
1846,688144,140,85,608,0.092533755
1847,688522,658,44,570,0.149033755
1848,689220,100,36,571,0.118033755
1849,690576,120,41,596,0.492533755
1850,690835,140,8,610,0.132033755
1851,691054,100,4,603,0.094033755
1852,691174,120,5,617,0.085533755
1853,691413,239,74,645,0.164533755
1854,691672,120,75,647,0.116533755
1855,691932,160,62,698,0.147033755
1856,692350,100,76,662,0.109533755
1857,692550,180,82,679,0.054033755
1858,692809,279,91,639,0.072966245
1859,693108,179,75,687,0.093466245
1860,693307,180,80,686,0.077466245
1861,693606,279,113,685,0.078466245
1862,693985,299,46,690,0.100533755
1863,694504,120,727,704,0.107966245
1864,694703,120,705,653,0.154533755
1865,694922,100,670,642,0.236033755
1866,695162,120,666,653,0.233033755
1867,695441,259,678,639,0.267533755
1868,695800,179,697,597,0.251533755
1869,696158,140,663,537,0.191033755
1870,696318,100,659,515,0.254533755
1871,696438,140,694,538,0.216533755
1872,696756,160,678,544,0.174033755
1873,696956,120,655,525,0.260533755
1874,697095,100,676,530,0.246033755
1875,697235,160,658,518,0.279533755
1876,697694,179,700,511,0.187533755
1877,697993,160,640,524,0.143033755
1878,698192,100,638,517,0.058966245
1879,698331,140,671,608,0.076966245
1880,698651,179,703,602,0.086966245
1881,698870,199,657,597,0.092966245
1882,699109,100,725,618,0.052033755
1883,699229,100,742,611,0.059033755
1884,699608,259,726,634,0.135533755
1885,699907,100,769,612,
1886,700385,179,714,628,0.187033755
1887,700604,100,718,622,0.205033755
1888,700784,100,738,588,0.177466245
1889,701043,179,52,676,0.267533755
1890,701362,100,81,675,0.293533755
1891,701641,119,737,655,0.300533755
1892,701781,140,720,635,0.267533755
1893,702040,219,835,608,0.229533755
1894,702379,319,714,621,0.305533755
1895,703495,159,714,648,0.252533755
1896,703695,199,672,606,0.271533755
1897,703934,219,673,590,0.274033755
1898,704313,100,660,540,0.217533755
1899,704572,120,687,563,0.201033755
1900,704732,120,649,551,0.219033755
1901,704931,140,655,546,0.219533755
1902,705310,100,723,521,0.257033755
1903,705429,140,719,527,0.177033755
1904,705609,160,703,522,0.154533755
1905,706087,180,696,515,0.125033755
1906,706506,100,697,568,0.215533755
1907,706805,219,649,566,0.206033755
1908,707124,100,675,543,0.117533755
1909,707443,140,654,516,0.139533755
1910,707682,279,695,585,0.199033755
1911,707981,419,655,581,0.173033755
1912,708579,120,730,657,0.147533755
1913,708719,140,728,635,0.133033755
1914,708878,180,696,694,0.116533755
1915,709138,179,703,680,0.183033755
1916,709337,100,690,707,0.233533755
1917,709596,259,703,711,0.203033755
1918,709875,100,700,686,0.208533755
1919,709995,199,703,684,0.231533755
1920,710234,120,702,698,0.270033755
1921,710394,219,689,598,0.268033755
1922,710633,120,701,603,0.235033755
1923,710832,219,734,612,0.295033755
1924,711331,160,732,650,0.174033755
1925,712388,259,733,650,0.180033755
1926,712667,299,671,618,0.212033755
1927,712986,259,730,599,0.202033755
1928,713325,219,833,614,0.197533755
1929,713803,160,745,680,0.222033755
1930,713982,100,745,677,0.229533755
1931,714282,199,742,644,0.212533755
1932,714541,419,704,610,0.228033755
1933,715458,219,757,618,0.148533755
1934,716076,199,713,599,0.215533755
1935,716355,180,718,642,0.173033755
1936,716555,179,734,594,0.218033755
1937,716814,120,720,677,0.170033755
1938,716953,279,721,650,0.224033755
1939,717252,140,715,650,0.253533755
1940,717511,180,718,649,0.265533755
1941,717771,259,740,673,0.271033755
1942,718070,179,733,664,0.254033755
1943,718269,100,740,653,0.289033755
1944,718389,180,731,654,0.284533755
1945,718787,399,743,701,0.297533755
1946,719206,180,752,703,0.277533755
1947,719445,140,761,775,0.305533755
1948,719844,140,759,717,0.274033755
1949,720024,120,740,643,0.247033755
1950,720183,379,735,641,0.258033755
1951,720642,100,752,627,0.365033755
1952,720761,299,741,671,0.373033755
1953,721658,120,723,717,0.410033755
1954,721798,160,751,777,0.484033755
1955,722097,160,718,789,0.353033755
1956,722376,140,682,809,0.350033755
1957,722536,100,730,804,0.349033755
1958,723233,100,691,612,0.298033755
1959,723373,239,746,609,0.352033755
1960,724549,120,733,649,0.433033755
1961,725187,120,740,681,0.386533755
1962,725586,120,733,707,0.230533755
1963,725865,140,735,701,0.232533755
1964,726424,179,292,191,0.316033755
1965,726623,219,224,203,0.355533755
1966,726962,159,215,204,0.389533755
1967,727161,140,264,186,0.412533755
1968,727879,100,737,710,0.159966245
1969,728318,140,739,663,0.190533755
1970,728617,100,758,707,0.129033755
1971,728776,180,773,690,0.105033755
1972,728995,100,742,657,0.087033755
1973,729115,299,750,681,0.100966245
1974,729534,160,764,732,0.076466245
1975,729932,159,697,718,0.213966245
1976,730132,180,790,742,0.176466245
1977,730371,259,741,738,0.356966245
1978,730730,120,781,762,0.139466245
1979,730909,179,698,687,0.192466245
1980,731228,179,774,698,0.163966245
1981,731468,299,734,707,0.289966245
1982,731966,100,770,727,0.241966245
1983,732205,139,742,676,0.204966245
1984,732784,159,742,610,0.121033755
1985,733063,100,749,736,0.096033755
1986,733561,219,736,758,0.068533755
1987,733940,119,299,216,0.261033755
1988,734079,160,422,183,0.259533755
1989,734279,259,242,199,0.314033755
1990,734558,279,220,197,0.313533755
1991,734857,439,44,203,0.276533755
1992,736133,100,733,786,0.086533755
1993,736312,219,747,761,0.086466245
1994,736552,120,722,719,0.215966245
1995,736691,140,726,700,0.158466245
1996,736851,219,737,714,0.206966245
1997,737150,100,741,799,0.124966245
1998,737449,120,754,778,0.131466245
1999,737648,239,722,813,0.113466245
2000,737987,199,728,808,0.115466245
2001,738207,140,731,798,0.169466245
2002,738565,100,773,793,0.114966245
2003,738765,199,713,800,0.191466245
2004,739084,100,760,819,0.121966245
2005,739303,239,765,820,0.151466245
2006,739642,100,700,815,0.146466245
2007,739802,339,695,818,0.143466245
2008,740360,259,752,844,0.196466245
2009,740639,339,763,821,0.233466245
2010,741038,179,699,832,0.285466245
2011,741257,160,722,812,0.363966245
2012,741716,100,111,714,0.080466245
2013,742035,139,75,695,0.102533755
2014,742653,120,58,707,0.117033755
2015,742812,120,58,694,0.139533755
2016,742972,319,36,602,0.189533755
2017,743370,100,68,621,0.180033755
2018,743749,279,82,696,0.075533755
2019,744288,199,95,703,0.096466245
2020,744666,100,98,713,0.085033755
2021,744906,319,60,717,0.142033755
2022,745304,219,88,706,0.109533755
2023,745583,120,763,777,0.094533755
2024,746082,180,760,810,0.103033755
2025,746580,239,115,724,0.145533755
2026,746939,179,67,711,0.178533755
2027,747178,239,86,706,0.142033755
2028,747916,120,728,674,0.093966245
2029,748355,120,306,344,0.106033755
2030,748554,179,461,169,0.082533755
2031,748754,199,427,180,0.119033755
2032,749052,120,102,212,0.132033755
2033,749192,199,28,210,0.105033755
2034,749551,120,238,219,0.094533755
2035,749690,199,265,214,0.069033755
2036,749950,817,426,209,0.097966245
2037,750907,219,599,217,0.085966245
2038,751146,479,604,207,0.096966245
2039,751684,140,594,191,0.085033755
2040,752043,618,490,249,0.112033755
2041,752681,140,485,248,0.088533755
2042,752880,738,430,201,0.131033755
2043,753678,140,87,224,0.084533755
2044,753838,239,36,232,0.104033755
2045,754097,140,28,227,0.119033755
2046,754256,359,223,222,0.166533755
2047,754695,120,432,212,0.128033755
2048,754854,459,25,223,0.188533755
2049,755432,100,205,222,0.222033755
2050,755552,100,227,225,0.204533755
2051,755791,160,13,566,0.111033755
2052,756390,120,44,595,0.134033755
2053,756629,200,85,707,0.168533755
2054,757028,179,74,699,0.050533755
2055,757247,219,83,703,0.129033755
2056,757745,160,73,722,0.099533755
2057,757925,279,74,715,0.081966245
2058,758344,159,80,727,0.125966245
2059,758922,120,707,702,0.139966245
2060,759121,100,696,719,0.097466245
2061,759261,239,687,712,0.100466245
2062,759839,100,671,593,0.189033755
2063,759978,120,678,587,0.189033755
2064,760158,139,724,600,0.223033755
2065,760676,180,698,580,0.184533755
2066,761115,199,702,628,0.166033755
2067,761334,279,707,623,0.137033755
2068,761633,120,704,621,0.095533755
2069,761773,160,738,629,0.121466245
2070,762032,259,709,633,0.133033755
2071,762311,100,666,607,0.143533755
2072,762510,199,711,592,0.185533755
2073,762730,259,714,610,0.246533755
2074,763328,159,710,655,0.205033755
2075,763507,100,738,665,0.262033755
2076,763846,140,797,650,0.156033755
2077,764006,239,721,648,0.277533755
2078,764344,140,678,641,0.349533755
2079,764504,140,700,632,0.282033755
2080,764664,120,697,612,0.344033755
2081,764863,120,710,629,0.243033755
2082,765042,140,697,635,0.163033755
2083,765541,100,682,584,0.181033755
2084,765900,219,729,664,0.167033755
2085,766139,359,686,671,0.159966245
2086,766518,159,708,654,0.176533755
2087,766757,120,740,650,0.195033755
2088,766917,160,722,655,0.192033755
2089,767256,120,102,693,0.240533755
2090,767395,180,66,727,0.209533755
2091,767634,140,61,697,0.230033755
2092,767794,140,64,699,0.215533755
2093,768192,100,99,760,0.115033755
2094,768312,279,96,749,0.178033755
2095,768850,159,93,755,0.207533755
2096,769289,100,60,663,0.168033755
2097,769429,160,81,640,0.122533755
2098,769728,100,74,630,0.121533755
2099,770086,120,96,702,0.194033755
2100,770226,139,86,702,0.102033755
2101,770445,100,715,631,0.064033755
2102,770605,379,730,680,0.084466245
2103,771622,200,741,642,0.132466245
2104,772040,140,704,579,0.134033755
2105,772200,120,707,590,0.183533755
2106,772479,199,67,668,0.222533755
2107,772698,219,61,615,0.225033755
2108,772978,120,44,596,0.188533755
2109,773536,159,84,726,0.075533755
2110,773715,159,97,728,0.062533755
2111,773895,279,119,727,0.187466245
2112,774194,120,81,726,0.066966245
2113,774373,239,80,717,0.046466245
2114,774892,100,82,746,0.088466245
2115,775350,439,112,748,0.094033755
2116,776267,159,123,741,0.124533755
2117,776566,179,64,715,0.162533755
2118,776806,120,111,714,0.067533755
2119,776945,239,114,717,0.105466245
2120,777663,498,71,713,0.225466245
2121,778520,140,76,732,0.124966245
2122,778700,199,76,725,0.151966245
2123,778919,239,83,725,0.138966245
2124,779178,120,88,728,0.196466245
2125,779318,239,105,724,0.157966245
2126,779577,578,84,742,0.213966245
2127,780653,140,310,215,0.145533755
2128,780853,140,477,225,0.144033755
2129,781012,359,419,217,0.178033755
2130,781391,140,519,197,0.121033755
2131,781670,359,529,202,0.142466245
2132,782049,219,523,212,0.137966245
2133,782308,219,533,218,0.102966245
2134,782587,140,611,230,0.197466245
2135,782747,299,429,205,0.203466245
2136,783245,199,591,209,0.157966245
2137,783584,359,589,224,0.155966245
2138,783963,100,598,227,0.082466245
2139,784103,120,466,197,0.173466245
2140,784242,279,465,205,0.258466245
2141,784541,239,456,205,0.161966245
2142,784800,339,595,219,0.156966245
2143,785199,439,569,223,0.164466245
2144,785678,558,417,218,0.120466245
2145,787532,698,435,222,0.338466245
2146,788250,120,360,225,0.247533755
2147,788389,379,401,238,0.209033755
2148,789107,558,413,251,0.166033755
2149,789705,459,31,244,0.191533755
2150,790184,100,227,239,0.190033755
2151,790403,219,230,231,0.228033755
2152,790682,538,33,233,0.223033755
2153,791240,319,228,243,0.121533755
2154,791579,219,219,228,0.145533755
2155,791858,459,30,228,0.214533755
2156,792337,160,189,228,0.202533755
2157,792516,638,216,235,0.155033755
2158,793394,179,626,192,0.135033755
2159,793872,279,48,232,0.201533755
2160,794191,499,229,235,0.194533755
2161,794829,179,253,196,0.163533755
2162,795028,140,207,235,0.171533755
2163,795188,439,42,220,0.199533755
2164,795647,379,223,238,0.181033755
2165,796065,499,44,245,0.177033755
2166,797301,179,54,557,0.096966245
2167,797879,100,26,622,0.137466245
2168,797999,140,15,593,0.122466245
2169,798159,179,15,608,0.111966245
2170,798497,120,47,608,0.120466245
2171,798737,279,49,554,0.130466245
2172,799076,100,50,536,0.117466245
2173,799255,259,64,579,0.095466245
2174,799694,259,46,560,0.084033755
2175,800092,160,56,575,0.091533755
2176,800372,180,-5,577,0.069966245
2177,800990,319,663,565,0.159966245
2178,801329,279,656,581,0.218533755
2179,801628,120,660,549,0.174033755
2180,801807,100,684,552,0.118533755
2181,801927,279,687,535,0.130033755
2182,802365,100,649,577,0.075466245
2183,802485,179,647,576,0.091966245
2184,802744,339,663,546,0.168466245
2185,803103,199,671,531,0.148466245
2186,803362,219,701,529,0.086033755
2187,803721,180,725,567,0.056533755
2188,804558,199,676,544,0.122533755
2189,804878,219,736,590,0.087466245
2190,805117,120,754,639,0.107966245
2191,805954,239,726,577,0.113966245
2192,806373,120,766,630,0.227466245
2193,806532,259,769,614,0.247966245
2194,807150,339,1093,719,0.117533755
2195,807509,299,1099,750,0.206533755
2196,807848,140,1077,784,0.208533755
2197,808147,140,1099,734,0.208533755
2198,808307,100,1139,724,0.206533755
2199,808426,120,1088,735,0.198033755
2200,808686,100,722,631,0.138033755
2201,808945,239,739,576,0.182033755
2202,809204,179,736,581,0.177033755
2203,809802,120,57,580,0.151033755
2204,809942,139,48,570,0.148533755
2205,810101,100,45,564,0.112533755
2206,810320,100,28,577,0.069033755
2207,810440,159,23,578,0.116033755
2208,810620,100,25,566,0.034033755
2209,810819,259,28,585,0.160466245
2210,811218,100,73,597,0.227466245
2211,811417,159,134,623,0.169466245
2212,811636,140,92,587,0.096466245
2213,811796,140,176,578,0.079533755
2214,812015,160,72,607,0.137533755
2215,812195,120,90,609,0.124033755
2216,812434,179,236,179,0.161033755
2217,812633,199,438,211,0.135033755
2218,813012,479,38,239,0.124533755
2219,813530,140,189,258,0.097533755
2220,813690,279,228,247,0.086533755
2221,813989,219,393,245,0.051533755
2222,814288,279,603,259,0.123533755
2223,814627,140,609,250,0.055533755
2224,814886,239,588,245,0.143533755
2225,815145,120,592,232,0.117033755
2226,815285,120,598,242,0.095533755
2227,815424,100,497,280,0.091533755
2228,815624,359,482,291,0.182033755
2229,816003,159,488,303,0.138033755
2230,816282,179,450,243,0.144533755
2231,816641,339,415,250,0.089533755
2232,817079,199,178,232,0.103533755
2233,817478,140,56,166,0.085533755
2234,817757,120,162,132,0.041033755
2235,817897,179,190,147,0.037466245
2236,818096,120,104,159,0.049533755
2237,818236,120,104,142,0.131033755
2238,818375,140,154,140,0.145533755
2239,818535,179,230,146,0.112033755
2240,818734,399,189,147,0.125033755
2241,819292,140,61,152,0.020966245
2242,819452,359,116,150,0.085966245
2243,820449,180,8,541,0.065033755
2244,820748,140,24,533,0.100966245
2245,821206,100,53,547,0.186466245
2246,821346,219,17,544,0.196966245
2247,821725,239,105,538,0.164966245
2248,821984,140,79,584,0.264466245
2249,823180,160,62,537,0.069466245
2250,823360,160,9,597,0.045966245
2251,823998,219,-1,529,0.143466245
2252,824656,100,649,528,0.151466245
2253,824935,219,651,506,0.105533755
2254,825174,259,662,528,0.129533755
2255,825453,100,658,534,0.085533755
2256,825573,239,659,521,0.110533755
2257,826091,179,709,522,0.080033755
2258,826869,339,36,537,0.106033755
2259,827227,279,59,525,0.150033755
2260,827846,179,666,491,0.122033755
2261,828045,180,676,502,0.135533755
2262,828324,100,32,501,0.160533755
2263,828464,199,40,508,0.228033755
2264,828982,439,707,512,0.155033755
2265,829560,219,44,542,0.247033755
2266,829859,120,87,527,0.134533755
2267,830358,160,69,516,0.135533755
2268,830537,159,-2,518,0.158533755
2269,830736,259,8,532,0.114033755
2270,831155,239,71,533,0.065033755
2271,831514,100,721,533,0.081966245
2272,831634,160,688,513,0.149533755
2273,832112,179,12,552,0.099033755
2274,832531,100,93,558,0.033966245
2275,832650,199,82,557,0.039533755
2276,832970,120,715,529,0.096466245
2277,833149,179,652,516,0.138533755
2278,833468,219,726,533,0.072033755
2279,833966,219,660,509,0.093033755
2280,834226,219,706,503,0.086033755
2281,834465,359,703,509,0.131033755
2282,834864,120,721,520,0.092033755
2283,835142,100,127,537,0.122033755
2284,835262,219,41,529,0.088533755
2285,835621,160,652,487,0.155533755
2286,835801,219,691,509,0.061033755
2287,836100,180,146,192,0.141533755
2288,836299,937,57,190,0.091033755
2289,837296,140,348,195,0.068466245
2290,837455,538,242,184,0.117966245
2291,838213,160,836,179,0.120466245
2292,838492,199,282,174,0.183466245
2293,838751,160,464,183,0.053033755
2294,838990,538,188,187,0.080466245
2295,839549,219,270,209,0.100466245
2296,839788,239,218,194,0.073966245
2297,840087,319,34,227,0.114966245
2298,840426,638,29,267,0.129966245
2299,841084,279,49,222,0.065466245
2300,841523,538,50,276,0.115966245
2301,842081,279,50,240,0.135466245
2302,842380,120,133,236,0.051966245
2303,842520,179,70,230,0.051533755
2304,842779,1236,238,233,0.113533755
2305,844573,140,697,638,0.100966245
2306,845191,160,40,608,0.072033755
2307,845769,100,748,594,0.230466245
2308,846088,119,713,670,0.119466245
2309,846228,140,709,667,0.088466245
2310,846527,179,82,241,0.192033755
2311,846726,1734,92,245,0.227533755
2312,848720,100,699,608,0.201966245
2313,848959,160,711,688,0.183466245
2314,849538,180,702,515,0.151033755
2315,849737,100,696,505,0.226033755
2316,850076,120,709,535,0.142033755
2317,850215,100,728,540,0.147466245
2318,850475,159,732,623,0.167466245
2319,850654,140,731,612,0.128466245
2320,850913,199,50,592,0.066033755
2321,851272,100,76,554,0.155466245
2322,851452,120,72,543,0.296466245
2323,851810,219,717,519,0.094466245
2324,852309,219,728,614,0.112966245
2325,852628,100,723,644,0.138966245
2326,852767,139,740,612,0.138466245
2327,852967,219,742,534,0.206466245
2328,853485,100,70,204,0.197466245
2329,853605,897,42,271,0.183466245
2330,854522,778,33,260,0.195966245
2331,855319,100,33,268,0.174966245
2332,858350,100,35,255,0.908466245
2333,858469,120,90,256,0.856966245
2334,858609,120,99,238,
2335,858888,239,230,242,0.163466245
2336,859167,778,229,245,0.186533755
2337,859965,1156,233,237,0.119533755
2338,862916,120,296,263,0.993966245
2339,863055,120,235,259,0.722466245
2340,863195,239,244,262,0.464466245
2341,863474,160,54,255,0.175466245
2342,863952,479,51,263,0.115466245
2343,864451,499,236,251,0.093966245
2344,864989,259,34,254,0.154533755
2345,865268,758,30,258,0.116533755
2346,866305,319,62,556,0.107966245
2347,866644,120,49,553,0.086533755
2348,866783,139,47,547,0.136033755
2349,867382,160,117,568,0.100533755
2350,867561,180,53,567,0.119533755
2351,867880,100,756,609,0.066966245
2352,868339,339,727,582,0.121966245
2353,868857,100,740,567,0.087033755
2354,868977,100,747,547,0.116533755
2355,869276,299,685,587,0.084966245
2356,869634,140,35,572,0.109966245
2357,869934,100,76,586,0.029466245
2358,870751,160,696,582,0.031466245
2359,870930,180,688,596,0.158966245
2360,871230,199,675,582,0.126966245
2361,871648,219,717,599,0.141466245
2362,871967,199,786,620,0.252466245
2363,872266,100,748,737,0.265966245
2364,872525,498,75,571,0.081966245
2365,873243,160,75,563,0.060966245
2366,873482,279,80,559,0.114466245
2367,873921,578,66,552,0.142033755
2368,874519,140,95,570,0.151033755
2369,874778,199,730,595,0.121033755
2370,875038,199,725,591,0.120033755
2371,875376,219,722,578,0.202533755
2372,875636,140,696,571,0.225533755
2373,875975,139,742,597,0.124533755
2374,876274,100,727,590,0.079033755
2375,877031,379,81,586,0.092033755
2376,877430,299,72,539,0.155533755
2377,878048,199,727,567,0.120466245
2378,878387,339,720,540,0.117466245
2379,878766,239,748,607,0.159466245
2380,879045,179,730,581,0.127533755
2381,879543,120,87,540,0.099533755
2382,879683,160,110,560,0.090033755
2383,879962,120,660,558,0.088033755
2384,880221,180,253,226,0.150033755
2385,880421,319,227,245,0.132533755
2386,880760,1655,255,248,0.095533755
2387,882933,120,190,337,0.108466245
2388,883072,179,201,265,0.182466245
2389,883272,1695,80,240,0.111966245
2390,885086,160,720,608,0.266466245
2391,885465,140,47,562,0.099466245
2392,885704,259,30,538,0.198533755
2393,885983,498,46,603,0.204033755
2394,886562,179,17,627,0.216033755
2395,886920,140,43,533,0.120533755
2396,887120,120,15,526,0.094033755
2397,887259,897,19,551,0.162533755
2398,888176,100,11,565,0.041033755
2399,888296,179,5,568,0.086966245
2400,888495,299,78,588,0.104033755
2401,888814,259,147,577,0.090533755
2402,889094,239,78,601,0.197033755
2403,889392,179,699,577,0.155033755
2404,889612,319,670,520,0.160533755
2405,890090,100,723,526,0.197033755
2406,890290,100,671,503,0.181533755
2407,890449,179,665,504,0.184533755
2408,890669,259,698,507,0.193533755
2409,890948,120,693,516,0.126533755
2410,891087,339,669,534,0.212533755
2411,891446,120,670,532,0.184033755
2412,891586,179,716,553,0.159533755
2413,891905,120,771,535,0.189033755
2414,892084,160,117,566,0.198033755
2415,892264,359,56,587,0.227533755
2416,892642,279,91,594,0.218033755
2417,892961,1396,62,594,0.193533755
2418,894377,299,97,608,0.170033755
2419,894696,120,115,625,0.191033755
2420,894875,239,757,546,0.200033755
2421,895135,179,709,599,0.207033755
2422,895434,120,729,570,0.202533755
2423,895573,139,740,572,0.247033755
2424,895832,120,740,548,0.349033755
2425,896032,199,676,538,0.328533755
2426,896251,299,702,534,0.337033755
2427,896570,200,749,529,0.339533755
2428,896889,658,687,542,0.295033755
2429,897567,140,685,551,0.206533755
2430,897726,239,711,560,0.179033755
2431,898165,239,714,577,0.195533755
2432,898424,120,797,580,0.066966245
2433,898644,199,857,573,0.093533755
2434,898863,160,762,561,0.244033755
2435,899122,179,55,626,0.294533755
2436,899341,199,195,226,0.244033755
2437,899561,160,61,227,0.270033755
2438,899740,279,62,178,0.278533755
2439,900039,259,36,173,0.240033755
2440,900338,359,230,174,0.212533755
2441,900817,140,1224,214,0.133033755
2442,901016,180,1270,191,0.127533755
2443,901216,279,1230,153,0.209533755
2444,901514,379,1148,124,0.143533755
2445,901933,160,1034,158,0.163533755
2446,902152,100,1030,181,0.112033755
2447,902412,498,49,173,0.146033755
2448,902950,598,43,263,0.095533755
2449,903568,259,37,238,0.060033755
2450,903847,239,53,195,0.087533755
2451,904106,937,48,276,0.093533755
2452,905063,179,41,229,0.060533755
2453,905263,1715,40,190,0.115966245
2454,906997,479,53,172,0.093966245
2455,907496,419,41,170,0.053966245
2456,907974,239,234,188,0.083466245
2457,908233,140,223,190,0.054966245
2458,908393,379,225,178,0.149533755
2459,908792,179,240,206,0.149533755
2460,908991,199,28,214,0.082033755
2461,909230,598,36,196,0.106533755
2462,909848,1635,40,220,0.174466245
2463,911543,419,38,253,0.091533755
2464,912002,359,29,254,0.119966245
2465,912420,558,24,236,0.225966245
2466,916009,120,179,297,1.012466245
2467,916149,419,85,235,0.959966245
2468,916587,1196,237,238,0.182533755
2469,920375,120,565,859,1.242466245
2470,920575,219,111,673,0.912466245
2471,921013,160,120,633,0.163466245
2472,921293,180,52,588,0.157966245
2473,921592,120,105,613,0.070966245
2474,922210,319,720,606,0.239966245
2475,922549,160,709,565,0.152966245
2476,922728,120,764,562,0.205466245
2477,923346,199,54,265,0.108466245
2478,923565,239,35,246,0.090966245
2479,923825,359,44,251,0.097966245
2480,924502,100,50,625,0.232966245
2481,924642,140,59,567,0.216466245
2482,925160,100,13,574,0.157966245
2483,925300,120,21,566,0.236966245
2484,925898,100,22,577,0.194966245
2485,926018,159,36,589,0.215466245
2486,926197,100,14,584,0.175466245
2487,926516,120,23,590,0.272966245
2488,926736,159,74,607,0.276966245
2489,926915,359,80,602,0.293466245
2490,927912,100,651,507,0.094466245
2491,928689,140,675,554,0.106466245
2492,928889,179,709,560,0.189966245
2493,929148,120,673,568,0.220466245
2494,929507,100,698,560,0.186966245
2495,929686,319,675,549,0.194966245
2496,930025,140,666,546,0.139966245
2497,930205,159,699,557,0.095966245
2498,930683,100,806,564,0.067966245
2499,930922,160,79,587,0.123033755
2500,931102,120,85,591,0.080533755
2501,931241,219,35,591,0.080533755
2502,931540,120,70,597,0.101033755
2503,931839,140,76,610,0.051466245
2504,932099,100,740,603,0.087033755
2505,932238,120,760,614,0.184966245
2506,932477,140,715,585,0.265466245
2507,932677,140,837,596,0.162466245
2508,933136,120,750,612,0.174466245
2509,933395,159,812,588,0.109466245
2510,933773,399,75,608,0.092533755
2511,934212,139,155,553,0.103533755
2512,934690,219,722,562,0.103533755
2513,935069,179,176,193,0.168533755
2514,935269,139,235,166,0.132533755
2515,935468,279,28,163,0.151533755
2516,935767,279,228,145,0.103533755
2517,936305,120,1246,189,0.088033755
2518,936445,598,1283,183,0.111533755
2519,937063,638,1273,202,0.143466245
2520,937861,120,174,150,0.231966245
2521,938000,299,55,162,0.236466245
2522,938319,259,-6,185,0.100466245
2523,938598,538,56,166,0.088466245
2524,939156,180,31,224,0.115466245
2525,939356,179,44,202,0.164466245
2526,939575,199,265,196,0.122966245
2527,939794,439,226,200,0.149966245
2528,940353,140,66,619,0.122466245
2529,940552,179,52,579,0.111466245
2530,941908,239,11,593,0.180533755
2531,942287,259,24,582,0.132033755
2532,942785,199,33,593,0.122966245
2533,943004,140,26,593,0.113966245
2534,943224,578,24,605,0.254466245
2535,943822,419,63,628,0.210466245
2536,944580,120,39,595,0.165966245
2537,944739,160,41,593,0.159966245
2538,944918,140,83,630,0.128966245
2539,945178,179,65,620,0.080533755
2540,945576,179,727,610,0.095966245
2541,945796,120,671,610,0.036533755
2542,945995,199,693,649,0.173466245
2543,946214,120,680,583,0.125966245
2544,946872,199,723,581,0.054966245
2545,947171,239,676,584,0.087533755
2546,947431,219,708,577,0.130533755
2547,947670,120,703,585,0.118033755
2548,947810,100,731,622,0.087966245
2549,948168,180,825,614,0.149533755
2550,948826,139,73,620,0.079533755
2551,948986,160,58,606,0.165533755
2552,949185,160,629,580,0.171533755
2553,949365,199,700,567,0.174533755
2554,949664,379,747,607,0.191533755
2555,950162,120,95,608,0.151033755
2556,950302,140,81,600,0.153033755
2557,951099,100,59,631,0.078033755
2558,951598,140,78,709,0.139466245
2559,951757,199,120,703,0.103966245
2560,951996,239,48,693,0.074533755
2561,952275,199,45,712,0.072966245
2562,952654,219,104,739,0.163466245
2563,952953,120,92,746,0.106466245
2564,953093,339,106,744,0.087466245
2565,953452,538,114,739,0.168966245
2566,954090,120,683,637,0.114966245
2567,954349,140,730,645,0.297466245
2568,954648,100,738,653,0.166966245
2569,954768,159,731,634,0.137533755
2570,955246,279,722,627,0.179533755
2571,955545,179,715,616,0.093033755
2572,955964,100,807,613,0.073033755
2573,956123,299,744,617,0.108533755
2574,956682,239,720,620,0.175466245
2575,957160,259,695,629,0.248966245
2576,957479,140,701,623,0.275466245
2577,957639,179,785,679,0.325466245
2578,957838,139,766,672,0.354466245
2579,957998,120,763,652,0.146966245
2580,958177,100,739,733,0.145466245
2581,958296,159,741,731,0.149466245
2582,958476,299,749,705,0.091966245
2583,958795,120,726,730,0.156966245
2584,958934,319,751,708,0.150966245
2585,959393,180,739,698,0.058966245
2586,959592,120,746,699,0.112466245
2587,959812,439,755,744,0.197466245
2588,960270,100,755,757,0.162466245
2589,960549,199,753,657,0.078033755
2590,960769,179,750,640,0.054466245
2591,961427,100,84,736,0.045966245
2592,961746,120,106,731,0.095533755
2593,961945,139,726,642,0.162533755
2594,962464,160,730,590,0.179033755
2595,962723,100,727,594,0.217033755
2596,962842,120,674,572,0.210533755
2597,963042,120,709,578,0.235033755
2598,963241,100,704,568,0.170533755
2599,963361,279,695,617,0.222533755
2600,963839,100,749,611,0.226033755
2601,964019,180,835,604,0.245533755
2602,964238,160,726,596,0.215533755
2603,964437,160,731,603,0.220533755
2604,964637,160,695,673,0.189033755
2605,964856,339,719,655,0.133533755
2606,965454,100,689,655,0.217033755
2607,965574,140,685,648,0.177033755
2608,966172,259,84,755,0.188033755
2609,966571,279,726,650,0.234033755
2610,967109,239,742,649,0.085533755
2611,967846,180,121,663,0.105533755
2612,968126,179,133,253,0.123533755
2613,968325,279,66,225,0.151533755
2614,968644,359,244,223,0.125533755
2615,969063,558,44,227,0.103533755
2616,970040,219,729,673,0.167966245
2617,970319,140,725,653,0.061533755
2618,970618,120,733,621,0.077033755
2619,970817,180,718,647,0.184466245
2620,971116,120,730,617,0.111033755
2621,971256,259,708,564,0.150033755
2622,971595,299,756,674,0.104466245
2623,971914,299,734,611,0.141966245
2624,972233,219,710,566,0.090966245
2625,972771,279,704,589,0.086033755
2626,973130,160,709,602,0.098033755
2627,973609,100,70,762,0.135033755
2628,973808,179,170,259,0.220533755
2629,974007,179,252,232,0.255033755
2630,974207,219,229,230,0.260533755
2631,974506,180,40,239,0.222533755
2632,974745,199,62,720,0.170533755
2633,975204,179,89,775,0.093033755
2634,975602,120,115,262,0.115033755
2635,975762,140,53,230,0.090533755
2636,975941,339,230,242,0.099533755
2637,976699,100,708,690,0.188466245
2638,977237,160,784,655,0.105033755
2639,977536,339,695,594,0.116533755
2640,978015,219,734,608,0.105533755
2641,978533,140,704,607,
2642,978792,239,742,629,0.103533755
2643,979091,120,758,760,0.215966245
2644,979291,299,749,783,0.203966245
2645,979610,159,747,696,0.217966245
2646,979949,119,736,702,0.132466245
2647,980088,100,741,711,0.088533755
2648,980228,140,782,764,0.111966245
2649,980387,180,760,725,0.098966245
2650,980626,140,753,726,0.098466245
2651,980906,279,706,598,0.174533755
2652,981384,219,671,591,0.203533755
2653,981643,140,697,589,0.172533755
2654,981803,179,687,590,0.174033755
2655,982640,419,677,599,0.230533755
2656,983179,100,61,724,0.143033755
2657,983378,179,670,543,0.193033755
2658,983677,140,670,537,0.181033755
2659,983896,359,697,574,0.199533755
2660,984435,140,672,600,0.267033755
2661,984594,259,682,592,0.187033755
2662,985033,140,722,632,0.085033755
2663,985192,120,731,631,0.079033755
2664,985671,239,703,620,0.173033755
2665,986069,379,56,665,0.212033755
2666,986887,159,42,674,
2667,987086,199,50,656,
2668,987326,259,46,658,
2669,987724,140,60,635,
2670,988382,120,680,621,0.081033755
2671,988721,379,690,567,0.190533755
2672,989359,199,727,593,0.232033755
2673,989598,100,707,609,0.269033755
2674,989758,100,703,618,0.200533755
2675,990256,239,731,613,0.208533755
2676,990555,120,793,625,0.170533755
2677,990914,120,202,215,0.149533755
2678,991174,339,43,177,0.191033755
2679,991752,180,1282,221,0.226533755
2680,991951,937,1286,175,0.183033755
2681,992988,140,124,130,0.082466245
2682,993167,558,52,199,0.128466245
2683,993765,299,39,230,0.089533755
2684,994084,140,40,236,0.117533755
2685,994244,379,40,197,0.135033755
2686,994662,199,269,203,0.152533755
2687,994882,538,230,207,0.206033755
2688,995440,179,220,224,0.172533755
2689,995739,2074,30,209,0.160533755
2690,997833,120,42,261,0.066466245
2691,998032,140,258,255,0.055466245
2692,998192,259,230,265,0.068966245
2693,998630,120,224,240,0.057533755
2694,998869,239,761,645,0.080466245
2695,999288,120,702,628,0.177533755
2696,999448,299,721,620,0.159533755
2697,1000026,100,79,724,0.222033755
2698,1000345,179,64,713,0.146533755
2699,1000883,359,715,637,0.145533755
2700,1001262,399,719,633,0.171533755
2701,1001840,259,792,639,0.204033755
2702,1002319,120,732,647,0.105966245
2703,1002737,179,699,655,0.126033755
2704,1002976,299,109,718,0.173033755
2705,1003296,179,77,779,0.111533755
2706,1003495,578,90,718,0.146033755
2707,1004232,279,80,797,0.089033755
2708,1004532,778,55,820,0.107466245
2709,1005469,140,812,744,0.411966245
2710,1005628,199,760,710,0.308466245
2711,1006864,100,11,214,0.151966245
