time,duration,screen_x,secrren_y,avg_dilation
172,120,721,344,0.20246624472573593
491,100,709,360,0.2519662447257356
790,100,680,432,0.05146624472573613
930,140,679,439,0.031466244725736114
1169,100,668,428,0.18796624472573642
1628,219,569,1012,0.2209662447257359
3063,100,163,301,0.06453375527426397
3183,199,186,369,0.015033755274263871
3462,279,389,333,0.018966244725735937
3761,618,389,330,
4419,259,392,342,
4858,339,61,209,
5217,120,50,201,
5456,100,466,730,
5576,259,526,744,
6114,100,412,836,
6253,259,399,850,
6533,219,361,882,
7011,339,57,191,
7868,139,519,752,
8028,279,493,741,
8327,100,443,762,
8446,160,439,748,
8825,100,415,315,
9045,219,413,341,
9443,299,582,764,
9822,140,596,429,
10041,160,633,266,
10221,1136,614,221,
11756,259,589,239,
12035,299,551,217,
12434,100,457,778,
12733,399,472,742,
13331,439,948,677,
13830,180,949,679,
14129,179,643,367,
14328,119,642,378,
14767,100,492,497,
14886,219,497,493,
15146,219,406,487,
15465,140,467,478,
15724,279,505,482,
16441,100,495,478,
16641,120,506,471,
16840,120,502,479,
17339,160,570,477,
17618,100,484,520,
18355,239,549,503,
20868,100,701,498,
21246,100,689,479,
21825,120,462,477,
22263,100,438,403,
22403,100,443,403,
22642,199,447,396,
22861,100,459,397,
23041,100,434,400,
23180,100,430,405,
23300,100,495,427,
23798,100,430,467,
23938,100,458,403,
24058,199,472,387,
24317,219,467,386,
24656,279,468,397,
24955,120,467,402,
25094,100,472,400,
25214,219,466,400,
25712,139,555,335,
25952,179,606,331,
26211,140,361,411,
26510,100,391,423,
26689,140,477,400,
27028,160,601,430,
27487,120,579,435,
28185,120,502,519,
28763,140,470,498,
29042,140,465,445,
29201,140,489,402,
29520,120,425,496,
29700,179,439,488,
29899,100,525,466,
30059,140,525,475,
30218,219,535,463,
30577,119,484,479,
30737,120,635,435,
30916,219,587,442,
31295,100,467,500,
31454,120,497,513,
31614,239,517,527,
32152,120,497,382,
32451,159,376,416,
33049,100,1201,-41,0.4060337552742639
33189,438,1247,55,0.5690337552742637
34365,160,586,272,0.34503375527426394
34684,219,876,295,0.393033755274264
34943,299,1043,290,0.18403375527426435
35322,179,1101,831,0.26703375527426365
35522,219,1107,799,0.2860337552742638
35920,339,1111,886,0.10103375527426417
36459,359,1098,809,0.1370337552742642
36837,100,1077,787,0.020533755274263932
37535,219,106,156,
37894,160,250,176,
38074,279,279,189,
38472,120,909,700,0.10046624472573606
38692,100,950,697,0.0999662447257359
38911,937,943,766,0.12446624472573609
39928,120,929,652,0.1304662447257363
40167,439,934,684,0.12446624472573609
40626,219,987,676,0.16496624472573584
40865,140,1016,691,0.17096624472573607
41024,379,1021,681,0.16946624472573601
41463,279,973,764,0.03596624472573584
41762,538,971,687,0.11803375527426363
42320,359,969,690,0.048466244725735574
42699,279,980,650,0.2499662447257358
42998,439,948,618,0.13646624472573565
43576,160,897,689,0.2519662447257356
43856,219,913,732,0.1224662447257363
44194,578,1035,745,0.0544662447257358
44793,179,1016,755,0.12446624472573609
45291,179,116,191,
45550,100,329,190,
45670,479,277,186,
46726,140,1022,765,0.1819662447257362
46886,199,1018,762,0.22546624472573606
47365,179,290,589,0.18896624472573587
47604,239,282,209,0.0780337552742636
47903,339,71,186,0.06703375527426392
48361,379,1010,728,0.1949662447257361
48760,239,1035,736,0.24746624472573586
49019,239,925,675,0.3824662447257361
49278,459,935,672,0.3479662447257361
49777,219,1015,733,0.3349662447257358
50076,299,1008,761,0.40446624472573633
50415,518,988,706,0.25896624472573615
51053,718,1011,752,0.23246624472573574
52070,120,875,655,0.513966244725736
52309,259,407,727,
52748,199,390,245,0.03446624472573623
52987,399,245,201,0.23203375527426395
53545,199,306,194,0.0780337552742636
53844,120,399,627,0.35296624472573557
54044,100,415,745,0.2314662447257363
54343,160,1022,754,0.20096624472573588
54542,259,1020,745,0.14196624472573616
54921,139,1040,733,0.44896624472573565
55120,359,952,690,0.24546624472573564
55698,140,992,659,0.3204662447257358
55878,379,998,762,0.38696624472573626
56297,179,1002,752,0.24096624472573636
56954,180,973,676,0.23946624472573586
57154,279,1008,671,0.26596624472573627
57453,498,929,733,0.38946624472573577
57971,259,983,764,0.145466244725736
58270,160,1015,663,0.36596624472573547
58589,139,1023,761,0.29846624472573646
58848,219,1045,758,0.4424662447257357
59367,239,998,742,0.48796624472573535
59845,120,1004,756,0.3154662447257359
60085,219,980,684,0.21746624472573606
60344,658,1008,674,0.15496624472573606
61321,139,440,689,0.3284662447257358
61480,259,410,727,0.199966244725736
61759,239,409,716,0.08996624472573611
62078,319,450,707,0.04946624472573591
62437,817,518,689,0.06353375527426408
63574,100,508,694,0.00896624472573615
63873,100,605,644,0.09103375527426438
64052,199,576,641,0.02853375527426394
64351,180,989,737,0.1225337552742638
64551,399,1035,753,0.08303375527426438
65009,140,925,759,0.16096624472573584
65348,239,550,744,0.18496624472573586
65647,199,533,685,0.04046624472573601
65866,399,601,728,0.06153375527426386
66285,179,627,724,0.016033755274264205
66544,140,461,765,0.06246624472573581
66744,179,419,728,0.042466244725736235
66983,199,610,732,0.10546624472573596
67202,239,632,727,0.11346624472573597
67461,459,607,726,0.09646624472573562
68040,179,504,997,0.04596624472573607
68718,100,604,719,0.03596624472573584
68837,139,580,715,0.017033755274264095
68997,339,528,719,0.09146624472573572
69355,180,502,720,0.08253375527426421
69814,160,985,744,0.061966244725736086
69993,180,1042,738,0.013966244725736043
70312,160,1063,733,0.03946624472573612
70751,140,397,782,0.2779662447257363
71070,199,436,785,0.1769662447257363
71289,219,394,752,0.07846624472573582
71748,179,234,166,
71947,219,303,174,
72187,797,358,188,
73024,538,498,203,
73582,100,497,200,
73722,140,519,202,
73881,120,705,204,
74200,957,664,196,
75177,439,551,249,
75696,319,255,213,
76074,140,559,197,
76234,140,488,204,
76433,179,747,228,
76633,199,701,257,
76932,199,233,234,
77151,120,266,218,
77331,379,39,214,
77729,140,91,214,
77929,139,300,216,
78427,239,107,189,
78686,219,72,195,
79145,160,427,710,
79364,100,505,721,
79643,120,494,612,
80580,100,439,730,
80700,100,452,692,
81019,159,518,701,
81238,219,449,719,
81517,199,405,732,
81737,120,408,733,
82295,159,408,787,
82514,140,400,789,
83292,120,420,660,
83930,199,484,703,
84229,100,574,706,
84847,159,380,759,
85066,100,401,776,
85186,120,394,796,
86083,120,315,825,
86263,100,524,814,
86442,199,501,823,
86861,100,439,677,
87020,100,494,585,
87140,180,502,560,
87339,120,450,700,
87558,239,510,712,
88256,120,320,725,
88934,179,461,620,
89173,180,400,668,
89552,219,429,677,
89792,140,356,688,
89971,179,286,722,
90230,140,308,729,
90469,140,421,789,
90968,100,330,723,
91167,120,333,722,
91506,120,253,815,
91725,140,299,790,
91885,179,381,659,
92244,120,369,611,
92383,120,365,615,
92623,419,436,663,
93340,459,401,681,
94058,140,435,667,
94218,120,425,660,
95055,160,442,664,
95773,120,565,675,
96012,239,452,759,
96331,219,446,748,
96570,120,558,664,
96789,180,502,682,
97168,100,569,687,
97288,120,566,672,
97607,139,465,689,
97806,179,467,679,
98225,239,463,679,
98604,179,476,646,
99042,140,439,729,
99501,100,574,676,
100039,140,610,640,
100219,319,613,631,
101056,120,545,786,
101395,120,444,665,
102232,100,435,658,
102591,100,413,639,
102791,100,427,631,
103130,140,369,636,
103289,100,373,634,
103588,179,385,666,
103808,359,378,658,
104186,120,426,618,
104446,120,428,615,
104645,120,408,669,
104784,120,454,606,
105383,120,345,643,
105542,160,337,669,
105781,120,452,619,
105941,379,440,621,
106419,140,422,629,
106619,199,422,604,
107077,100,500,668,
107396,179,481,666,
107795,279,424,733,
125998,160,374,666,
127274,159,507,537,
127453,160,527,547,
127932,259,498,531,
128630,100,342,502,
128809,199,354,486,
129866,159,570,541,
130903,160,371,508,
131401,179,450,525,
131660,140,307,508,
132837,379,425,414,
133315,100,435,409,
134491,219,403,423,
136984,160,430,618,
138359,120,364,581,
138838,140,330,605,
139416,120,402,587,
139655,179,363,594,
143164,140,559,567,
144520,100,478,701,
144839,140,529,661,
145836,159,589,580,
146494,199,457,650,
150242,100,640,731,
150521,179,600,738,
160629,140,683,561,
162324,259,642,631,
162862,120,528,712,
201980,120,892,589,
202119,179,888,584,
202777,140,971,472,
202977,100,916,494,
203116,120,966,489,
203495,179,1042,472,
203694,140,1001,586,
203894,399,1060,574,
204432,479,1020,635,
205529,120,893,600,
207562,219,885,610,
207801,100,887,613,
207921,140,888,604,
208120,120,884,567,
208300,160,873,588,
208659,140,878,625,
209556,180,846,643,
210054,179,802,562,
210493,259,879,506,
210792,179,823,674,
211071,100,854,674,
211570,100,962,685,
211689,179,946,694,
212108,120,798,639,
212467,159,799,592,
213304,100,893,516,
213424,160,892,522,
213663,179,1010,470,
213862,120,945,467,
214062,179,932,475,
214261,100,1001,472,
214520,259,1068,481,
214839,159,885,478,
215198,199,849,383,
215517,120,864,343,
215657,179,906,439,
215856,219,846,438,
216155,219,837,479,
216394,140,840,483,
218049,219,934,553,
218289,279,914,565,
218588,100,994,560,
218747,120,988,564,
219086,100,907,581,
219285,219,983,460,
219545,359,938,384,
220023,179,1051,432,
220223,140,1006,435,
220382,239,1016,515,
220641,319,1006,514,
220980,319,977,523,
221319,140,991,527,
221578,439,980,539,
222994,140,896,494,
223293,160,947,488,
223612,239,844,517,
223891,100,866,512,
224011,160,883,560,
224689,199,941,511,
227001,319,997,541,
227400,100,940,525,
227520,259,942,508,
227998,179,926,493,
228197,339,1000,494,
228636,199,1070,491,
228855,180,1024,441,
229055,219,846,524,
229294,120,860,518,
229713,119,885,556,
229952,120,886,566,
230231,100,849,483,
230351,259,850,475,
230630,140,857,465,
230949,120,940,500,
231148,120,861,438,
231447,140,879,426,
231627,239,961,405,
232205,259,1059,446,
232504,239,1049,445,
233002,239,894,481,
233262,140,915,519,
233421,160,932,507,
234617,120,1391,498,
234797,139,1387,496,
235056,140,1251,459,
235335,160,1315,390,
235834,239,1320,373,
236751,140,1015,581,
236930,379,941,517,
237329,100,890,476,
237448,239,886,469,
237768,199,910,431,
238246,239,951,423,
238505,279,1089,459,
239044,120,1037,451,
239283,319,872,447,
239721,339,962,417,
240120,100,947,519,
240300,259,920,502,
241017,120,1005,572,
241157,140,1009,536,
241316,159,1004,544,
241496,200,1030,525,
241735,100,691,487,
242114,139,887,504,
242273,120,870,515,
242433,379,960,479,
242852,140,988,494,
243091,359,1066,494,
243490,319,856,507,
243829,219,882,531,
244147,339,894,538,
244526,160,923,569,
244706,140,929,569,
244865,100,886,565,
245304,199,936,553,
245922,179,883,532,
246121,160,905,493,
246301,419,869,491,
246739,259,872,444,
247078,199,1030,460,
247298,160,1088,483,
247517,638,1081,613,
248195,159,980,540,
248374,179,995,551,
248574,100,998,567,
248693,199,1027,519,
248972,199,1043,492,
249271,120,1042,490,
249491,279,871,517,
249870,120,863,530,
250009,140,866,523,
250268,100,919,436,
250408,199,957,403,
250687,179,407,164,
250886,279,276,180,
251205,140,367,21,
251385,259,447,-36,
251664,279,513,-50,
252063,199,318,183,
252541,140,300,212,
252721,359,492,209,
253099,179,231,213,
253299,578,271,212,
253917,299,48,214,
254236,100,100,216,
254515,100,977,618,
254993,120,401,584,
255193,179,379,593,
255612,219,960,588,
255851,439,857,513,
256369,160,875,552,
256768,239,928,593,
257047,319,856,448,
257625,200,889,416,
257884,319,1071,500,
258283,239,1028,435,
258542,239,1060,452,
259021,180,958,402,
259380,199,940,509,
259719,339,989,504,
260277,618,923,499,
260935,419,1004,547,
261374,160,989,546,
261693,140,937,515,
261852,159,924,522,
262051,160,924,527,
262231,100,916,525,
262390,1017,925,502,
263427,100,937,515,
263547,139,885,568,
263726,100,892,579,
263886,100,1022,545,
264025,100,1024,552,
264205,359,926,494,
264603,100,1008,489,
264723,100,1002,497,
264843,120,880,552,
265142,339,869,544,
265500,279,948,554,
265999,120,901,569,
266617,100,963,480,
266737,140,1054,503,
266896,100,1048,504,
267395,339,985,418,
267753,239,1000,529,
268312,419,1005,527,
268850,239,893,492,
269109,159,896,487,
269289,279,1024,507,
269588,179,1037,541,
270266,259,1036,547,
270545,100,1038,537,
270704,279,1037,534,
271063,180,1077,626,
271362,199,992,496,
271641,120,1027,531,
272100,259,1008,547,
272379,120,1062,614,
272519,120,1055,623,
272678,100,953,574,
273196,159,1084,618,
273376,140,1099,614,
273595,199,886,577,
273894,219,932,561,
274313,259,934,506,
274811,239,847,487,
275270,498,887,527,
275808,239,910,559,
276107,319,973,415,
276446,180,1086,435,
276685,199,1032,441,
277343,120,969,417,
277483,199,972,396,
277842,160,1095,439,
278041,100,1042,433,
278161,100,1039,428,
278380,379,369,178,
278839,359,1019,471,
279218,219,891,473,
279457,120,852,477,
279935,219,293,192,
280234,179,929,513,
280434,279,864,477,
280972,678,858,454,
282168,159,878,502,
282348,160,880,529,
282667,279,874,525,
283026,219,853,520,
283364,120,1019,517,
283504,100,1012,514,
283704,100,1041,527,
284581,179,968,492,
284780,100,1011,485,
284900,100,1013,480,
285119,379,940,566,
285538,120,1024,558,
285757,239,1047,528,
286096,140,234,242,
286255,1416,293,206,
287731,199,520,213,
287950,140,499,214,
288110,538,500,214,
288668,1037,674,210,
289725,379,573,240,
290123,160,567,242,
290323,179,317,219,
290522,279,270,206,
290841,239,66,230,
291140,179,746,232,
291340,100,707,222,
291479,219,820,219,
291798,120,851,239,
291978,179,699,234,
292177,339,762,229,
292556,219,691,241,
292895,100,760,242,
293094,140,865,255,
296184,419,99,229,
297520,120,957,396,
298118,140,1040,612,
300451,219,703,187,
300730,339,422,462,
301129,100,532,426,
301268,199,536,427,
301488,219,538,511,
301727,139,377,460,
301926,239,59,207,
302225,140,38,215,
302385,638,89,210,
303043,199,42,214,
303282,219,83,190,
303521,279,107,224,
303820,498,270,221,
304339,219,305,223,
304718,319,60,223,
305057,379,103,222,
305515,299,559,445,
305834,279,426,450,
306153,299,507,466,
306512,199,602,496,
306911,100,369,606,
307110,120,396,606,
307290,359,451,615,
308147,279,528,598,
308645,140,529,675,
308805,140,538,680,
309044,140,524,679,
309243,180,519,740,
309483,499,517,592,
310081,119,635,666,
310260,239,622,654,
310519,160,669,655,
310918,199,656,700,
311317,159,596,727,
311496,120,661,678,
312134,180,674,688,
312513,359,506,736,
312992,139,540,708,
313151,139,489,733,
313311,100,500,723,
313430,139,486,744,
313590,379,529,692,
314008,100,532,694,
314407,120,617,774,
314666,119,478,621,
314846,120,499,601,
314985,100,504,592,
315105,199,509,599,
315324,359,513,591,
315883,199,421,550,
316182,219,382,590,
316421,140,384,586,
316580,199,477,587,
316879,120,523,600,
317039,120,519,602,
317238,159,449,622,
317498,159,471,551,
317717,299,470,524,
318375,159,595,487,
318554,120,595,485,
318714,299,656,477,
319272,100,543,521,
319411,279,575,470,
320329,379,608,470,
320727,160,727,450,
320927,219,667,493,
321266,140,768,558,
321425,120,675,551,
321864,100,601,562,
321983,279,586,561,
322821,139,629,643,
322980,239,590,629,
323240,120,606,620,
323379,139,556,622,
323578,140,656,664,
323798,219,608,632,
324436,219,657,476,
324715,100,578,632,
324834,578,608,640,
325692,160,642,670,
326031,180,268,178,
326290,140,533,631,
326469,379,544,640,
327526,100,607,649,
328005,159,596,588,
328204,259,599,567,
328483,578,584,493,
329081,160,652,477,
329560,159,580,481,
329739,279,616,466,
330058,180,509,479,
330257,100,462,523,
330377,339,455,518,
330736,140,438,531,
331035,319,636,486,
331932,159,114,227,
332211,120,519,547,
332351,299,572,534,
332670,120,566,551,
332849,180,600,480,
333069,120,526,554,
333268,120,477,630,
333567,120,504,592,
333707,100,559,600,
333846,140,470,601,
334105,319,504,599,
334604,139,503,599,
334763,379,503,614,
335401,199,470,668,
335720,159,499,701,
336000,120,485,690,
336239,160,573,677,
336418,100,477,674,
336538,120,475,680,
336817,219,475,683,
337076,259,471,683,
337355,279,481,676,
337734,399,532,547,
338213,140,488,690,
338372,459,499,598,
338851,159,476,677,
339110,120,641,665,
339389,120,452,665,
339588,459,511,592,
340067,140,510,591,
340326,140,475,619,
340485,100,441,711,
340725,319,458,685,
341163,100,548,597,
341323,219,601,601,
341662,100,595,604,
341921,140,625,591,
342120,219,593,591,
342479,259,508,512,
342758,120,510,532,
342898,279,498,612,
343217,140,505,588,
343456,439,471,585,
344174,180,519,488,
344493,100,533,492,
344672,199,498,498,
345091,140,507,488,
345370,159,503,486,
345550,379,502,492,
346008,319,486,624,
346666,498,473,563,
347184,159,484,547,
347404,179,463,675,
347902,518,533,499,
348859,180,523,508,
349158,319,515,602,
349497,159,512,604,
349736,180,499,573,
349936,100,483,569,
350255,219,471,693,
350494,140,402,699,
350733,180,413,613,
351371,100,604,687,
351491,179,581,648,
351710,179,594,722,
351910,100,569,715,
352587,199,91,202,
352807,199,48,222,
353026,578,44,222,
353644,100,255,223,
353764,239,369,232,
354103,1077,102,238,
355439,100,555,721,
355817,100,504,624,
356136,100,543,612,
356415,259,465,628,
356994,219,620,656,
357233,259,665,654,
358010,160,643,583,
358190,199,646,585,
358928,160,644,594,
359287,399,625,576,
359924,259,508,538,
360204,259,483,523,
360582,319,478,533,
360921,140,475,519,
361081,299,530,519,
361400,518,447,602,
361978,100,455,600,
362118,339,450,606,
362496,100,533,576,
362616,379,527,584,
363015,140,531,590,
363234,120,524,592,
363394,518,551,512,
363932,179,556,592,
364231,119,561,587,
364470,119,557,506,
364610,160,596,509,
364789,259,602,507,
365068,180,455,515,
365367,140,510,521,
365666,100,444,489,
365985,120,431,519,
366165,179,438,508,
366364,140,523,555,
366524,159,522,535,
366703,140,514,531,
367062,179,555,589,
367301,239,484,632,
367560,199,452,628,
367780,179,462,543,
367979,159,464,531,
368218,100,531,546,
368418,140,536,547,
368717,179,552,530,
368916,319,605,521,
369335,120,518,502,
369534,120,553,529,
370212,120,588,420,
370352,179,592,410,
370551,199,601,414,
370770,219,616,411,
371050,100,664,472,
371508,239,727,511,
371827,100,664,514,
372007,120,652,518,
372266,140,650,493,
372605,100,664,511,
372844,140,638,595,
373422,100,645,591,
373602,140,755,437,
373801,339,834,433,
374200,638,721,429,
375695,319,622,616,
376632,140,607,611,
377011,279,722,437,
377589,279,719,436,
377888,180,711,435,
378088,319,721,429,
378546,120,767,359,
378686,100,690,356,
378825,1037,680,349,
379882,578,668,349,
380480,319,704,401,
380819,498,674,363,
381377,279,717,425,
381676,379,730,437,
382294,100,662,520,
382793,100,744,487,
383211,199,593,516,
383590,120,549,526,
383730,180,516,613,
384009,140,525,609,
384168,199,522,596,
384507,140,443,565,
385026,219,538,614,
412001,419,588,361,
412659,120,518,439,
412799,140,511,429,
413038,239,418,543,
413297,399,461,529,
413895,140,391,523,
414394,239,525,550,
414992,100,580,537,
415191,518,593,514,
415749,219,588,519,
416049,379,501,417,
416447,120,488,399,
416607,199,475,575,
417145,179,600,557,
417384,140,454,505,
417544,419,445,497,
418002,518,585,483,
418541,160,502,458,
418740,120,586,482,
418880,319,594,471,
419219,140,597,455,
419378,518,559,483,
419916,140,468,539,
420076,219,480,510,
420415,439,593,480,
420873,319,670,516,
421372,100,749,502,
421571,120,688,470,
421731,120,684,464,
421990,100,552,495,
422109,180,556,481,
422349,179,554,491,
422648,179,503,497,
422887,120,463,210,
423047,100,329,173,
423206,299,203,169,
423864,140,501,495,
424024,120,499,500,
424163,100,570,513,
424562,140,494,512,
424741,319,578,497,
425120,279,627,502,
425419,159,551,451,
425599,199,580,407,
425818,379,660,401,
426217,299,568,412,
426536,199,611,404,
426755,100,618,417,
426875,160,641,407,
427233,299,547,421,
427572,498,374,418,
428111,259,453,398,
428410,120,524,394,
428549,120,684,346,
428689,359,699,345,
429108,259,412,404,
429466,239,458,411,
429766,119,509,402,
430065,518,409,405,
430603,239,459,373,
430862,120,505,341,
431002,239,549,306,
431261,139,586,318,
431520,100,490,517,
431799,100,581,500,
432058,159,423,504,
432258,180,421,506,
432497,100,506,509,
432636,140,509,499,
432856,120,486,382,
432995,518,470,328,
433633,139,465,337,
433793,140,471,328,
433952,578,551,296,
434550,977,565,297,
435587,120,396,448,
435787,319,423,426,
436125,160,412,527,
436305,100,410,503,
436684,718,396,423,
437461,100,406,433,
437621,239,391,503,
437880,120,394,505,
438040,159,386,514,
438219,339,380,503,
438578,120,354,444,
438717,279,351,429,
439415,957,348,429,
440472,399,363,365,
440911,159,406,343,
441190,239,446,340,
441469,200,537,329,
441688,239,456,387,
441947,319,545,382,
442286,219,511,387,
442825,140,418,354,
442984,120,331,369,
443283,179,513,304,
443542,219,436,390,
443801,279,518,391,
444101,259,515,396,
444380,678,419,347,
445077,379,424,355,
445476,399,346,425,
445895,478,372,431,
446393,159,369,434,
446573,439,427,500,
447111,100,501,524,
447271,698,415,516,
448028,219,402,527,
448387,379,470,531,
448786,259,544,527,
449065,100,459,450,
449284,558,458,447,
449862,180,535,626,
450102,199,576,559,
450560,299,493,688,
453092,120,463,525,
454109,100,588,505,
454308,100,507,519,
454428,100,500,507,
455485,199,537,423,
455744,179,640,422,
455943,120,592,413,
456103,239,586,413,
468584,120,647,579,
468883,279,609,572,
469182,199,612,579,
469421,140,672,594,
469780,100,585,519,
469979,498,548,501,
470518,100,729,621,
470697,120,701,586,
470996,120,753,602,
471594,159,805,528,
471873,399,676,654,
472292,120,669,655,
472432,219,665,639,
473309,100,695,668,
473608,100,619,613,
473728,219,633,682,
474007,219,678,651,
474426,100,625,673,
474645,160,705,657,
475083,140,594,593,
475243,279,631,571,
475542,179,699,592,
476379,239,685,660,
476858,120,569,539,
477177,179,676,530,
477376,100,682,547,
477556,120,625,588,
478353,180,502,106,
478652,100,692,545,
478951,120,693,498,
479111,120,795,504,
479450,499,765,495,
479968,259,770,454,
481164,159,818,501,
481483,100,799,500,
481663,120,665,620,
482002,120,719,641,
482719,140,683,586,
483078,179,665,662,
483278,179,723,445,
483497,160,741,404,
483676,139,750,536,
483836,179,773,497,
484035,179,844,509,
484514,140,598,538,
484673,179,580,491,
484873,319,561,512,
485212,180,620,507,
485411,339,582,507,
485770,379,607,485,
486288,160,605,495,
486567,140,556,503,
486767,199,590,490,
490356,120,594,350,
490495,498,594,417,
491013,199,601,416,
491273,179,527,373,
491472,219,493,334,
492010,179,656,349,
492210,339,664,435,
492628,180,585,430,
492908,439,645,541,
493366,140,688,521,
493645,100,626,546,
493884,160,669,429,
494064,180,672,437,
494303,279,606,426,
494602,279,659,433,
494921,180,659,432,
495200,219,656,438,
495440,459,566,427,
495998,199,579,420,
496217,120,641,434,
496357,658,706,382,
497035,339,661,330,
497393,339,762,334,
497792,180,815,498,
498091,119,735,506,
498390,319,823,510,
498809,199,621,419,
499028,140,721,464,
499188,100,785,510,
499347,160,839,505,
499527,160,746,506,
499786,319,694,346,
500125,478,653,340,
500623,558,698,332,
501221,279,693,261,
501520,160,596,339,
501700,279,574,319,
501999,120,581,371,
502139,120,587,367,
502278,299,658,356,
502617,239,611,280,
502876,319,675,389,
503275,100,608,266,
503395,359,627,284,
503813,458,574,317,
504292,399,570,364,
504711,259,644,368,
504990,718,550,373,
505727,279,550,369,
506026,120,478,440,
506186,379,487,372,
506585,100,648,393,
506784,259,671,377,
507063,199,746,378,
507302,498,647,382,
507821,180,457,340,
508060,139,571,376,
508220,518,554,355,
508758,339,496,379,
509117,478,526,370,
509615,219,519,339,
509854,199,559,327,
510074,618,456,341,
510752,179,569,333,
510951,120,568,336,
511090,159,397,396,
511270,200,453,380,
511489,239,495,408,
511848,479,369,417,
512347,419,404,415,
512845,179,501,404,
513144,180,411,405,
513343,339,500,348,
513702,239,460,342,
513962,459,592,331,
514440,100,595,333,
514560,259,684,340,
514839,578,656,341,
516673,100,530,335,0.1200337552742643
516812,179,547,311,0.36903375527426396
517052,120,582,427,0.2940337552742638
517191,319,572,418,0.3090337552742639
517849,140,759,491,0.24803375527426397
518009,199,765,510,0.05553375527426363
518428,219,771,508,0.3050337552742639
518707,279,695,514,0.229533755274264
519065,100,795,535,0.18803375527426391
519225,160,637,583,0.11803375527426363
519424,159,585,582,0.09853375527426378
519604,479,579,579,0.09003375527426405
520102,379,521,515,0.22603375527426417
520501,179,550,459,0.2240337552742644
520700,578,594,482,0.2425337552742639
521298,120,590,467,0.22753375527426423
521817,140,567,424,0.17803375527426413
521976,219,560,437,0.17003375527426412
522216,478,614,437,0.2475337552742638
522714,279,556,431,0.29253375527426373
523053,139,589,417,0.25153375527426425
523213,140,546,392,0.3125337552742642
523472,279,493,382,0.2910337552742641
523771,279,554,385,0.23403375527426418
524209,100,487,384,0.2655337552742636
524508,498,670,428,0.18703375527426447
525047,140,513,386,0.21853375527426389
525306,419,479,383,0.3555337552742639
525764,160,542,345,0.2425337552742639
525964,120,543,344,0.26503375527426387
526123,120,472,403,0.2550337552742641
526263,239,468,389,0.19753375527426398
526542,199,308,330,0.2115337552742642
526801,179,416,402,0.15453375527426427
527001,279,355,453,0.092533755274264
527320,259,486,484,0.18603375527426413
527599,199,543,492,0.20153375527426398
527818,199,504,480,0.23503375527426407
528097,279,558,483,0.26503375527426387
528396,140,478,651,0.15603375527426389
528596,140,519,681,0.23203375527426395
528795,180,572,693,0.29553375527426384
529014,459,390,590,0.27453375527426394
529493,120,510,515,0.29753375527426407
529632,199,473,479,0.30103375527426435
529852,239,552,479,0.2900337552742642
530191,140,389,444,0.22303375527426406
530350,160,431,471,0.3315337552742643
530530,160,449,370,0.3045337552742642
530789,239,502,397,0.2550337552742641
531088,140,532,382,0.15353375527426394
531287,199,463,379,0.16603375527426367
531506,359,422,350,0.24853375527426413
531885,199,518,321,0.35703375527426395
532105,299,519,314,0.28853375527426417
532444,319,650,338,0.29053375527426395
532882,140,740,345,0.19353375527426397
533082,179,635,396,0.175033755274264
533480,299,566,429,0.253533755274264
533939,160,498,510,0.16453375527426362
534138,259,524,517,0.21103375527426405
534517,140,705,406,0.05403375527426402
534876,100,591,452,0.14003375527426387
535035,818,525,498,0.06803375527426381
535933,120,566,425,0.18853375527426364
536072,458,448,530,0.18353375527426374
536551,219,492,517,0.08503375527426416
536830,100,408,448,0.18453375527426408
536949,379,410,450,0.1200337552742643
537388,179,427,630,0.11053375527426379
537587,239,387,452,0.16853375527426406
537926,120,139,262,0.026533755274263715
538066,478,46,220,0.04553375527426384
538624,219,394,370,0.08253375527426421
538923,179,448,367,0.09603375527426428
539123,199,445,349,0.11803375527426363
539342,518,412,348,0.16353375527426417
539920,100,465,326,0.19803375527426414
540040,219,501,262,0.19553375527426375
540279,279,531,312,0.23103375527426406
540618,638,552,311,0.2510337552742641
541316,179,677,272,0.3175337552742641
541535,199,601,284,0.21753375527426355
541754,299,629,286,0.2990337552742641
542073,120,677,298,0.4085337552742643
542233,120,681,290,0.3420337552742643
542412,359,633,287,0.3170337552742639
542871,518,721,320,0.27003375527426376
543449,100,540,388,0.26253375527426437
543569,239,577,374,0.3700337552742643
543828,219,647,370,0.2990337552742641
544227,120,375,495,0.2605337552742637
544366,219,396,441,0.32403375527426403
544625,518,403,541,0.29853375527426396
545303,479,391,535,0.2815337552742636
545802,219,443,632,0.2890337552742639
546101,678,415,635,0.23253375527426412
546799,140,416,626,0.25203375527426397
547018,160,423,586,0.233533755274264
547237,199,409,533,0.24903375527426386
547456,180,398,469,0.3045337552742642
547656,180,397,482,0.237533755274264
548154,359,375,694,0.09103375527426394
548732,239,494,730,0.1730337552742638
548992,538,518,654,0.06853375527426397
549550,140,566,648,0.08653375527426377
549709,259,504,691,0.028033755274264216
550148,120,548,690,0.0470337552742639
550527,120,360,586,0.10253375527426423
550906,139,671,560,0.096533755274264
551105,140,619,561,0.02003375527426421
551564,120,611,561,0.06703375527426392
551723,120,626,561,0.10053375527426445
552501,199,588,619,0.18896624472573587
554056,120,880,495,0.1979662447257362
554694,179,731,673,0.165466244725736
555352,120,743,659,0.009033755274264088
557684,180,744,481,0.06146624472573592
557904,279,741,470,0.094966244725736
558203,100,735,462,0.07696624472573621
558362,180,811,456,0.03503375527426389
558681,279,833,456,0.06946624472573637
559000,339,746,521,0.07446624472573582
559379,160,784,484,0.12646624472573587
559618,359,736,675,0.1744662447257359
560256,180,763,680,0.0674662447257357
560555,100,774,652,0.05296624472573619
560954,120,756,589,0.10596624472573568
561253,100,755,717,0.20796624472573555
561453,120,715,726,0.19096624472573565
562110,159,710,576,0.029966244725736058
562430,140,585,612,0.06403375527426425
562988,159,637,598,0.07046624472573582
563167,199,529,607,0.026033755274263992
563386,259,548,620,0.1600337552742639
563706,279,544,617,0.06953375527426386
564005,140,551,603,0.12853375527426403
564184,160,646,734,0.08903375527426416
564363,179,636,676,0.01096624472573593
564962,160,711,697,0.0029662447257359226
565161,159,622,702,0.02646624472573622
565360,359,628,687,0.01096624472573593
565759,140,641,693,0.0674662447257357
566676,120,728,745,0.033466244725735894
566856,140,726,761,0.08196624472573566
567015,140,729,757,0.11646624472573608
567214,160,565,775,0.020466244725735994
567394,179,591,775,0.058466244725735805
567673,120,630,685,0.17096624472573607
568251,479,765,714,0.13196624472573593
568750,180,658,747,0.0650337552742637
568949,279,575,767,0.023533755274264045
569368,100,703,775,0.07246624472573604
569487,139,731,767,0.046966244725736406
569747,180,114,236,0.10653375527426379
569946,140,48,227,0.10503375527426417
570106,419,84,237,0.1800337552742639
570644,179,710,703,
571042,140,731,706,0.005466244725736313
571302,120,753,703,0.02303375527426388
571461,299,671,769,0.05996624472573586
571780,140,574,740,0.1169662447257358
571960,180,719,720,0.03946624472573612
572338,977,710,702,0.11896624472573603
573355,100,695,778,0.15146624472573622
573535,179,647,764,0.11896624472573603
573834,120,804,624,0.1404662447257361
573973,100,803,615,0.030966244725735503
574133,140,701,675,0.09246624472573606
574332,120,737,712,0.027466244725735667
574532,100,766,703,0.06703375527426436
574671,140,833,608,0.08803375527426383
574930,279,903,613,0.1380337552742641
575469,339,542,732,0.1250337552742642
575827,279,626,696,0.028966244725735724
576226,100,681,691,0.015966244725735823
576366,498,577,619,0.06946624472573637
576884,120,654,629,0.011533755274264035
577024,120,656,614,0.02196624472573605
577323,239,544,759,0.05053375527426418
577642,259,565,756,0.059966244725736306
577921,818,571,746,0.161466244725736
578758,239,489,752,0.161466244725736
579018,179,481,734,0.11846624472573586
579217,279,533,719,0.0819662447257361
579516,199,679,795,0.1664662447257359
579915,339,514,789,0.08696624472573555
580513,139,515,628,0.10196624472573612
580712,120,478,607,0.033466244725735894
580931,180,530,618,0.0674662447257357
581151,120,671,701,0.0729662447257362
581450,160,609,696,0.01703375527426365
581968,160,463,691,0.012533755274263925
582307,120,464,692,0.020533755274263488
582447,259,386,695,0.007033755274263864
582726,159,502,643,0.014533755274264148
583005,100,440,652,0.07196624472573587
583204,120,569,615,0.08646624472573583
583344,339,611,624,0.05346624472573591
583902,219,72,208,0.04303375527426434
584201,120,587,534,0.08403375527426427
584401,279,524,619,0.08346624472573616
584859,319,571,609,0.048966244725736185
585218,199,563,611,0.11053375527426423
585437,160,519,608,0.1330337552742642
585617,319,519,615,0.014466244725735766
585956,239,519,613,0.11553375527426413
586315,239,528,597,0.09146624472573572
586753,379,522,615,0.5899662447257366
587172,419,619,555,0.08253375527426376
587810,140,601,535,0.13346624472573554
587969,379,615,541,0.033533755274264276
588807,219,53,203,0.1720337552742639
589046,359,47,237,0.20803375527426393
589425,578,90,221,0.14153375527426393
590123,160,52,220,0.014966244725735933
590402,100,600,574,
590761,120,483,653,0.030966244725735947
590900,120,499,615,0.008466244725735539
591040,160,533,621,0.012466244725735987
591259,219,556,609,0.006033755274263974
591498,100,577,614,0.02196624472573605
591618,180,591,604,0.008533755274263921
591817,359,639,557,0.02003375527426421
592296,120,544,597,0.0374662447257359
592515,259,583,616,0.026033755274263992
592814,259,475,669,0.01703375527426454
593093,299,529,603,0.004033755274264195
593492,100,529,602,0.006466244725735759
593731,100,1061,601,0.08253375527426421
594130,100,104,228,0.1980337552742637
594270,199,38,220,0.096533755274264
594549,439,473,170,0.10303375527426395
595067,199,63,221,0.08903375527426372
595286,239,105,226,0.03253375527426394
595566,160,301,218,0.022033755274264433
595745,678,262,224,0.018966244725735937
596463,120,546,204,0.004033755274263751
596941,120,1020,448,0.08346624472573616
597260,100,1034,248,0.036966244725736175
597440,199,988,555,0.19896624472573565
597799,120,1047,643,0.01703375527426365
598317,259,1048,235,0.0875337552742641
598616,179,1046,233,0.013466244725735876
598835,259,1110,216,0.007033755274263864
599134,379,1098,212,0.005533755274263807
599573,100,1114,577,0.08246624472573627
599792,100,1035,539,0.041966244725735624
599912,159,1014,612,0.006466244725736203
600091,179,989,560,0.0414662447257359
600351,120,849,689,0.06796624472573631
600690,100,826,472,0.03453375527426372
600889,140,861,497,0.05146624472573613
601308,259,911,480,0.0699662447257361
601587,139,847,512,3.3755274264191115e-05
601786,140,840,503,0.0739662447257361
602005,179,760,461,
602225,140,770,427,0.12103375527426419
602384,199,842,388,0.11153375527426412
602783,100,869,302,0.1265337552742638
603381,239,819,388,0.014033755274263537
603740,419,842,406,0.10403375527426428
604518,120,795,338,0.04853375527426396
604697,140,795,341,0.1055337552742639
605136,140,944,363,0.10703375527426351
605614,239,973,371,0.1175337552742639
605973,120,1009,417,0.07603375527426381
606172,100,1022,418,0.06853375527426442
606292,339,895,350,0.09253375527426444
606691,140,915,377,0.04096624472573618
606970,160,816,426,0.012033755274263758
607149,179,762,437,0.049033755274264124
607588,339,820,531,0.09353375527426389
608445,399,700,109,0.13453375527426426
609063,100,752,95,0.276033755274264
609342,140,309,459,0.15853375527426428
609522,199,400,487,0.13203375527426386
609741,120,520,601,0.06503375527426414
609960,120,387,593,0.07703375527426415
610100,180,324,628,0.04653375527426373
610299,279,331,627,0.08403375527426382
610638,120,386,616,0.00896624472573615
610778,538,401,623,0.046966244725736406
611356,259,421,622,
611635,100,467,592,
611755,160,461,588,0.09396624472573611
611934,299,387,630,
612433,160,452,576,0.3319662447257361
612652,219,520,586,0.0019662447257355886
612891,319,536,572,0.04553375527426384
613290,339,457,596,0.044033755274263786
613649,239,410,659,0.006533755274264141
614147,259,429,674,0.08846624472573605
614506,160,487,669,0.12946624472573598
614706,100,489,669,0.16696624472573607
614865,319,518,585,0.12146624472573597
615204,379,493,641,0.1299662447257357
615643,160,506,636,0.027033755274263882
615822,439,445,642,0.01746624472573588
616340,179,483,626,0.05903375527426391
616580,100,478,640,0.016033755274264205
616699,159,512,621,0.07153375527426364
616978,199,512,619,0.014533755274264148
617198,100,526,606,0.019533755274264042
617317,140,520,626,0.08053375527426399
617477,478,527,618,0.028033755274263772
618075,120,523,565,0.0510337552742639
618254,219,568,561,0.04453375527426395
618494,160,585,564,0.09203375527426383
618673,180,630,564,0.08253375527426376
618992,199,574,544,0.050533755274263736
619311,439,520,482,0.1200337552742643
619770,179,571,556,0.07403375527426403
619969,100,565,554,0.11153375527426368
620109,140,540,557,0.03703375527426411
620388,159,490,472,0.13303375527426375
620567,279,523,462,0.15453375527426383
620886,259,591,481,0.17703375527426424
621165,100,467,457,0.155033755274264
621305,239,485,391,0.17753375527426396
621564,279,480,386,0.026033755274263992
621863,100,473,513,0.12153375527426435
621983,100,491,485,0.13503375527426398
622102,259,529,481,0.10303375527426395
622461,299,479,365,0.042033755274264006
622940,140,1117,443,0.05146624472573569
623159,339,1013,380,0.0655337552742643
623558,179,1179,687,0.01703375527426365
624415,140,757,477,0.10246624472573584
624754,219,669,553,
625153,179,722,594,0.17796624472573574
625352,140,789,489,0.1559662447257355
625771,160,731,625,0.207966244725736
625990,239,772,391,0.05596624472573586
626389,100,755,559,0.11946624472573619
626668,199,773,501,0.10846624472573607
627047,180,831,514,0.02653375527426416
627246,299,859,524,0.02646624472573622
627844,100,707,585,0.17403375527426368
628044,399,685,491,0.13903375527426443
628542,179,773,649,0.18803375527426391
628762,199,779,523,0.1280337552742643
628981,140,746,489,0.16803375527426345
629380,180,828,508,0.13453375527426426
629579,239,875,486,0.05303375527426413
629838,100,818,501,0.14803375527426388
629978,100,730,628,0.08746624472573616
630357,259,880,551,0.0030337552742638607
630855,160,802,655,0.01996624472573627
631234,140,832,674,0.06396624472573587
631453,160,807,579,0.39196624472573616
631652,100,711,631,0.1200337552742643
632111,100,685,703,0.029466244725736335
632470,180,825,646,0.12053375527426402
632829,140,658,258,0.08553375527426388
633228,180,656,190,0.1580337552742641
633447,259,287,460,0.10103375527426417
633925,100,428,499,0.0780337552742636
634484,279,488,365,0.11203375527426385
634783,219,489,485,0.1825337552742643
635142,100,530,482,0.17253375527426407
635540,159,515,467,0.21803375527426416
636338,279,822,704,0.017966244725736047
636657,180,836,692,0.04796624472573585
636856,180,845,699,0.09146624472573572
637056,379,812,733,0.10646624472573629
637474,139,837,723,0.07096624472573598
637674,140,796,726,0.11096624472573646
638072,259,836,713,0.1874662447257358
638351,479,829,707,0.12796624472573592
638850,259,857,703,0.03946624472573612
639887,339,835,692,0.12946624472573598
641183,179,804,731,0.08096624472573577
641502,120,777,725,0.07896624472573599
641641,180,784,655,0.0649662447257362
641980,139,777,707,0.032033755274263775
642180,239,784,715,0.06346624472573614
642538,319,791,781,0.037533755274263836
642877,139,782,794,0.009033755274264088
643037,100,786,789,0.03396624472573606
643156,199,735,774,0.050533755274263736
643376,359,775,810,0.08796624472573589
643894,120,846,816,0.08346624472573616
644054,180,960,741,0.043466244725736125
644253,399,900,745,0.12196624472573614
644871,239,851,631,0.038966244725735955
645629,180,691,680,0.1364662447257361
645928,120,673,681,0.10646624472573629
646227,140,714,723,0.0014662447257358657
646566,239,731,684,0.059466244725735695
647044,100,722,715,0.07546624472573571
647244,100,796,650,0.001033755274264081
647941,100,675,732,0.10446624472573607
648061,140,665,749,0.002533755274264138
648280,120,750,707,0.06596624472573565
648420,179,745,705,0.03396624472573606
648859,279,785,630,0.07403375527426403
649676,279,734,727,0.03196624472573584
650115,199,772,640,
650434,199,809,611,0.06796624472573587
651092,100,746,712,0.0729662447257362
651231,179,750,716,0.153466244725736
651430,120,761,723,0.04803375527426379
651789,199,751,705,0.017533755274264262
652068,140,814,715,0.002033755274263971
652368,179,766,721,0.017466244725736324
652667,199,741,703,0.082966244725736
652886,399,722,639,0.038966244725735955
653484,618,722,633,0.04096624472573618
654302,199,717,641,0.050966244725735965
654860,199,744,705,0.038966244725735955
655558,140,754,719,0.005966244725736036
655896,239,773,709,0.004966244725735702
656176,120,785,707,0.03846624472573579
656315,219,771,704,0.06246624472573581
656554,120,772,703,0.2004662447257357
656694,239,772,716,0.09346624472573639
657013,140,824,690,0.009466244725735873
658448,179,854,651,0.03203375527426422
658688,100,700,676,0.07103375527426392
658847,100,719,679,0.02303375527426388
658987,180,719,668,0.17953375527426418
659286,160,753,658,0.013033755274264092
659545,279,769,739,0.03046624472573578
660103,120,683,679,0.07153375527426409
660342,180,720,688,0.10996624472573613
660542,120,804,639,0.0560337552742638
660881,100,850,643,0.07503375527426392
661260,219,855,623,0.16053375527426406
661559,100,826,619,0.13653375527426403
661678,140,838,620,0.13853375527426381
661858,159,856,621,0.24353375527426424
662037,100,765,600,0.09553375527426367
662237,219,797,624,0.23653375527426368
662655,120,777,628,0.1380337552742641
663094,199,750,563,0.061033755274264134
663752,120,786,554,0.24303375527426407
664350,159,836,544,0.2860337552742638
664629,140,861,567,0.22003375527426394
665008,120,688,557,0.100533755274264
665785,180,876,712,0.03946624472573612
665985,239,877,734,0.01703375527426365
666404,259,829,534,0.175033755274264
666702,259,820,531,0.0649662447257362
667181,239,864,524,0.0940337552742645
667540,140,667,580,0.09053375527426422
667699,120,649,552,0.17553375527426418
667839,339,641,545,0.24003375527426396
668198,219,630,602,0.21203375527426394
668995,100,668,582,0.07453375527426376
669294,219,656,628,0.12396624472573592
669594,239,783,634,0.023466244725736107
669932,139,701,645,0.10153375527426389
670491,120,704,646,0.07346624472573637
670690,179,592,261,0.013533755274263815
670929,140,598,232,0.07703375527426415
671089,319,600,219,0.14953375527426394
671787,139,436,497,0.09953375527426411
671966,399,506,455,0.12703375527426397
672385,159,574,477,0.22303375527426406
672584,199,517,473,0.10653375527426379
672843,279,616,472,0.159033755274264
673282,140,888,614,0.014033755274263982
674000,339,820,532,0.03396624472573606
674378,160,875,504,0.09003375527426405
674578,160,820,570,0.12053375527426402
675116,120,809,658,0.06603375527426403
675355,199,799,694,0.03196624472573584
675834,199,817,555,0.11546624472573574
676053,179,792,546,0.18946624472573603
676572,140,846,543,0.1764662447257357
676751,698,759,815,0.262466244725736
677469,439,812,709,0.2529662447257359
677927,140,834,660,0.1794662447257358
678466,140,813,526,0.07646624472573604
678625,279,810,531,0.06046624472573603
678924,199,819,604,0.22696624472573612
679323,179,747,504,0.11146624472573619
679762,140,827,658,0.020466244725735994
680120,219,819,689,0.20246624472573593
680360,159,797,707,0.03246624472573556
680818,199,786,692,0.1784662447257359
681038,100,780,690,0.23096624472573568
681576,179,688,718,0.31046624472573603
681775,598,783,753,0.2684662447257362
682493,159,679,672,0.05153375527426407
682692,120,650,649,0.10103375527426417
682832,219,660,657,0.028466244725736
683889,179,656,615,0.03946624472573612
684367,180,631,614,0.07196624472573587
684706,140,650,585,0.1410337552742642
684965,319,647,569,0.16653375527426428
685324,160,644,558,0.06853375527426397
685783,159,647,563,0.050533755274263736
685982,219,686,517,0.03203375527426422
686500,120,635,659,0.01296624472573571
686660,419,649,664,0.023533755274264045
687178,180,702,646,0.07646624472573604
687378,120,716,659,0.05146624472573613
687517,219,720,729,0.14396624472573594
687757,120,719,706,0.15946624472573578
688753,100,762,591,0.14153375527426393
689072,159,729,585,0.15853375527426428
689272,319,745,501,0.14303375527426399
689611,319,736,491,0.16103375527426378
690109,120,706,493,0.10403375527426428
690548,120,750,488,0.11853375527426424
690867,120,728,508,0.18103375527426424
691046,199,823,521,0.20253375527426387
691285,160,777,409,0.12703375527426397
691465,199,829,426,0.253533755274264
691684,239,861,452,0.24503375527426385
692382,299,737,602,0.21003375527426416
692741,139,699,603,0.17003375527426412
692980,140,687,585,0.18353375527426374
693638,120,777,646,0.13603375527426387
693778,239,790,652,0.08203375527426404
694236,100,712,650,0.1265337552742638
694356,159,715,673,0.03653375527426439
694735,100,741,610,0.05146624472573613
695333,140,780,657,0.006533755274264141
695512,120,819,654,0.09903375527426395
695652,159,810,669,0.07903375527426393
695971,139,850,665,0.09396624472573611
696130,299,855,689,0.06746624472573615
696689,139,858,599,0.03853375527426417
697187,239,813,781,0.05303375527426368
697785,459,874,707,0.13653375527426403
698463,259,810,786,0.02196624472573605
698762,140,858,688,0.1089662447257358
698922,140,847,700,0.1599662447257364
699161,718,816,769,0.1819662447257362
700038,399,829,766,0.14896624472573583
700477,179,725,821,0.23196624472573601
700676,339,795,851,0.17646624472573613
701035,199,930,815,0.04346624472573568
701254,399,901,811,0.1559662447257364
701832,179,785,727,0.09046624472573583
702072,140,761,697,0.12396624472573592
702351,219,782,685,0.082966244725736
702610,120,801,679,0.08946624472573594
702750,179,786,691,0.19696624472573587
703029,100,801,698,0.1649662447257363
703846,140,640,259,0.16903375527426379
704046,279,639,250,0.25003375527426375
704524,478,487,407,0.292033755274264
705022,179,484,359,0.16053375527426406
705222,219,487,353,0.30603375527426424
705541,100,508,442,0.3380337552742638
705880,160,584,485,0.1225337552742638
706119,180,447,489,0.14203375527426365
706558,199,408,507,0.020466244725735994
706956,100,534,454,0.07496624472573599
707415,299,887,799,0.23396624472573624
707734,160,850,807,0.26846624472573577
707933,140,849,812,0.2884662447257358
708252,100,813,792,0.6544662447257363
708372,339,798,764,0.26646624472573555
708731,379,751,760,0.17996624472573597
709229,179,853,743,0.153466244725736
709429,299,876,742,0.090966244725736
709867,180,813,665,0.07603375527426381
710725,139,770,855,0.057033755274264575
710884,179,741,844,0.007466244725736093
711123,319,825,839,0.1689662447257363
711462,199,826,843,0.1324662447257361
711682,179,829,840,0.09146624472573572
711881,120,830,834,0.12496624472573581
712020,738,793,844,0.05246624472573602
712838,359,825,807,0.09196624472573589
713416,120,724,671,0.13696624472573626
713615,479,729,662,0.02646624472573622
714114,179,727,665,0.029533755274264273
714313,219,743,645,0.02303375527426388
714553,279,736,652,0.019033755274263875
714931,319,707,589,0.1175337552742639
715609,100,779,580,0.11303375527426374
715809,199,845,564,0.14253375527426426
716108,100,663,595,0.041033755274264117
716407,179,862,710,0.13353375527426392
716626,279,791,582,0.019533755274264042
716945,100,794,574,0.003033755274264305
717065,259,800,568,0.09296624472573578
717404,199,849,760,0.08303375527426438
717703,100,781,573,0.014533755274264148
717942,179,840,578,0.06296624472573598
718141,100,805,578,0.029466244725736335
718361,140,847,581,0.13003375527426408
718640,180,754,569,0.16503375527426423
718839,160,761,586,0.19103375527426403
719258,120,731,773,0.17453375527426385
719417,159,750,745,0.1615337552742644
719597,239,795,747,0.0780337552742636
720016,259,845,739,0.1490337552742642
720314,199,923,728,0.11303375527426374
720653,120,842,728,0.20403375527426393
720933,259,676,739,0.14953375527426394
721272,259,771,746,0.09953375527426411
721750,120,768,754,0.1355337552742637
721929,140,746,712,0.11303375527426374
722229,100,811,647,0.2060337552742637
722428,140,811,629,0.17803375527426368
722647,239,764,638,0.2915337552742643
722966,498,921,782,0.21053375527426388
723883,140,927,779,0.20753375527426376
724103,498,929,778,0.05203375527426379
724621,179,951,777,0.08703375527426394
725000,100,796,635,0.16303375527426445
725299,319,783,634,0.11653375527426357
725698,199,823,628,0.18953375527426397
726635,140,785,652,0.06453375527426397
726794,160,777,633,0.175033755274264
726974,279,740,554,0.11803375527426363
727273,120,791,543,0.048966244725736185
727532,319,756,532,0.18103375527426424
727891,100,811,531,0.3260337552742638
728608,239,813,523,0.1970337552742638
728868,100,814,542,0.23503375527426407
728987,219,863,524,0.22603375527426417
729326,379,789,534,0.2740337552742642
729725,239,803,541,0.2370337552742643
729984,100,816,546,0.20903375527426382
730104,100,822,545,0.2685337552742637
730223,140,817,554,0.22803375527426395
731001,100,880,779,0.09253375527426444
731699,159,787,581,0.1410337552742642
732018,120,816,553,0.13853375527426381
732496,100,748,632,0.11553375527426413
732616,179,747,657,0.09296624472573578
732915,259,739,652,0.1435337552742637
733254,179,762,703,0.12603375527426408
733653,499,751,654,0.07753375527426387
734171,100,747,646,0.18853375527426408
734291,140,784,636,0.02153375527426382
734550,120,738,663,0.022533755274264156
734849,199,780,632,0.11503375527426396
735666,259,642,703,0.14853375527426405
735946,219,643,687,0.17953375527426418
736185,100,794,629,0.37103375527426374
736304,140,822,602,0.2460337552742642
736703,100,617,684,0.20903375527426382
736823,160,640,685,0.11353375527426435
737042,279,619,696,0.05103375527426435
737341,239,692,700,0.096533755274264
737600,140,666,685,0.16503375527426378
738059,120,736,698,0.2550337552742641
738258,179,819,624,0.11253375527426401
738458,140,827,617,0.14853375527426405
738757,140,776,631,0.15003375527426366
739215,160,803,681,0.024033755274264212
739674,199,739,701,0.0050337552742640845
740092,120,774,750,0.06446624472573648
740312,279,781,651,0.13953375527426415
740710,359,684,713,0.22303375527426406
741089,100,672,739,0.013033755274264092
741229,140,689,758,0.024533755274263935
741707,100,681,741,0.10353375527426367
741827,100,692,741,0.06546624472573592
741947,219,711,762,0.04346624472573568
742186,100,718,756,0.0034662447257356455
742346,120,693,758,0.04353375527426406
742485,180,744,759,0.10346624472573573
743083,139,872,780,0.012466244725735987
743482,239,849,742,0.001533755274264248
743801,120,733,858,0.019466244725736104
743940,120,778,876,0.10353375527426367
744080,100,768,874,0.0730337552742637
744200,259,727,808,0.05603375527426424
744698,319,737,769,0.07303375527426414
745037,359,743,776,0.02946624472573589
745416,239,850,748,0.07946624472573616
745675,100,863,749,0.14246624472573632
745814,379,870,747,0.06546624472573592
746313,279,879,740,0.07503375527426392
746612,100,831,742,0.10353375527426412
746911,100,762,869,0.015966244725736267
747529,140,720,719,0.13853375527426381
747788,160,713,716,0.02303375527426388
748167,180,709,683,0.10653375527426379
748426,379,725,668,0.07146624472573615
748825,140,702,688,0.20553375527426399
749004,100,699,680,0.21953375527426378
749124,140,703,678,0.23103375527426406
749463,120,677,747,0.0835337552742641
749682,159,766,734,0.06803375527426381
749862,100,796,714,0.23003375527426373
750121,319,864,746,0.2660337552742642
750580,199,920,730,0.09753375527426389
750819,618,795,747,0.027966244725736278
751576,618,777,750,0.13996624472573638
752354,100,882,761,0.022466244725735773
752474,419,907,777,0.000533755274263914
752912,179,944,781,0.07153375527426364
753112,279,945,784,0.20153375527426354
753610,140,825,658,0.27403375527426377
753849,120,770,624,0.21553375527426377
754348,319,874,790,0.2500337552742642
754766,259,916,783,0.17453375527426385
755145,120,913,779,0.0050337552742640845
755285,259,873,774,0.0014662447257358657
755584,199,857,722,0.1095337552742639
755803,140,655,717,0.0640337552742638
756242,120,726,695,0.031466244725736114
756601,259,1014,799,0.19103375527426403
756900,180,1004,788,0.13253375527426403
757099,160,977,690,0.1900337552742637
757338,279,972,678,0.20903375527426382
757737,120,1017,717,0.11503375527426396
757877,160,1017,726,0.2115337552742642
758056,100,1018,715,0.05553375527426363
758335,199,925,878,
758574,279,867,878,0.014033755274264426
758993,319,952,874,0.0730337552742637
759332,179,929,871,0.08503375527426416
759691,159,986,838,0.061033755274264134
760249,120,1026,746,0.07253375527426398
760389,339,1024,847,0.041533755274264283
760748,239,999,787,0.12853375527426403
761047,140,1025,789,0.05996624472573586
761206,160,1043,772,0.00896624472573615
761406,259,1021,774,0.007033755274264308
761685,1117,992,739,0.07646624472573604
762821,100,993,741,0.20246624472573593
762981,199,1020,778,0.16796624472573596
763200,160,948,728,0.14046624472573566
763419,578,993,729,
764037,419,976,717,
764576,399,907,756,0.15746624472573556
765074,179,1010,699,0.037533755274263836
765274,120,1005,695,0.17746624472573602
765413,140,1068,687,0.019533755274264042
765573,120,966,654,0.0804662447257356
765712,140,994,617,0.02646624472573622
765991,857,916,682,0.02196624472573605
766888,459,913,673,0.057466244725735915
767407,299,855,667,0.0519662447257363
767905,160,980,581,0.13553375527426414
768105,100,983,570,0.20703375527426404
768304,139,871,573,0.1980337552742637
768683,100,1040,675,0.2730337552742639
769022,259,882,862,0.017033755274264095
769301,279,889,883,0.0035337552742640277
769819,160,822,702,0.04303375527426434
769999,160,814,709,0.06896624472573576
770218,120,796,676,0.0210337552742641
770617,478,812,668,0.03846624472573579
771135,139,826,714,0.08053375527426399
771295,119,824,736,0.09196624472573633
771434,140,827,740,0.05353375527426385
771654,279,874,751,0.08253375527426376
771953,120,862,743,0.01346624472573632
772152,478,861,757,0.05846624472573625
772690,179,853,745,0.16796624472573596
772890,479,857,735,0.09796624472573567
773408,259,770,756,0.2619662447257358
774365,259,783,772,0.1324662447257361
774644,239,785,769,0.055466244725736136
774903,139,789,760,0.11846624472573586
775202,738,748,774,0.15446624472573633
775980,179,739,784,0.13346624472573598
776179,140,746,775,0.00696624472573637
776339,179,741,711,0.0019662447257360327
776538,140,743,697,0.02396624472573583
776718,120,693,748,3.3755274263747026e-05
776937,180,728,668,0.08046624472573605
777136,638,726,668,0.0575337552742643
777954,160,721,665,0.02196624472573605
778233,139,718,670,0.03303375527426411
778851,160,788,773,0.449966244725736
779150,180,855,753,0.08246624472573627
779349,159,845,750,0.06746624472573615
779788,399,755,773,0.17846624472573636
780207,299,756,781,0.1939662447257362
780526,239,753,784,0.15196624472573594
781024,140,834,730,0.08096624472573621
781244,319,859,799,0.11596624472573591
781602,299,788,770,0.04996624472573563
782021,140,857,795,0.08796624472573589
782181,299,848,794,0.10596624472573568
782500,299,852,795,0.10353375527426412
782819,100,851,792,0.09553375527426367
782938,120,807,703,0.07603375527426381
783078,319,818,717,0.11003375527426407
783417,139,812,721,0.011966244725736264
783875,399,815,729,0.06603375527426403
784394,219,807,732,0.016966244725736157
784633,120,814,729,0.16346624472573623
784932,120,802,725,0.10846624472573607
785231,120,808,765,0.1404662447257361
785650,180,811,777,
787324,179,931,766,0.050966244725735965
787524,139,891,767,0.14653375527426427
787683,419,880,783,0.007966244725735816
788142,538,829,779,0.003033755274264305
788720,279,850,786,0.02196624472573605
789278,120,774,804,0.0105337552742637
789617,239,869,785,0.018033755274263985
789896,498,865,783,0.04846624472573602
790534,259,774,794,0.024033755274264212
790813,199,805,767,0.094966244725736
791033,239,796,804,0.06646624472573581
791412,100,846,800,0.007033755274263864
791571,160,852,791,0.12053375527426402
791790,498,776,787,0.059033755274264355
792428,638,782,786,0.10803375527426384
793106,459,719,812,0.12453375527426447
793964,339,855,698,0.24953375527426358
794582,120,908,726,0.46603375527426394
795040,159,772,705,0.16803375527426434
795339,459,712,823,0.19803375527426414
795838,140,787,822,0.049533755274263847
796097,319,869,846,0.167033755274264
796615,199,674,821,0.03603375527426378
796835,339,722,819,0.05053375527426418
797293,180,587,851,0.01096624472573593
797512,160,651,830,0.04753375527426407
797732,259,709,830,0.001033755274264081
798011,199,775,876,0.14096624472573582
798230,140,713,878,0.09246624472573606
798390,120,765,853,0.04596624472573607
798529,259,799,855,0.006466244725735759
798808,359,741,891,0.000533755274263914
799187,319,721,839,0.005533755274263807
799526,239,733,884,0.008033755274264198
799785,279,765,903,0.05603375527426424
800084,199,806,900,0.06303375527426391
800304,479,759,898,0.03603375527426378
800982,817,687,740,0.18896624472573587
801879,299,755,893,0.03903375527426389
802198,100,736,896,0.012033755274263758
802317,379,702,826,0.07603375527426381
802796,279,814,844,0.175033755274264
803195,259,743,859,0.06903375527426414
803474,439,759,830,0.10053375527426445
803972,119,694,816,0.007466244725736093
804192,120,815,790,0.26496624472573593
804431,658,863,854,0.10253375527426423
805109,259,846,836,0.06453375527426397
805388,199,847,845,0.0414662447257359
805986,140,713,727,0.008533755274263921
806185,179,769,707,0.019966244725735827
806444,339,776,708,0.07453375527426376
806923,239,839,709,0.06753375527426364
807182,299,802,706,0.1905337552742643
807521,439,809,711,0.08103375527426371
807980,100,696,720,0.10853375527426401
808179,219,776,712,0.1850337552742638
808418,339,774,734,0.042033755274264006
808777,219,766,799,0.11053375527426379
809036,359,783,780,0.030533755274264163
809495,179,780,781,0.08503375527426416
809714,160,853,740,0.14803375527426432
809894,179,875,728,0.052533755274264404
810093,100,883,732,0.03653375527426439
810272,319,844,724,0.1410337552742642
810631,160,848,732,0.15203375527426388
810831,299,813,718,0.039533755274263616
811190,179,822,717,0.08996624472573611
811628,279,888,722,0.07403375527426403
812067,259,924,620,0.002533755274264138
812506,179,820,642,0.024033755274264212
812705,120,850,639,0.05553375527426363
813084,439,802,760,0.03603375527426378
813602,399,956,789,0.024466244725735553
814021,379,921,833,0.08403375527426382
814479,100,979,729,0.04503375527426412
814619,140,964,685,0.020533755274263932
814798,120,963,641,0.04303375527426434
815137,120,955,631,0.12203375527426408
815297,100,1022,632,0.027533755274263605
815516,180,976,644,0.0705337552742642
815755,199,715,318,0.23203375527426395
816034,120,716,321,0.1745337552742643
816373,140,964,746,0.19153375527426375
816613,239,468,549,0.08503375527426416
817091,179,551,414,0.11603375527426385
817370,379,517,368,0.11803375527426363
817888,160,548,327,0.10103375527426417
818128,518,538,262,0.2705337552742644
818726,279,598,265,0.23453375527426434
819025,279,636,289,0.17803375527426413
819324,180,499,255,0.23553375527426423
819523,140,504,255,0.2085337552742641
819683,180,447,252,0.11653375527426446
819922,319,558,269,0.14253375527426382
820261,299,609,277,0.1460337552742641
820580,219,529,319,0.10153375527426389
820819,180,489,399,0.23403375527426418
821019,180,567,467,0.1840337552742639
821258,140,511,310,0.14853375527426405
821437,180,487,431,0.15853375527426428
821637,120,474,369,0.1730337552742638
821776,658,486,367,0.1225337552742638
822534,199,527,441,0.17853375527426385
822773,120,477,504,0.13703375527426376
822913,299,516,482,0.12103375527426374
823232,180,590,480,0.013033755274264092
823451,439,499,474,0.05253375527426396
823930,558,585,549,0.07203375527426381
824508,180,627,547,0.09503375527426394
824707,120,672,550,0.11203375527426429
824867,120,667,551,0.10903375527426418
825006,100,656,546,0.0009662447257356988
825146,299,586,547,0.1915337552742642
825465,159,600,547,0.23803375527426374
825704,120,653,557,0.11303375527426374
825943,339,645,581,0.20253375527426387
826402,578,550,558,0.09853375527426378
827000,399,542,462,0.14503375527426376
827439,160,484,382,0.18703375527426402
827618,359,502,355,0.1770337552742638
827997,179,523,424,0.24553375527426402
828196,140,484,455,0.26453375527426415
828396,140,528,474,0.2110337552742636
828794,120,1007,645,0.1265337552742638
829034,518,951,745,0.17803375527426413
829572,100,859,651,0.1089662447257358
829991,160,733,576,0.011966244725736264
830389,459,704,588,0.11903375527426396
830928,160,687,588,0.08003375527426426
831167,140,620,628,0.016033755274264205
831326,319,603,647,0.05703375527426369
831785,100,706,638,0.09103375527426394
832004,259,700,648,0.054533755274264184
832283,100,726,673,0.014033755274263982
832822,139,745,676,0.016033755274264205
833181,299,856,691,0.07446624472573582
833799,299,877,671,0.15203375527426388
834138,339,869,683,0.14253375527426426
834556,279,829,741,0.08953375527426433
834855,299,859,739,0.1340337552742641
835174,120,790,761,0.15453375527426427
835354,120,794,771,0.1855337552742644
835872,100,848,746,0.2734662447257361
835992,159,850,754,0.010033755274263978
836171,120,819,739,0.02153375527426382
836311,160,812,744,
836490,319,842,749,0.050033755274264013
836889,120,852,671,0.02753375527426405
837028,120,845,692,0.031466244725736114
837168,100,840,690,0.046033755274263566
837387,100,876,678,0.024966244725736164
837587,299,878,685,0.11203375527426385
837966,100,570,653,0.08003375527426426
838105,199,731,698,0.08753375527426366
838524,279,799,728,0.1225337552742638
838883,259,936,752,0.09003375527426405
839421,139,742,571,0.015033755274263871
839600,140,738,566,0.02303375527426388
839760,140,801,655,0.09503375527426394
840079,160,653,644,0.006466244725735759
840278,120,657,626,0.02396624472573583
840617,359,631,614,0.011033755274264312
841016,578,629,616,0.03703375527426411
841853,279,635,607,0.07303375527426414
842192,239,592,581,0.147033755274264
842511,239,733,552,0.1800337552742639
842771,100,698,536,0.2265337552742639
842890,339,552,545,0.2715337552742638
843249,479,607,539,0.24553375527426402
843747,219,549,492,0.23053375527426434
843987,100,632,503,0.22403375527426395
844266,100,697,702,0.16653375527426384
844445,319,617,670,0.11103375527426396
844784,299,632,637,0.0650337552742637
845382,199,724,723,0.10753375527426412
845622,219,658,716,0.12303375527426397
846020,120,558,675,0.1820337552742637
846160,319,614,662,0.233533755274264
846499,199,659,650,0.1305337552742638
846818,259,720,653,0.27253375527426416
847097,100,715,633,0.28653375527426395
847396,479,574,636,0.19103375527426403
847894,179,606,591,0.24553375527426402
848313,459,508,722,0.2965337552742642
848792,100,544,715,0.28953375527426406
849170,319,500,705,0.19103375527426403
849509,379,497,721,0.1485337552742636
849908,678,555,757,0.04353375527426406
850606,538,587,767,0.09303375527426372
851204,199,553,758,0.16353375527426417
851423,199,492,656,0.13653375527426403
851643,159,523,615,0.14203375527426365
851842,299,561,607,0.18853375527426408
852360,140,574,551,0.31053375527426397
852520,160,598,542,0.3010337552742639
852699,219,595,555,0.29153375527426384
852939,738,553,605,0.3205337552742642
853696,140,549,570,0.31453375527426397
853856,239,576,551,0.22303375527426406
854115,179,572,550,0.23503375527426362
854314,100,569,564,0.22103375527426428
854733,379,572,550,0.2795337552742643
855411,279,674,840,0.1930337552742638
855850,239,691,848,0.0655337552742643
856149,239,736,805,0.007533755274264031
856627,219,583,750,0.07046624472573626
856906,199,536,402,0.10603375527426406
857145,279,242,329,0.11703375527426418
857464,239,434,247,0.264033755274264
857803,179,133,160,0.27553375527426427
858003,319,53,157,0.20103375527426381
858342,179,-32,182,0.08653375527426421
858541,558,-3,212,0.13903375527426354
859139,279,86,210,0.02753375527426405
859438,160,335,208,0.002033755274263971
859638,140,459,210,0.006966244725735926
859797,299,488,201,0.05103375527426435
860196,219,259,225,0.10303375527426395
860595,399,481,219,0.13053375527426425
861013,259,483,231,0.035533755274264056
861352,359,652,224,0.05253375527426396
861731,379,647,223,0.007033755274263864
862130,279,649,225,0.07203375527426426
862429,239,644,237,0.04553375527426384
862688,578,552,264,0.006033755274263974
863286,239,529,248,0.10103375527426417
863545,439,479,210,0.08503375527426371
864024,359,243,254,0.1340337552742641
864403,359,64,242,0.04353375527426406
865021,199,94,251,0.12346624472573575
865280,219,76,216,0.08246624472573583
865519,738,79,281,0.03846624472573579
866277,419,41,272,3.3755274264191115e-05
866735,518,33,188,0.06496624472573576
867274,479,299,222,0.1169662447257358
867772,120,247,217,0.018466244725736214
867972,279,45,271,0.017966244725736047
868271,279,167,255,0.0154662447257361
868590,698,280,278,0.04003375527426423
869327,219,437,211,0.05853375527426419
869945,120,484,235,0.05896624472573597
870185,279,709,263,0.06146624472573636
870484,179,776,252,0.07346624472573593
870783,219,484,140,0.10853375527426401
871082,140,117,157,0.04353375527426406
871241,179,72,153,0.05903375527426391
871481,239,311,158,0.03346624472573634
871780,199,482,232,0.028466244725736
871999,100,485,231,0.005466244725735869
872398,1715,86,247,0.03803375527426356
874132,319,56,250,0.0015337552742638039
874471,1914,100,255,0.0649662447257362
876405,100,125,259,0.046466244725735795
876764,259,65,246,0.11896624472573603
877043,100,65,253,0.04496624472573618
877242,359,101,253,0.34996624472573634
877741,219,588,557,0.026966244725735944
878020,140,698,458,0.011466244725735653
878279,319,98,235,0.15153375527426372
878618,478,40,249,0.06953375527426386
879117,379,115,238,0.031033755274263886
879715,199,570,396,
879974,179,445,298,0.028466244725736
880213,160,667,541,0.05203375527426424
880393,160,696,452,0.15003375527426366
880672,199,611,259,0.23253375527426412
880971,120,304,278,0.14703375527426354
881110,339,361,301,0.08253375527426376
882147,120,634,591,0.06796624472573631
882346,140,704,795,0.15146624472573622
882506,120,698,795,0.04396624472573629
882646,119,709,805,0.055466244725736136
882825,219,982,815,0.05203375527426379
883064,199,976,818,0.03003375527426444
883343,339,691,705,0.10996624472573613
883842,120,1101,954,0.12796624472573592
884021,140,1174,1039,0.08396624472573633
884240,339,618,1017,0.2869662447257362
884639,379,325,1006,0.3924662447257359
885038,518,567,1068,0.5174662447257359
885636,179,647,1015,0.5279662447257363
885836,100,611,1015,0.5549662447257355
886035,120,246,1015,0.5779662447257352
886174,239,299,1016,0.6534662447257369
886434,279,267,1008,0.6164662447257361
886733,339,328,1009,0.6259662447257361
887131,279,16,1022,0.48746624472573563
887430,179,111,995,0.47746624472573673
887630,339,26,991,0.39996624472573616
887989,219,78,991,0.37096624472573625
888268,140,506,1077,0.4629662447257359
888527,339,323,1024,0.45196624472573577
888886,159,224,1016,0.4399662447257362
889065,199,279,1010,0.4374662447257358
889285,140,323,1015,0.3849662447257356
889584,120,507,995,0.4084662447257359
889723,279,566,988,0.34696624472573623
890162,239,458,459,0.2149662447257361
890461,199,464,214,0.01096624472573593
890999,319,322,1014,0.03353375527426383
891398,399,577,682,0.0504662447257358
891817,180,672,571,0.10253375527426423
892016,279,667,560,0.1410337552742642
892315,199,566,779,0.05803375527426402
892674,140,184,187,0.2385337552742639
892873,140,62,200,0.21303375527426427
893033,518,42,246,0.0875337552742641
893731,120,665,644,0.0019662447257355886
894070,140,562,692,0.1274662447257362
894249,199,591,667,0.08396624472573633
894468,199,610,773,0.015033755274263871
894728,319,546,869,0.07446624472573626
895186,160,617,606,0.02853375527426394
895366,219,640,738,0.010033755274263978
895685,179,1183,1007,0.004966244725735702
895884,259,1215,1012,0.03253375527426394
896682,179,674,728,0.29246624472573624
896881,279,630,671,0.12796624472573592
897180,379,638,732,0.058466244725735805
897579,180,573,771,0.07196624472573632
897838,458,669,646,0.09296624472573622
898316,239,710,691,0.22296624472573612
898576,219,749,737,0.19046624472573592
898934,219,722,732,0.0009662447257361428
899174,100,728,725,0.1714662447257358
899413,180,694,663,0.031033755274263886
899612,339,679,645,0.03153375527426405
899991,518,675,654,0.03703375527426411
900569,199,254,443,0.09453375527426422
900848,120,386,305,0.09103375527426438
901147,419,140,400,0.06753375527426408
901686,199,368,425,
901965,140,558,576,0.07203375527426426
902164,100,497,498,0.09353375527426389
902304,140,490,388,0.16053375527426406
902463,319,488,352,0.14753375527426416
902822,239,469,366,0.159033755274264
903081,359,465,367,0.08203375527426404
903540,219,546,349,0.07703375527426415
903779,299,544,350,0.0835337552742641
904158,319,539,269,0.06053375527426441
904497,359,521,269,0.020033755274263765
904956,578,524,276,0.06146624472573592
905554,120,503,345,0.06703375527426392
905813,399,457,235,0.06903375527426414
906232,459,506,286,0.018033755274263985
906710,718,600,271,0.06903375527426414
907488,299,554,540,0.031466244725736114
907807,239,515,624,0.05203375527426379
908066,160,503,542,0.1250337552742642
908245,459,525,478,0.15153375527426416
908724,160,524,471,0.28503375527426433
909043,239,566,494,0.28303375527426367
909302,139,692,656,0.2500337552742642
909860,219,505,551,0.11703375527426418
910099,618,571,545,0.2715337552742638
910737,299,525,488,0.11853375527426424
911096,199,507,475,0.17203375527426434
911395,100,507,467,0.17153375527426418
911595,379,478,404,0.15153375527426372
912033,857,471,368,0.08503375527426416
913010,160,513,376,0.1800337552742639
913190,618,526,431,0.16353375527426417
913828,160,555,360,0.20753375527426376
914007,319,553,344,0.21053375527426388
914486,678,519,428,0.20203375527426415
915184,100,518,426,0.21203375527426394
915303,180,522,445,0.23553375527426423
915502,758,520,439,0.14453375527426404
916280,299,525,444,0.07353375527426431
916599,259,518,431,0.10153375527426389
916878,199,487,385,0.16153375527426395
917098,159,457,344,0.24353375527426424
917317,1176,370,144,0.3495337552742641
918513,239,517,239,0.2575337552742636
918872,219,99,219,0.34103375527426394
919111,339,49,228,0.4065337552742636
919470,678,95,238,0.3515337552742639
920308,100,635,532,0.09203375527426383
920427,100,654,514,0.13903375527426443
920567,140,646,516,0.08653375527426421
920766,439,626,507,0.07653375527426443
921284,678,636,539,0.1930337552742638
922002,139,649,528,0.24553375527426402
922261,160,658,647,0.2545337552742639
922620,219,662,656,0.11203375527426385
922879,219,710,723,0.16503375527426423
923119,199,729,668,0.1040337552742634
923378,239,711,585,0.17053375527426384
923637,159,723,570,0.17153375527426418
923816,219,624,563,0.08003375527426426
924056,140,644,510,0.29303375527426434
924215,219,716,575,0.16353375527426417
924634,279,780,567,0.2085337552742641
925033,578,724,572,0.29853375527426396
925631,140,625,539,0.1435337552742637
925830,120,647,522,0.21303375527426427
925970,140,652,515,0.2030337552742636
926129,180,635,507,0.22753375527426423
926328,219,619,520,0.2845337552742637
926608,239,549,558,0.16103375527426378
926867,219,583,589,0.1980337552742637
927226,100,587,550,0.29753375527426407
927505,100,637,587,0.32803375527426404
927624,160,675,590,0.2970337552742639
927864,100,544,596,0.23903375527426407
928063,219,591,592,0.23653375527426368
928342,100,561,497,0.19753375527426398
928621,219,544,556,0.163033755274264
928861,239,612,611,0.015533755274264038
929220,120,603,616,0.05053375527426418
929558,180,550,631,0.16453375527426362
929778,100,550,639,0.16753375527426373
929897,239,480,627,0.1500337552742641
930157,339,582,638,0.13853375527426381
930515,778,582,643,0.11703375527426418
931313,518,546,685,0.06653375527426375
931891,339,658,746,0.12603375527426364
932250,199,559,768,0.0510337552742639
932469,100,628,654,0.19453375527426386
932689,140,605,645,0.1275337552742637
932848,160,642,639,0.15053375527426383
933048,379,669,644,0.15453375527426383
933666,159,173,261,0.08453375527426443
933845,140,69,279,0.11153375527426368
934004,219,53,243,0.10503375527426417
934244,219,100,246,0.20203375527426415
934563,160,701,566,0.03846624472573579
934742,140,612,665,0.090966244725736
935041,598,617,653,0.061033755274264134
935739,120,686,670,0.082966244725736
935879,139,682,665,0.057533755274263854
936557,399,631,658,0.1095337552742639
937254,179,711,642,0.2035337552742642
937533,419,600,653,0.1620337552742641
937972,259,611,650,0.26503375527426387
938271,140,551,698,0.24603375527426374
938530,120,543,695,0.23553375527426423
938670,259,540,701,0.14003375527426387
938949,359,534,698,0.09603375527426428
939328,100,575,698,0.18153375527426396
939507,299,706,129,0.1320337552742643
939846,219,557,219,0.26953375527426404
940285,120,1091,791,0.07703375527426415
940444,100,1033,435,0.22403375527426395
940624,199,556,272,0.05703375527426369
940963,180,685,255,0.11403375527426407
941162,279,751,264,0.06603375527426403
941461,100,759,251,0.07953375527426454
941621,100,442,543,0.027033755274264326
942019,100,706,668,0.1410337552742642
942219,219,688,646,0.07896624472573599
942518,279,342,294,0.11153375527426368
943016,1097,676,643,0.08103375527426415
944133,399,673,649,0.01296624472573571
944551,259,673,643,0.028966244725735724
944851,279,687,643,0.012033755274263758
945209,199,782,701,0.046466244725735795
945429,239,739,767,0.06053375527426397
945867,638,686,759,0.061033755274264134
946545,219,684,740,0.07553375527426409
946784,139,676,742,0.08603375527426405
946944,159,682,752,0.006533755274264141
947143,140,687,755,0.035966244725736285
947323,179,689,732,
947542,120,691,757,0.23646624472573619
947682,120,684,738,0.14346624472573621
947941,658,690,757,0.20646624472573594
949177,139,498,630,0.03153375527426361
949356,199,720,524,0.050033755274264013
949596,120,724,528,0.22203375527426417
950234,100,744,607,0.28803375527426356
1160933,239,72,190,0.3284662447257358
1161192,119,117,187,0.340966244725736
1161372,180,316,164,
1162408,140,493,568,
1162568,359,487,452,
1162947,459,499,413,
1163465,259,549,279,
1163804,179,1071,363,0.29496624472573574
1164123,259,522,491,0.316966244725736
1164402,160,538,560,0.2634662447257359
1164622,219,509,531,
1164861,120,555,280,
1165160,179,541,285,
1165459,140,579,260,
1165658,120,578,268,
1165858,219,989,299,0.3404662447257363
1166097,180,971,276,0.3564662447257363
1166496,239,372,267,
1166755,179,485,268,
1167213,140,564,337,0.3849662447257356
1168370,179,657,888,0.2874662447257359
1168589,100,665,907,0.3404662447257363
1169088,538,650,929,0.7259662447257358
1169726,100,1059,908,0.3934662447257353
1169845,618,1191,1003,0.37046624472573564
1171021,977,674,1084,0.9034662447257369
1172018,219,619,1052,
1172258,139,699,1093,0.9629662447257359
1172477,179,321,1220,
1172856,140,405,386,
1173155,100,496,281,
1173274,100,505,274,
1173673,139,501,348,
1174072,419,64,215,
1174530,199,464,254,
1174750,1595,476,252,
1176724,100,395,501,
1177162,120,993,419,0.09296624472573578
1177960,339,58,188,
1178378,219,447,290,
1178618,160,409,384,
1179236,279,922,406,
1179554,459,894,283,
1180053,219,512,463,
1180472,100,348,564,
1180631,140,330,537,
1180950,140,935,360,
1181130,239,939,369,
1181429,199,241,229,
1181728,538,38,222,
1182725,219,965,348,
1183024,199,183,390,
1183243,140,177,398,
1183502,100,315,573,
1184001,179,874,239,
1184399,100,964,297,
1184718,140,960,300,
1185037,140,415,430,
1185596,179,998,330,0.2594662447257359
1185795,179,637,437,
1186194,120,615,518,
1186413,160,730,225,
1186692,439,584,176,
1187151,160,588,179,
1187550,120,605,288,
1187948,100,936,366,
1188168,479,895,263,
1188965,299,714,256,
1189284,499,664,272,
1190002,160,646,264,
1190181,100,500,266,
1190361,219,491,255,
1190720,239,208,441,
1191078,100,242,495,
1191278,120,776,473,
1191418,140,808,488,
1191637,120,786,532,
1191976,139,675,611,
1192594,120,134,122,
1192793,100,124,128,
1192933,299,393,40,
1193331,339,764,282,
1193910,140,761,286,
1194667,100,222,489,
1194787,100,209,484,
1194926,159,207,471,
1195365,120,717,143,
1195544,239,116,87,
1195824,259,125,60,
1196541,339,19,13,
1197000,319,463,343,
1197598,179,651,460,
1198236,379,778,448,
1198714,259,855,400,
1199014,199,805,338,
1199273,339,800,183,
1199711,100,450,318,
1199891,100,449,324,
1200050,140,683,504,
1200668,179,799,520,
1200967,199,555,101,
1201227,319,138,107,
1201566,120,140,116,
1202024,199,920,52,
1202263,359,1256,68,0.21746624472573606
1202722,179,1316,224,0.25896624472573615
1202921,399,1344,330,0.320966244725736
1203420,160,553,433,
1204078,379,592,559,0.4454662447257358
1204915,119,624,25,0.26096624472573593
1205134,658,731,17,0.2774662447257361
1205832,120,405,221,
