time,duration,x,y,avg_dilation
366771,279,560,62,0.074033755
366153,239,487,74,0.136033755
392610,439,92,118,0.071533755
367788,139,365,123,0.076033755
901514,379,1148,124,0.120533755
992988,140,124,130,0.054966245
817757,120,162,132,0.041033755
394903,439,416,139,0.059533755
818375,140,154,140,0.115533755
622210,199,409,141,0.275533755
388104,359,442,142,0.109533755
651160,179,428,143,0.147033755
935767,279,228,145,0.090533755
818535,179,230,146,0.073033755
818734,399,189,147,0.066533755
817897,179,190,147,0.007966245
819452,359,116,150,0.004533755
937861,120,174,150,0.180466245
819292,140,61,152,0.011466245
901216,279,1230,153,0.104033755
622848,100,228,156,0.195533755
447378,100,376,158,0.216033755
651997,279,427,158,0.213033755
901933,160,1034,158,0.116033755
818096,120,104,159,0.026466245
625301,120,336,159,0.070533755
651359,179,376,160,0.107533755
622051,139,427,161,0.300033755
652854,179,445,161,0.215533755
,,,,
938000,299,55,162,0.236466245
471383,180,433,162,0.472966245
935468,279,28,163,0.151533755
395401,179,51,163,0.117033755
627713,758,241,163,0.028466245
625440,179,435,163,0.001533755
679790,239,417,164,0.105033755
651857,120,482,164,0.162533755
433203,578,37,165,0.174533755
652356,479,249,165,0.126533755
653073,957,597,165,0.146033755
387865,100,23,166,0.042533755
938598,538,56,166,0.024466245
817478,140,56,166,0.007533755
935269,139,235,166,0.132033755
514009,179,166,167,0.129533755
681764,160,412,167,0.045033755
624802,279,36,168,0.097533755
627474,199,38,168,0.095466245
462152,339,591,168,0.044533755
626397,419,234,169,0.102533755
682860,638,422,169,0.180533755
468512,279,453,169,0.113533755
748554,179,461,169,0.005533755
907496,419,41,170,0.053966245
654868,758,427,170,0.056033755
462770,179,718,170,0.103533755
387586,259,25,171,0.003966245
391773,359,47,171,0.118533755
463149,558,603,171,0.051533755
906997,479,53,172,0.093966245
660131,259,249,172,0.170033755
642666,199,250,172,0.157533755
655944,100,285,172,0.048033755
468811,678,427,172,0.069033755
461913,180,588,172,0.099033755
393108,379,10,173,0.080033755
900039,259,36,173,0.201033755
902412,498,49,173,0.094033755
622609,120,224,173,0.174533755
388563,199,20,174,0.177033755
900338,359,230,174,0.187033755
838492,199,282,174,0.183466245
393707,279,293,174,0.057533755
464026,658,444,174,0.041466245
658995,239,437,175,0.079533755
463009,120,566,175,0.052466245
,,,,
622968,219,13,176,0.240033755
626038,339,59,176,0.077033755
499874,179,282,176,0.032533755
394006,279,433,176,0.067033755
991174,339,43,177,0.086033755
393527,160,60,177,0.007033755
622469,120,175,177,0.194533755
449591,339,597,177,0.050033755
468153,140,601,177,0.152966245
466020,698,616,177,0.039466245
899740,279,62,178,0.220533755
908393,379,225,178,0.050033755
651558,219,256,178,0.157033755
448515,718,429,178,0.130033755
464704,478,597,178,0.002533755
449252,319,603,178,0.061033755
395601,678,9,179,0.090033755
628690,319,42,179,0.001466245
812434,179,236,179,0.161033755
,,,,
468353,140,450,179,0.017466245
681365,279,585,179,0.127033755
466837,100,624,179,0.016466245
838213,160,836,179,0.081966245
670200,279,29,180,0.123533755
642188,359,37,180,0.137033755
74846,578,242,180,0.157533755
595534,139,283,180,0.201533755
748754,199,427,180,0.078033755
465701,299,608,181,0.014466245
463727,160,614,181,0.003533755
463906,100,617,181,0.013966245
902152,100,1030,181,0.052033755
397096,339,11,182,0.025533755
655665,259,218,182,0.059033755
670499,339,248,182,0.068033755
659593,498,412,182,0.191033755
469529,199,590,182,0.025533755
681963,259,592,182,0.129533755
660490,279,47,183,0.207533755
627095,259,66,183,0.055033755
641430,120,197,183,0.156533755
141557,219,225,183,0.268533755
656443,339,232,183,0.133533755
659294,239,251,183,0.165033755
656882,1057,261,183,0.003533755
78774,140,317,183,0.096966245
734079,160,422,183,0.125533755
681086,239,446,183,0.144033755
838751,160,464,183,0.053033755
936445,598,1283,183,0.077033755
396817,259,32,184,0.024466245
397455,339,52,184,0.033533755
837455,538,242,184,0.027033755
660809,359,244,184,0.122533755
471702,1236,419,184,0.219466245
79532,538,426,184,0.085033755
469808,179,431,184,0.061466245
398591,179,14,185,0.091033755
397834,399,246,185,0.002033755
625639,179,285,185,0.049033755
466997,179,438,185,0.107466245
394544,259,32,186,0.106533755
656064,359,38,186,0.071033755
394305,199,140,186,0.094533755
613139,140,244,186,0.013466245
727161,140,264,186,0.381033755
683937,219,276,186,0.173533755
2653,179,322,186,0.144033755
680747,319,445,186,0.162533755
654050,199,564,186,0.019533755
838990,538,188,187,0.026533755
625839,160,233,187,0.081033755
78933,339,262,187,0.005033755
461733,100,428,187,0.046533755
680129,538,439,187,0.223533755
432964,219,40,188,0.163033755
628510,159,42,188,0.044533755
684176,419,230,188,0.222033755
907974,239,234,188,0.012533755
658337,299,250,188,0.072033755
450309,179,419,188,0.105033755
141856,239,436,188,0.347033755
144249,379,448,188,0.110033755
657978,339,43,189,0.137033755
3450,279,67,189,0.043533755
85094,120,139,189,0.083966245
453080,379,311,189,0.028533755
396637,140,363,189,3.38E-05
654270,578,494,189,0.018533755
81844,239,528,189,0.043033755
465202,279,609,189,0.053966245
936305,120,1246,189,0.079533755
905263,1715,40,190,0.022033755
836299,937,57,190,0.091033755
452084,279,58,190,0.011466245
908233,140,223,190,0.035966245
641570,578,260,190,0.174033755
452403,259,308,190,0.042033755
451884,100,414,190,0.038533755
683677,239,239,191,0.214033755
726424,179,292,191,0.221033755
79312,199,476,191,0.031533755
751684,140,594,191,0.076033755
901016,180,1270,191,0.065033755
508248,120,38,192,0.177533755
836100,180,146,192,0.004533755
508427,199,294,192,0.139533755
505377,339,425,192,0.444966245
,,,,
793394,179,626,192,0.076033755
389719,678,1285,192,0.035033755
935069,179,176,193,0.115033755
475490,578,238,193,0.045033755
452682,339,246,193,0.055033755
398252,279,316,193,0.073533755
448096,279,368,193,0.115033755
621532,459,412,193,0.163533755
341989,219,419,193,0.048033755
80508,439,445,193,0.004966245
839788,239,218,194,0.073966245
658796,140,269,194,0.137533755
190464,120,491,194,0.054533755
82103,877,607,194,0.103533755
450987,339,43,195,0.171533755
685711,498,44,195,0.193033755
903847,239,53,195,0.010966245
6042,339,63,195,0.090966245
5244,239,227,195,0.038966245
5504,259,271,195,0.067966245
837296,140,348,195,0.024466245
5085,140,393,195,0.031533755
465501,120,602,195,0.031033755
447797,239,32,196,0.166533755
909230,598,36,196,0.019533755
474553,479,232,196,0.083033755
794829,179,253,196,0.153033755
939575,199,265,196,0.094966245
473457,180,304,196,0.170033755
342248,160,422,196,0.117033755
80090,180,692,196,0.077466245
994244,379,40,197,0.089533755
508646,319,220,197,0.144033755
734558,279,220,197,0.271033755
446999,319,234,197,0.201533755
503223,399,421,197,0.229466245
84237,459,425,197,0.028033755
143491,239,448,197,0.134033755
784103,120,466,197,0.120966245
781391,140,519,197,0.078033755
447598,180,47,198,0.215533755
683538,119,163,198,0.227533755
500272,119,403,198,0.063533755
506074,120,435,198,0.023466245
684615,439,38,199,0.152533755
,,,,
396298,120,61,199,0.042533755
685073,558,232,199,0.132033755
734279,259,242,199,0.280033755
264731,180,97,200,0.103033755
473656,279,216,200,0.137533755
939794,439,226,200,0.141466245
474314,219,261,200,0.106033755
80329,160,404,200,0.117466245
501269,1017,424,200,0.012033755
478700,259,34,201,0.046533755
474075,219,43,201,0.082533755
503642,180,412,201,0.033466245
752880,738,430,201,0.131033755
142155,319,560,201,0.311033755
624603,179,5,202,0.082033755
387287,279,29,202,0.048033755
500472,339,31,202,0.067033755
939356,179,44,202,0.085966245
5783,239,236,202,0.050466245
781670,359,529,202,0.007966245
937063,638,1273,202,0.011033755
624064,160,18,203,0.197033755
476148,179,23,203,0.004533755
473197,239,39,203,0.172533755
734857,439,44,203,0.276533755
726623,219,224,203,0.295533755
994662,199,269,203,0.149533755
312780,179,423,203,0.035033755
535083,439,434,203,0.096533755
506393,817,435,203,0.084033755
532232,219,443,203,0.036033755
142494,957,593,203,0.276033755
853485,100,70,204,0.197466245
726962,159,215,204,0.389533755
85772,359,237,204,0.108533755
81406,399,249,204,0.037033755
501070,180,237,205,0.056033755
576952,180,389,205,0.100533755
782747,299,429,205,0.102966245
784541,239,456,205,0.161966245
784242,279,465,205,0.156966245
,,,,
475151,279,54,206,0.070033755
908792,179,240,206,0.131533755
396498,120,349,206,0.033033755
507450,100,428,206,0.017033755
190603,179,430,206,0.126533755
450788,180,17,207,0.156033755
994882,538,230,207,0.085033755
,,,,
751146,479,604,207,0.096966245
473058,120,55,208,0.156033755
451386,479,298,208,0.227533755
502306,558,428,208,0.031533755
500073,179,456,208,0.056033755
682242,598,480,208,0.187033755
995739,2074,30,209,0.086033755
85234,498,43,209,0.035533755
478261,399,229,209,0.035966245
839549,219,270,209,0.087466245
575596,100,423,209,0.181533755
749950,817,426,209,0.038533755
502884,160,490,209,0.001966245
450509,219,491,209,0.110033755
,,,,
749192,199,28,210,0.050033755
505755,259,430,210,0.091966245
575457,120,447,210,0.161033755
461514,139,471,210,0.039466245
500871,179,285,211,0.013966245
812633,199,438,211,0.057033755
339955,179,463,211,0.418966245
749052,120,102,212,0.112533755
754695,120,432,212,0.072533755
782049,219,523,212,0.091466245
509125,399,46,213,0.194533755
508985,120,217,213,0.187033755
246129,139,458,213,0.246533755
1006864,100,11,214,0.017533755
908991,199,28,214,0.043033755
4886,140,42,214,0.016533755
533229,100,85,214,0.077533755
1137,219,229,214,0.298533755
2852,578,252,214,0.203533755
533628,120,261,214,0.016533755
749690,199,265,214,0.031533755
900817,140,1224,214,0.035533755
990914,120,202,215,0.144533755
780653,140,310,215,0.012966245
482867,439,42,216,0.082466245
4646,219,85,216,0.002533755
86988,100,234,216,0.031033755
733940,119,299,216,0.261033755
446700,279,300,216,0.201533755
532472,399,427,216,0.156533755
3749,180,41,217,0.138533755
509783,259,219,217,0.260533755
781012,359,419,217,0.164033755
750907,219,599,217,0.015466245
264930,100,37,218,0.036033755
333356,179,361,218,0.131533755
785678,558,417,218,0.120466245
782308,219,533,218,0.095966245
669562,618,47,219,0.054033755
749551,120,238,219,0.007966245
86789,179,264,219,0.058033755
147678,339,268,219,0.129033755
509563,199,293,219,0.249533755
621174,219,421,219,0.121533755
784800,339,595,219,0.085466245
389560,140,1236,219,0.005966245
909848,1635,40,220,0.054533755
795188,439,42,220,0.117033755
584090,160,87,220,0.256033755
248322,279,428,220,0.035033755
468014,120,620,220,0.252466245
,,,,
537137,179,209,221,0.147533755
544035,439,236,221,0.127033755
146781,538,252,221,0.071533755
583252,199,416,221,0.483466245
383538,120,497,221,0.112033755
383120,399,500,221,0.064033755
991752,180,1282,221,0.154533755
507928,299,36,222,0.171033755
510122,179,48,222,0.201533755
841084,279,49,222,0.032966245
755432,100,205,222,0.157033755
754256,359,223,222,0.123533755
147339,319,240,222,0.123533755
515006,299,242,222,0.127033755
577152,1595,427,222,0.132533755
195249,199,431,222,0.011533755
787532,698,435,222,0.338466245
754854,459,25,223,0.091033755
968644,359,244,223,0.059033755
575716,1017,419,223,0.207033755
785199,439,569,223,0.164466245
939156,180,31,224,0.115466245
543736,279,39,224,0.063533755
753678,140,87,224,0.046033755
995440,179,220,224,0.104533755
536818,279,426,224,0.237533755
307776,239,427,224,0.016966245
783584,359,589,224,0.109466245
968325,279,66,225,0.125533755
755552,100,227,225,0.204533755
788250,120,360,225,0.228033755
780853,140,477,225,0.111533755
91933,518,48,226,0.035466245
899341,199,195,226,0.221033755
537336,159,224,226,0.149033755
880221,180,253,226,0.056533755
536579,219,313,226,0.133033755
246289,379,431,226,0.217033755
580341,618,433,226,0.038033755
383678,778,500,226,0.134533755
754097,140,28,227,0.093533755
840087,319,34,227,0.046466245
969063,558,44,227,0.088533755
899561,160,61,227,0.225533755
83001,120,587,227,0.052466245
783963,100,598,227,0.062466245
791858,459,30,228,0.145533755
144966,957,61,228,0.107033755
792337,160,189,228,0.146533755
791579,219,219,228,0.044033755
621413,100,435,228,0.153033755
249040,658,437,228,0.083033755
83918,299,502,228,0.140466245
,,,,
190823,1715,583,228,0.091533755
247465,778,591,228,0.105033755
84795,179,642,228,0.028033755
533429,120,38,229,0.074533755
905063,179,41,229,0.048033755
224836,239,57,229,0.047533755
145943,798,59,229,0.129033755
538014,498,232,229,0.166533755
334692,100,459,229,0.022033755
993765,299,39,230,0.055533755
975762,140,53,230,0.038533755
842520,179,70,230,0.018466245
,,,,
974207,219,229,230,0.233033755
575257,179,267,230,0.045533755
586741,199,284,230,0.215533755
337662,180,565,230,0.096466245
782587,140,611,230,0.068466245
595733,239,66,231,0.226533755
790403,219,230,231,0.226533755
,,,,
,,,,
753838,239,36,232,0.092533755
793872,279,48,232,0.189033755
817079,199,178,232,0.008033755
974007,179,252,232,0.202533755
538533,319,312,232,0.031533755
310647,160,326,232,0.061033755
341550,419,420,232,0.052533755
,,,,
346176,120,444,232,0.026033755
815145,120,592,232,0.055033755
790682,538,33,233,0.175533755
537516,419,44,233,0.181033755
842779,1236,238,233,0.007533755
616548,518,422,233,0.080533755
,,,,
337882,239,446,233,0.024466245
535781,219,39,234,0.138533755
309730,877,64,234,0.035533755
584528,219,253,234,0.213033755
478062,179,259,234,0.089966245
616030,419,466,234,0.101533755
148057,219,54,235,0.101033755
916149,419,85,235,0.920966245
795028,140,207,235,0.117033755
792516,638,216,235,0.153533755
794191,499,229,235,0.185533755
335649,100,326,235,0.126533755
194571,259,424,235,0.039533755
192956,518,426,235,0.003533755
251532,160,460,235,0.011533755
384914,120,644,235,0.027033755
912420,558,24,236,0.079966245
994084,140,40,236,0.117533755
842380,120,133,236,0.031966245
256038,259,229,236,0.298533755
536260,299,232,236,0.124033755
203224,139,238,236,0.184966245
583492,160,45,237,0.001966245
859965,1156,233,237,0.056033755
334373,160,452,237,0.074533755
903568,259,37,238,0.011533755
,,,,
795647,379,223,238,0.140533755
916587,1196,237,238,0.014533755
310826,678,245,238,0.079533755
74647,140,247,238,0.147533755
788389,379,401,238,0.200533755
615830,179,463,238,0.038466245
83140,638,497,238,0.026466245
813012,479,38,239,0.103033755
974506,180,40,239,0.221533755
539031,419,49,239,0.075033755
535622,140,64,239,0.065533755
790184,100,227,239,0.154533755
225454,319,241,239,0.228033755
536040,199,262,239,0.144033755
534585,419,504,239,0.095533755
544514,359,45,240,0.192533755
842081,279,50,240,0.099966245
883272,1695,80,240,0.073466245
998630,120,224,240,0.033033755
539809,239,243,240,0.039533755
333715,518,428,240,0.096033755
349027,578,433,240,0.238533755
225833,180,51,241,0.108033755
846527,179,82,241,0.132533755
337244,179,322,241,0.050466245
335489,139,196,242,0.101533755
975941,339,230,242,0.075533755
858888,239,230,242,0.163466245
613298,239,431,242,0.100533755
815285,120,598,242,0.065033755
194870,299,40,243,0.026466245
,,,,
791240,319,228,243,0.079533755
308952,179,314,243,0.024966245
580022,299,429,243,0.285966245
303888,239,445,243,0.021033755
816282,179,450,243,0.078533755
789705,459,31,244,0.085533755
269795,758,50,244,0.000966245
246927,179,65,244,0.221533755
538871,140,159,244,0.073033755
585784,159,187,244,0.134033755
586961,738,232,244,0.214533755
365914,199,358,244,0.071533755
618960,339,406,244,0.125033755
347013,798,425,244,0.040533755
345877,279,440,244,0.379966245
335788,439,452,244,0.091533755
617365,160,569,244,0.129033755
337064,120,573,244,0.079966245
617744,159,598,244,0.014533755
311564,160,13,245,0.001533755
246727,179,22,245,0.144533755
796065,499,44,245,0.108033755
193554,777,51,245,0.056966245
846726,1734,92,245,0.138533755
880421,319,227,245,0.114533755
859167,778,229,245,0.122466245
247146,199,285,245,0.127533755
813989,219,393,245,0.003033755
256317,199,414,245,0.370033755
584788,957,421,245,0.146533755
814886,239,588,245,0.067533755
586203,239,29,246,0.095533755
923565,239,35,246,0.050466245
311744,160,47,246,0.051033755
587718,479,50,246,0.213033755
250735,180,112,246,0.047533755
596172,897,252,246,0.210533755
364917,179,269,246,0.142533755
619339,199,404,246,0.071033755
348050,957,433,246,0.148033755
252529,578,434,246,0.124033755
615432,379,463,246,0.006533755
203383,977,52,247,0.119466245
144767,179,97,247,0.125033755
813690,279,228,247,0.086533755
309152,558,261,247,0.082966245
341251,279,418,247,0.280466245
615132,120,418,247,0.014033755
342627,1774,421,247,0.046533755
143750,479,493,247,0.106033755
336247,180,554,247,0.104033755
336805,239,589,247,0.038966245
617585,120,606,247,0.087033755
880760,1655,255,248,0.056533755
346694,259,425,248,0.008533755
752681,140,485,248,0.082533755
335250,100,614,248,0.089033755
752043,618,490,249,0.067466245
613757,279,45,250,0.101533755
613637,100,105,250,0.118533755
270593,179,220,250,0.132033755
251712,439,403,250,0.085033755
816641,339,415,250,0.061533755
814627,140,609,250,0.010533755
923825,359,44,251,0.079966245
308235,678,49,251,0.054033755
597089,179,90,251,0.149533755
545132,279,219,251,0.185033755
864451,499,236,251,0.093966245
337443,139,256,251,0.046466245
789107,558,413,251,0.063533755
338161,518,431,251,0.063466245
432545,160,105,252,0.067533755
365116,339,234,252,0.169533755
585964,199,238,252,0.152033755
911543,419,38,253,0.032466245
968126,179,133,253,0.068533755
225334,100,211,253,0.171533755
384795,100,617,253,0.024033755
912002,359,29,254,0.046466245
864989,259,34,254,0.050533755
225095,160,35,254,0.140533755
305364,359,559,254,0.011533755
304506,319,583,254,0.055033755
,,,,
250934,359,41,255,0.023533755
597288,518,48,255,0.147533755
863474,160,54,255,0.175466245
252210,279,253,255,0.161533755
998032,140,258,255,0.055466245
614794,219,592,255,0.027966245
432724,219,34,256,0.054033755
595992,160,43,256,0.206533755
858469,120,90,256,0.843966245
257015,100,168,256,0.207533755
194392,160,396,256,0.065033755
583073,120,464,256,0.397966245
620715,179,224,257,0.106533755
254862,339,325,257,0.135033755
865268,758,30,258,0.116533755
365515,339,35,258,0.180033755
813530,140,189,258,0.055033755
619558,578,242,258,0.084033755
973808,179,170,259,0.143533755
203084,120,172,259,0.169466245
863055,120,235,259,0.722466245
192657,279,508,259,0.090466245
814288,279,603,259,0.014033755
854522,778,33,260,0.042966245
349844,219,33,260,0.264033755
257135,479,241,260,0.248033755
245930,179,297,260,0.181533755
997833,120,42,261,0.034966245
308055,160,99,261,0.005533755
446441,140,156,261,0.154533755
614136,279,243,261,0.002533755
624284,299,264,261,0.105533755
255221,199,432,261,0.129033755
304147,339,587,261,0.003966245
975602,120,115,262,0.045966245
863195,239,244,262,0.464466245
902950,598,43,263,0.095533755
,,,,
687167,219,99,263,0.110533755
862916,120,296,263,0.799466245
620516,140,315,263,0.117533755
618063,140,405,263,0.093533755
307337,100,463,263,0.048466245
248621,399,490,263,0.092533755
349665,160,68,264,0.223033755
350323,339,237,264,0.236033755
923346,199,54,265,0.061966245
883072,179,201,265,0.182466245
998192,259,230,265,0.036966245
304865,259,35,266,0.010966245
386270,239,26,267,0.132033755
620177,239,28,267,0.058533755
840426,638,29,267,0.049466245
306141,179,556,267,0.110466245
855319,100,33,268,0.160466245
307557,179,436,268,0.001033755
333575,120,456,268,0.126033755
305942,179,564,268,0.057466245
543497,219,29,269,0.099033755
254324,498,42,269,0.038966245
367947,160,290,270,0.021533755
312521,120,444,270,0.030033755
381445,319,601,270,0.128033755
853605,897,42,271,0.163466245
253646,518,44,272,0.045533755
253207,419,67,272,0.033533755
623765,279,93,272,0.178533755
384476,219,413,272,0.144033755
346375,299,433,272,0.013533755
305742,179,556,272,0.118466245
256616,379,29,273,0.355033755
350123,179,274,273,0.283033755
381983,319,580,273,0.022966245
382402,159,593,273,0.097533755
382581,179,602,273,0.105033755
482747,100,121,274,0.074033755
385672,279,57,275,0.059533755
307158,100,594,275,0.131966245
313339,359,660,275,0.013533755
623606,139,10,276,0.189533755
904106,937,48,276,0.046533755
841523,538,50,276,0.040966245
385971,219,332,277,0.072033755
382781,219,598,279,0.068533755
815424,100,497,280,0.091533755
224637,120,167,281,0.103033755
381784,140,524,281,0.100033755
306540,299,39,282,0.037966245
2453,139,527,285,0.090033755
368446,159,48,286,0.023466245
381286,140,495,287,0.105533755
368825,219,241,288,0.104466245
385373,279,15,290,0.012033755
,,,,
190264,100,274,293,0.056966245
381086,179,402,294,0.110033755
368147,279,67,297,0.016466245
916009,120,179,297,0.968966245
368625,179,307,297,0.031966245
618322,239,484,298,0.087033755
543298,180,132,299,0.071033755
618741,179,482,300,0.145033755
,,,,
312342,159,391,308,0.021033755
623367,219,15,311,0.202033755
499196,279,586,325,0.036033755
938,179,387,327,0.311033755
882933,120,190,337,0.011466245
748355,120,306,344,0.057533755
499635,160,208,359,0.082533755
250476,219,261,361,0.102533755
,,,,
303370,120,675,383,0.004966245
250216,179,680,384,0.036533755
436811,100,308,387,0.175033755
255859,140,256,394,0.160033755
436592,179,241,412,0.112033755
494909,219,808,419,0.151033755
436433,139,92,422,0.018033755
255620,179,626,431,0.110033755
494630,239,704,439,0.171533755
141059,279,675,462,0.182533755
166320,219,717,471,0.180533755
195687,140,421,479,0.051966245
4048,120,112,480,0.092533755
835621,160,652,487,0.004033755
827846,179,666,491,0.073033755
494251,259,686,493,0.114033755
2094,279,629,496,0.196466245
117193,219,693,497,0.138033755
166020,279,670,498,0.035033755
828324,100,32,501,0.155533755
828045,180,676,502,0.024533755
390716,120,1192,502,0.056533755
495687,100,516,503,0.045466245
890290,100,671,503,0.141533755
834226,219,706,503,0.045466245
890449,179,665,504,0.184533755
558011,120,694,505,0.111033755
849737,100,696,505,0.226033755
824935,219,651,506,0.078533755
440380,179,678,506,0.128033755
927912,100,651,507,0.065966245
100506,180,688,507,0.217033755
890669,259,698,507,0.132033755
828464,199,40,508,0.185033755
833966,219,660,509,0.027466245
835801,219,691,509,0.010466245
32399,219,702,509,0.304533755
834465,359,703,509,0.130033755
630305,160,34,510,0.001033755
51878,219,685,511,0.394533755
697694,179,700,511,0.087533755
403177,179,22,512,0.148033755
32120,259,659,512,0.160033755
828982,439,707,512,0.155033755
558311,698,652,513,0.187533755
99708,140,652,513,0.246533755
831634,160,688,513,0.010033755
99948,299,700,513,0.206533755
71357,558,701,513,0.006033755
51719,139,650,514,0.283033755
517698,199,662,514,0.107033755
73550,279,671,514,0.014966245
31143,120,693,514,0.239033755
439044,139,727,514,0.069466245
148675,259,15,515,0.067033755
696318,100,659,515,0.199033755
706087,180,696,515,0.124533755
849538,180,702,515,0.060033755
830358,160,69,516,0.106033755
833149,179,652,516,0.079966245
707443,140,654,516,0.069533755
890948,120,693,516,0.072033755
698192,100,638,517,0.038033755
99070,359,714,517,0.168533755
697235,160,658,518,0.279533755
18463,299,710,518,0.065533755
100705,419,669,519,0.227533755
851810,219,717,519,0.092033755
889612,319,670,520,0.029033755
372513,379,704,520,0.139033755
53912,199,711,520,0.225033755
834864,120,721,520,0.015033755
121779,180,737,520,0.006533755
825573,239,659,521,0.031033755
30904,160,659,521,0.237533755
51480,179,690,521,0.362533755
245192,339,694,521,0.050966245
98891,159,701,521,0.236533755
705310,100,723,521,0.170033755
117512,319,728,521,0.166033755
21194,199,664,522,0.105533755
439782,578,666,522,0.007033755
705609,160,703,522,0.073533755
826091,179,709,522,0.080033755
70181,499,39,523,0.051033755
280,439,689,523,0.073033755
231834,319,697,523,0.018033755
167416,140,713,523,0.249533755
,,,,
697993,160,640,524,0.051033755
18164,279,681,524,0.062533755
226750,219,684,524,0.125033755
827227,279,59,525,0.104033755
481970,100,62,525,0.000533755
696956,120,655,525,0.232533755
272208,1057,704,525,0.197033755
517040,179,707,525,0.098533755
21454,638,732,525,0.148033755
887120,120,15,526,0.059033755
540307,139,71,526,0.040033755
66532,279,81,526,0.140466245
672293,100,682,526,0.037533755
116954,179,693,526,0.176033755
238912,778,698,526,0.047033755
516801,219,700,526,0.094533755
890090,100,723,526,0.192533755
73889,538,729,526,0.017533755
52456,140,737,526,0.239033755
140899,140,750,526,0.109033755
542301,179,49,527,0.146533755
13798,160,52,527,0.033533755
1775,179,63,527,0.048966245
829859,120,87,527,0.080033755
227169,179,653,527,0.023533755
157467,518,661,527,0.138033755
274022,239,667,527,0.063533755
705429,140,719,527,0.177033755
31403,359,729,527,0.167033755
483365,100,16,528,0.123033755
490982,379,42,528,0.200033755
216203,279,66,528,0.194533755
18862,219,68,528,0.174533755
199456,160,89,528,0.070033755
672632,199,638,528,0.085533755
824656,100,649,528,0.151466245
439244,120,655,528,0.050533755
825174,259,662,528,0.007033755
226989,159,694,528,0.142033755
440779,179,722,528,0.199533755
457367,180,754,528,0.071966245
835262,219,41,529,0.065533755
517917,120,661,529,0.040033755
672453,140,696,529,0.055033755
517239,339,700,529,0.001533755
803362,219,701,529,0.011466245
832970,120,715,529,0.005966245
896570,200,749,529,0.245533755
523420,120,12,530,0.089466245
522981,120,25,530,0.068533755
318343,179,63,530,0.028033755
198339,678,661,530,0.132033755
516302,439,666,530,0.150533755
273902,100,667,530,0.189533755
697095,100,676,530,0.105533755
375504,279,688,530,0.258033755
672094,100,690,530,0.037533755
543118,120,30,531,0.005533755
266087,977,39,531,0.021466245
65994,259,46,531,0.207533755
215246,319,52,531,0.058533755
803103,199,671,531,0.015533755
99449,219,716,531,0.197533755
830736,259,8,532,0.083466245
214947,279,29,532,0.046533755
546388,179,43,532,0.175533755
72553,479,47,532,0.092533755
70699,120,81,532,0.151033755
891446,120,670,532,0.171533755
227587,140,675,532,0.060533755
52736,179,690,532,0.246033755
224218,100,719,532,0.050533755
,,,,
886920,140,43,533,0.037966245
,,,,
831155,239,71,533,0.032466245
66991,239,72,533,0.077533755
213352,219,96,533,0.083033755
515565,658,694,533,0.028466245
831514,100,721,533,0.081966245
833468,219,726,533,0.006533755
180216,159,762,533,0.010966245
213093,239,55,534,0.048033755
265190,219,88,534,0.068033755
825453,100,658,534,0.085533755
330305,538,665,534,0.115533755
891087,339,669,534,0.212533755
437649,219,701,534,0.288033755
896251,299,702,534,0.248533755
852967,219,742,534,0.059466245
158604,179,782,534,0.100033755
545790,399,41,535,0.154533755
165303,279,61,535,0.083533755
271988,199,671,535,0.125033755
364339,259,685,535,0.149033755
801927,279,687,535,0.073033755
180395,299,703,535,0.052966245
101842,817,704,535,0.051533755
850076,120,709,535,0.142033755
199097,179,711,535,0.036533755
331322,159,720,535,0.067533755
441397,319,731,535,0.079533755
891905,120,771,535,0.035533755
228843,179,784,535,0.048533755
403376,180,39,536,0.084033755
490683,239,45,536,0.004966245
799076,100,50,536,0.076966245
6640,219,69,536,0.167466245
121480,279,735,536,0.067466245
826869,339,36,537,0.091533755
,,,,
546208,160,45,537,0.132033755
823180,160,62,537,0.069466245
522423,180,72,537,0.054533755
835142,100,127,537,0.050966245
696158,140,663,537,0.179033755
983677,140,670,537,0.181033755
229242,160,691,537,0.134033755
371716,239,696,537,0.090533755
19819,319,702,537,0.104033755
,,,,
54131,100,714,537,0.262033755
29090,299,719,537,0.189033755
17965,179,748,537,0.120033755
512574,120,22,538,0.071533755
885704,259,30,538,0.103033755
67270,359,69,538,0.044966245
14097,618,70,538,0.057533755
821725,239,105,538,0.099466245
364179,140,665,538,0.043033755
896032,199,676,538,0.328533755
696438,140,694,538,0.204033755
167276,120,712,538,0.175033755
877430,299,72,539,0.053033755
197402,917,677,539,0.004533755
438267,758,690,539,0.082533755
442434,239,771,539,0.166033755
242221,140,787,539,0.001966245
195887,339,11,540,0.003033755
213751,379,20,540,0.003966245
73072,100,46,540,0.111033755
481113,159,56,540,0.071966245
70958,100,62,540,0.057033755
512813,319,69,540,0.116466245
879543,120,87,540,0.024533755
,,,,
704313,100,660,540,0.216533755
227448,120,669,540,0.089533755
439383,319,681,540,0.042533755
19520,219,691,540,0.025033755
101244,379,704,540,0.127533755
878387,339,720,540,0.006966245
850215,100,728,540,0.022533755
167576,219,735,540,0.154533755
240347,419,762,540,0.096033755
820449,180,8,541,0.009533755
,,,,
522682,140,32,541,0.136533755
479458,279,61,541,0.040966245
263236,339,63,541,0.012033755
6879,239,74,541,0.104466245
73351,140,86,541,0.014033755
372314,120,669,541,0.192033755
329927,140,695,541,0.100033755
635688,100,701,541,0.237033755
,,,,
228644,180,717,541,0.095033755
372154,140,731,541,0.149533755
440978,140,785,541,0.170533755
402200,160,23,542,0.087033755
523121,140,29,542,0.006533755
829560,219,44,542,0.247033755
672851,239,665,542,0.050533755
158863,239,683,542,0.189533755
896889,658,687,542,0.280533755
52137,279,728,542,0.319533755
52935,179,736,542,0.239033755
158265,219,742,542,0.073533755
401283,179,10,543,0.032533755
480714,239,53,543,0.000533755
513152,339,64,543,0.014533755
630903,219,69,543,0.099966245
89301,259,70,543,0.046533755
851452,120,72,543,0.296466245
983378,179,670,543,0.096466245
707124,100,675,543,0.117533755
51220,239,695,543,0.261533755
20158,199,717,543,0.109533755
228365,239,719,543,0.156033755
821346,219,17,544,0.155966245
402001,160,21,544,0.177533755
199994,160,39,544,0.027033755
541942,239,58,544,0.161533755
804558,199,676,544,0.122533755
696756,160,678,544,0.075033755
54869,239,684,544,0.246533755
329588,180,697,544,0.123033755
156829,558,701,544,0.177533755
,,,,
484582,179,15,545,0.072466245
352615,678,35,545,0.015533755
69084,140,51,545,0.052033755
405211,159,58,545,0.073466245
479817,100,59,545,0.066966245
179797,219,676,545,0.085033755
438048,139,714,545,0.154533755
165063,219,35,546,0.144533755
522124,140,65,546,0.051033755
402539,140,71,546,0.040533755
13539,219,72,546,0.020533755
704931,140,655,546,0.190033755
802744,339,663,546,0.168466245
930025,140,666,546,0.139966245
226371,140,708,546,0.013533755
894875,239,757,546,0.175533755
13399,120,37,547,0.071966245
866783,139,47,547,0.035533755
511936,359,51,547,0.134533755
821206,100,53,547,0.105466245
519393,299,57,547,0.126966245
,,,,
401602,199,72,547,0.051033755
241922,279,734,547,0.061533755
868977,100,747,547,0.005533755
240846,100,756,547,0.012466245
150330,180,10,548,0.076533755
481332,219,16,548,0.012466245
19101,199,79,548,0.136533755
28890,180,718,548,0.128033755
54251,498,722,548,0.359033755
895832,120,740,548,0.219533755
262917,299,15,549,0.039966245
546886,279,22,549,0.077033755
77996,339,78,549,0.043966245
801628,120,660,549,0.137533755
441935,259,668,549,0.115033755
929686,319,675,549,0.082966245
23408,219,718,549,0.029466245
518097,319,724,549,0.011533755
229123,100,740,549,0.028533755
643603,199,793,549,0.122533755
589991,160,49,550,0.055966245
673150,100,670,550,0.042033755
29907,219,714,550,0.149033755
375105,279,715,550,0.262533755
98452,419,728,550,0.101533755
887259,897,19,551,0.129533755
265429,199,45,551,0.080033755
77737,180,79,551,0.022533755
215585,259,81,551,0.113533755
704732,120,649,551,0.219033755
640772,140,675,551,0.172033755
897567,140,685,551,0.135033755
671795,100,696,551,0.137033755
635808,319,704,551,0.149533755
20875,160,712,551,0.025533755
440580,179,723,551,0.163033755
357261,179,2,552,0.066466245
832112,179,12,552,0.099033755
556616,199,54,552,0.156033755
68187,279,63,552,0.069533755
,,,,
273563,299,684,552,0.090533755
801807,100,684,552,0.118533755
28691,179,701,552,0.072033755
166738,459,736,552,0.000466245
120982,199,742,552,0.151533755
232352,239,744,552,0.133533755
31821,259,772,552,0.206033755
55906,140,800,552,0.284533755
14775,239,35,553,0.035033755
866644,120,49,553,0.040033755
934212,139,155,553,0.091533755
331561,239,670,553,0.032533755
329807,100,706,553,0.169033755
891586,179,716,553,0.086033755
30146,120,739,553,0.180533755
263594,279,10,554,0.156533755
798737,279,49,554,0.095966245
211897,1176,57,554,0.022966245
444288,279,61,554,0.137033755
,,,,
851272,100,76,554,0.111466245
167914,279,80,554,0.157533755
928689,140,675,554,0.051966245
525493,160,681,554,0.038533755
154835,259,699,554,0.027033755
231216,479,725,554,0.107033755
53413,479,826,554,0.016033755
215864,319,55,555,0.015533755
69483,658,79,555,0.007533755
495468,140,323,555,0.137466245
229422,180,686,555,0.126033755
29429,140,687,555,0.185533755
102679,239,700,555,0.284033755
20596,259,717,555,0.215966245
437071,159,717,555,0.023533755
228066,179,742,555,0.098533755
180794,738,749,555,0.040033755
264512,159,48,556,0.058533755
866305,319,62,556,0.043966245
77279,339,73,556,0.023033755
214149,379,83,556,0.080533755
497701,160,92,556,0.071466245
96598,140,682,556,0.201533755
233708,279,703,556,0.089533755
177305,718,731,556,0.007466245
29608,279,772,556,0.228533755
542939,140,10,557,0.166466245
637183,180,22,557,0.032533755
358537,179,43,557,0.052466245
174235,100,45,557,0.057533755
797301,179,54,557,0.072466245
24006,140,77,557,0.143533755
832650,199,82,557,0.000966245
20457,120,685,557,0.045533755
930205,159,699,557,0.050966245
230159,259,730,557,0.214033755
,,,,
832531,100,93,558,0.023966245
15034,1017,95,558,0.037033755
879962,120,660,558,0.003533755
371157,179,700,558,0.073033755
155533,299,708,558,0.059533755
234805,199,734,558,0.186466245
53134,120,740,558,0.030533755
232173,160,752,558,0.030533755
56105,179,760,558,0.261533755
4208,219,47,559,0.024466245
484781,179,58,559,0.027466245
873482,279,80,559,0.022966245
159122,120,689,559,0.072033755
799694,259,46,560,0.073966245
359494,160,56,560,0.011966245
402379,139,71,560,0.022033755
263894,598,80,560,0.133533755
879683,160,110,560,0.075033755
929507,100,698,560,0.140966245
928889,179,709,560,0.115466245
897726,239,711,560,0.162533755
370539,120,724,560,0.105033755
271829,140,739,560,0.134533755
174354,279,45,561,0.004033755
61388,179,722,561,0.257033755
363920,179,727,561,0.114466245
55766,120,751,561,0.110033755
898863,160,762,561,0.125533755
332977,199,777,561,0.073533755
549179,120,29,562,0.006033755
548142,339,44,562,0.125533755
885465,140,47,562,0.099466245
359255,199,58,562,0.046466245
65575,279,65,562,0.214033755
547185,279,71,562,0.158033755
55128,479,718,562,0.227033755
934690,219,722,562,0.078033755
242959,139,761,562,0.080033755
922728,120,764,562,0.029966245
483984,359,55,563,0.124466245
547484,239,65,563,0.180033755
873243,160,75,563,0.018466245
,,,,
,,,,
704572,120,687,563,0.184533755
673848,279,706,563,0.055533755
97715,179,719,563,0.131533755
55627,120,729,563,0.198033755
641171,140,732,563,0.092033755
227747,299,740,563,0.022966245
370719,120,750,563,0.109533755
810101,100,45,564,0.112533755
671496,239,668,564,0.063533755
102958,120,705,564,0.173533755
971256,259,708,564,0.042033755
930683,100,806,564,0.046966245
888176,100,11,565,0.006466245
,,,,
318542,259,41,565,0.006466245
421360,279,56,565,0.215966245
402698,259,72,565,0.040033755
800990,319,663,565,0.159966245
674247,100,697,565,0.071033755
158006,219,705,565,0.085533755
922549,160,709,565,0.104966245
26697,120,709,565,0.127033755
375803,598,710,565,0.287033755
97316,379,713,565,0.223033755
520130,100,719,565,0.032033755
234007,219,748,565,0.048966245
755791,160,13,566,0.111033755
925300,120,21,566,0.122466245
810620,100,25,566,0.019533755
90138,578,67,566,0.005466245
892084,160,117,566,0.103533755
706805,219,649,566,0.178533755
327036,199,698,566,0.227033755
230438,319,700,566,0.066033755
972233,219,710,566,0.090966245
30286,140,737,566,0.199033755
480215,140,22,567,0.030966245
867561,180,53,567,0.119533755
924642,140,59,567,0.181466245
352356,140,62,567,0.117533755
317705,199,66,567,0.069466245
328072,279,655,567,0.020533755
327275,299,666,567,0.136033755
97097,100,682,567,0.205033755
988721,379,690,567,0.030033755
949365,199,700,567,0.092033755
643105,100,723,567,0.097033755
803721,180,725,567,0.013466245
878048,199,727,567,0.116966245
868857,100,740,567,0.053533755
,,,,
888296,179,5,568,0.030966245
479298,120,31,568,0.012966245
400346,319,45,568,0.098466245
,,,,
523918,160,91,568,0.098966245
485419,140,95,568,0.046966245
443909,180,107,568,0.082033755
867382,160,117,568,0.003033755
929148,120,673,568,0.211966245
706506,100,697,568,0.177033755
327594,160,704,568,0.157533755
963241,100,704,568,0.112533755
64240,1236,715,568,0.126033755
441796,120,717,568,0.132533755
30445,219,750,568,0.185033755
182030,339,760,568,0.078466245
400047,179,12,569,0.096033755
,,,,
87905,219,73,569,0.046033755
88683,219,75,569,0.015966245
68486,239,89,569,0.068033755
98053,379,680,569,0.140533755
230777,279,752,569,0.063533755
149731,299,39,570,0.183533755
688522,658,44,570,0.149033755
809942,139,48,570,0.032033755
426424,199,58,570,0.096966245
196644,179,62,570,0.001033755
874519,140,95,570,0.115533755
76162,100,708,570,0.003033755
332379,199,710,570,0.020966245
97914,120,721,570,0.138533755
76302,319,726,570,0.041033755
176428,399,729,570,0.164466245
895434,120,729,570,0.061033755
238573,279,730,570,0.015966245
183187,199,774,570,0.069533755
217997,219,23,571,0.073033755
689220,100,36,571,0.088966245
204779,279,42,571,0.061533755
,,,,
168712,379,72,571,0.282966245
872525,498,75,571,0.006966245
636226,199,644,571,0.108533755
155952,259,652,571,0.126033755
74448,140,687,571,0.104033755
875636,140,696,571,0.225533755
236300,100,706,571,0.072033755
235822,439,719,571,0.506466245
370061,459,730,571,0.007533755
869634,140,35,572,0.015533755
164625,419,70,572,0.068033755
104732,100,93,572,0.146033755
,,,,
635010,179,672,572,0.169533755
962842,120,674,572,0.112533755
156231,120,685,572,0.168533755
371018,120,698,572,0.115533755
331163,140,727,572,0.049466245
895573,139,740,572,0.229533755
359793,100,22,573,0.007966245
,,,,
274460,299,696,573,0.106033755
96817,219,703,573,0.197533755
376899,100,722,573,0.183533755
189926,159,741,573,0.228466245
376740,139,838,573,0.125033755
898644,199,857,573,0.034966245
925160,100,13,574,0.143966245
217499,459,40,574,0.081033755
417751,139,44,574,0.131533755
511657,259,54,574,0.105533755
314754,239,69,574,0.038533755
983896,359,697,574,0.107033755
235044,498,701,574,0.024033755
177066,219,750,574,0.041466245
445863,279,762,574,0.003533755
376421,179,779,574,0.020533755
242560,100,867,574,0.057533755
150050,259,46,575,0.147533755
511059,339,52,575,0.128033755
639436,100,52,575,0.167033755
800092,160,56,575,0.011033755
67768,399,78,575,0.088533755
219134,120,174,575,0.111033755
635528,140,656,575,0.055033755
59714,299,691,575,0.239033755
332618,159,706,575,0.005466245
636944,160,724,575,0.117466245
25162,379,736,575,0.065533755
458264,100,740,575,0.006533755
379352,219,751,575,0.138533755
646374,100,764,575,0.120466245
403815,140,11,576,0.004533755
661826,339,34,576,0.077033755
417911,259,42,576,0.047033755
259129,917,65,576,0.146966245
88145,259,84,576,0.014033755
802485,179,647,576,0.047033755
56304,199,722,576,0.258533755
330903,239,729,576,0.089966245
520011,100,730,576,0.009966245
808945,239,739,576,0.127033755
673549,100,741,576,0.034966245
229960,179,749,576,0.046033755
104892,120,21,577,0.120533755
661647,119,21,577,0.031533755
,,,,
810320,100,28,577,0.056533755
,,,,
265887,179,69,577,0.000966245
524178,937,77,577,0.079466245
547843,120,104,577,0.147533755
888814,259,147,577,0.089533755
802365,100,649,577,0.020033755
889392,179,699,577,0.140033755
947431,219,708,577,0.038033755
898165,239,714,577,0.112533755
805954,239,726,577,0.090466245
331860,180,731,577,0.039533755
371357,239,783,577,0.095533755
649325,180,830,577,0.069033755
548601,219,9,578,0.095033755
810440,159,23,578,0.086033755
427042,977,24,578,0.117466245
214608,179,97,578,0.036533755
811796,140,176,578,0.008966245
963042,120,709,578,0.235033755
875376,219,722,578,0.092533755
332200,159,751,578,0.075466245
159301,219,756,578,0.108033755
379132,140,804,578,0.069533755
430810,179,16,579,0.027533755
548860,259,24,579,0.065033755
940552,179,52,579,0.093966245
799255,259,64,579,0.095466245
151446,299,71,579,0.069033755
155135,219,671,579,0.007033755
274281,159,684,579,0.044033755
772040,140,704,579,0.115033755
229661,179,719,579,0.082533755
202287,279,4,580,0.072466245
351678,518,23,580,0.143533755
809802,120,57,580,0.151033755
,,,,
949185,160,629,580,0.144533755
559606,199,660,580,0.166533755
103377,558,661,580,0.201533755
760676,180,698,580,0.068533755
525733,199,705,580,0.011466245
519094,179,716,580,0.060533755
520529,140,720,580,0.039966245
645138,179,724,580,0.040966245
518735,100,724,580,0.059466245
363780,100,735,580,0.105466245
898424,120,797,580,0.044033755
178900,159,821,580,0.165533755
,,,,
351519,140,33,581,0.120533755
545491,120,47,581,0.154033755
481591,359,55,581,0.069966245
486216,140,56,581,0.039033755
168413,179,59,581,0.037533755
399189,199,66,581,0.014033755
200971,239,79,581,0.019533755
707981,419,655,581,0.100533755
801329,279,656,581,0.166033755
274859,419,664,581,0.064533755
56903,219,685,581,0.252533755
946872,199,723,581,0.044466245
61688,199,726,581,0.326533755
879045,179,730,581,0.017033755
563056,120,732,581,0.072533755
809204,179,736,581,0.155033755
942287,259,24,582,0.054533755
164465,140,67,582,0.190533755
318104,199,68,582,0.194966245
23806,140,95,582,0.150533755
176228,140,657,582,0.053466245
871230,199,675,582,0.126966245
521346,180,694,582,0.034966245
870751,160,696,582,0.031466245
868339,339,727,582,0.043466245
22351,538,734,582,0.084533755
459002,179,739,582,0.046033755
178302,239,760,582,0.158033755
245611,120,793,582,0.129033755
404672,279,36,583,0.112033755
377617,199,59,583,0.017533755
168213,180,60,583,0.118033755
425626,179,62,583,0.047033755
525972,239,678,583,0.101033755
946214,120,680,583,0.014033755
24703,439,699,583,0.066033755
116356,578,708,583,0.206533755
273284,219,709,583,0.126533755
56544,339,721,583,0.280033755
332080,100,724,583,0.004533755
183406,159,749,583,0.063033755
244933,239,769,583,0.030966245
241663,159,818,583,0.028966245
,,,,
679331,180,45,584,0.052533755
,,,,
210262,239,57,584,0.043466245
821984,140,79,584,0.234966245
265648,219,102,584,0.035033755
947171,239,676,584,0.072466245
61229,140,680,584,0.248033755
765541,100,682,584,0.044033755
644680,139,691,584,0.128966245
103138,120,700,584,0.252033755
518456,139,717,584,0.018533755
513551,239,752,584,0.010533755
810819,259,28,585,0.108966245
151765,538,32,585,0.024533755
260066,1774,41,585,0.003533755
353313,279,44,585,0.008033755
,,,,
430372,120,84,585,0.036033755
104493,140,689,585,0.119466245
707682,279,695,585,0.104533755
947670,120,703,585,0.086033755
234247,339,707,585,0.111966245
156410,279,709,585,0.187533755
640593,160,710,585,0.108033755
271370,219,714,585,0.011966245
932477,140,715,585,0.088466245
22112,219,727,585,0.098466245
458822,160,752,585,0.006533755
271709,100,771,585,0.041533755
379691,219,791,585,0.126033755
649206,100,828,585,0.071033755
120005,379,841,585,0.052033755
318901,179,8,586,0.076466245
668964,339,29,586,0.088466245
588516,120,40,586,0.183033755
479099,140,45,586,0.072966245
549797,120,56,586,0.085033755
869934,100,76,586,0.027533755
877031,379,81,586,0.010466245
633335,259,81,586,0.057033755
633076,239,81,586,0.003533755
559208,139,695,586,0.093533755
369782,219,733,586,0.005466245
639117,100,753,586,0.101033755
646634,140,766,586,0.024466245
178661,180,871,586,0.009533755
200851,100,13,587,0.012533755
425886,319,21,587,0.035966245
,,,,
892264,359,56,587,0.198533755
314156,339,56,587,0.035033755
76960,259,66,587,0.087533755
589612,219,73,587,0.049966245
930922,160,79,587,0.001966245
,,,,
665494,179,104,587,0.022966245
326776,199,663,587,0.102533755
759978,120,678,587,0.184033755
869276,299,685,587,0.035466245
648986,160,751,587,0.014966245
407882,199,12,588,0.238533755
663082,180,17,588,0.141966245
196305,219,28,588,0.063533755
490543,120,36,588,0.037966245
921293,180,52,588,0.129966245
486396,160,68,588,0.022533755
431010,299,73,588,0.106033755
888495,299,78,588,0.019533755
559826,319,716,588,0.140533755
120423,379,722,588,0.174533755
520409,100,722,588,0.054966245
700784,100,738,588,0.177466245
189706,199,807,588,0.011533755
933395,159,812,588,0.044966245
,,,,
632877,180,16,589,0.080033755
511418,219,35,589,0.128033755
926018,159,36,589,0.200466245
425467,140,41,589,0.033533755
486057,100,46,589,0.067533755
311983,219,65,589,0.073966245
7856,160,69,589,0.238466245
,,,,
374706,239,667,589,0.252533755
981643,140,697,589,0.099033755
972771,279,704,589,0.032533755
179558,219,705,589,0.131533755
178043,199,721,589,0.132533755
526530,339,740,589,0.059033755
529700,219,742,589,0.007533755
115020,199,834,589,0.155533755
663381,179,23,590,0.176966245
926516,120,23,590,0.238966245
202586,399,38,590,0.082966245
,,,,
216542,179,119,590,0.143533755
703934,219,673,590,0.210533755
981803,179,687,590,0.081033755
460278,120,703,590,0.115033755
772200,120,707,590,0.064533755
876274,100,727,590,0.017966245
962464,160,730,590,0.102533755
521645,120,731,590,0.020033755
804878,219,736,590,0.054966245
183884,538,749,590,0.042033755
236420,199,754,590,0.024033755
107125,179,767,590,0.386466245
457566,179,809,590,0.036466245
399588,179,20,591,0.006033755
200692,120,20,591,0.010466245
931241,219,35,591,0.071533755
482568,100,39,591,0.026966245
931102,120,85,591,0.074533755
981384,219,671,591,0.142533755
521087,180,691,591,0.010466245
875038,199,725,591,0.104533755
186516,239,733,591,0.151033755
162212,1914,744,591,0.065033755
,,,,
850913,199,50,592,0.025466245
,,,,
404074,199,56,592,0.069033755
210521,479,57,592,0.110466245
634133,180,79,592,0.049966245
377836,139,88,592,0.088533755
984594,259,682,592,0.187033755
50861,120,687,592,0.227033755
107324,159,708,592,0.068966245
762510,199,711,592,0.095033755
179139,239,732,592,0.098533755
328391,120,736,592,0.012533755
128578,120,766,592,0.259533755
493753,140,791,592,0.034033755
183705,159,859,592,0.021966245
941908,239,11,593,0.084033755
797999,140,15,593,0.056966245
943004,140,26,593,0.016966245
942785,199,33,593,0.122966245
944739,160,41,593,0.126466245
444128,140,56,593,0.074033755
314016,120,56,593,0.217533755
8135,120,79,593,0.041966245
485020,299,80,593,0.112966245
759839,100,671,593,0.184033755
638778,199,719,593,0.134033755
989359,199,727,593,0.138533755
648667,199,730,593,0.001466245
107504,180,742,593,0.179466245
353931,259,11,594,0.026033755
892961,1396,62,594,0.167033755
353612,299,67,594,0.020966245
391155,120,74,594,0.040533755
892642,279,91,594,0.146033755
455094,120,103,594,0.031966245
68745,199,112,594,0.025533755
377996,199,125,594,0.156033755
977536,339,695,594,0.010033755
459221,140,711,594,0.101033755
122278,419,723,594,0.043533755
962723,100,727,594,0.217033755
716555,179,734,594,0.200033755
458065,180,743,594,0.067533755
161774,419,744,594,0.073033755
845769,100,748,594,0.197966245
640274,100,760,594,0.028033755
315213,279,11,595,0.040533755
944580,120,39,595,0.011533755
756390,120,44,595,0.017533755
10029,179,49,595,0.016466245
360331,100,86,595,0.066966245
61050,140,700,595,0.213533755
374168,379,717,595,0.255033755
874778,199,730,595,0.039033755
275577,179,740,595,0.026466245
457766,239,742,595,0.008033755
458384,259,749,595,0.008533755
647172,179,802,595,0.062466245
315651,120,34,596,0.103466245
323527,160,35,596,0.016533755
424729,379,37,596,0.099966245
690576,120,41,596,0.038466245
772978,120,44,596,0.188533755
261860,718,48,596,0.124466245
409696,120,52,596,0.052466245
639775,379,79,596,0.136033755
476387,100,79,596,0.017033755
404413,200,100,596,0.047033755
169669,120,153,596,0.078033755
870930,180,688,596,0.158966245
674766,100,704,596,0.071533755
57560,179,718,596,0.199033755
964238,160,726,596,0.168533755
76641,219,727,596,0.059033755
328830,259,734,596,0.102533755
459381,179,753,596,0.012033755
932677,140,837,596,0.135466245
823360,160,9,597,0.028033755
219672,339,39,597,0.180033755
267084,1097,62,597,0.111533755
931540,120,70,597,0.045033755
811218,100,73,597,0.204966245
216741,478,79,597,0.076466245
698870,199,657,597,0.092966245
559367,179,685,597,0.042533755
695800,179,697,597,0.251533755
275298,239,705,597,0.062533755
373310,598,714,597,0.172533755
459959,140,715,597,0.096033755
875975,139,742,597,0.110033755
530458,120,754,597,0.028466245
128319,199,834,597,0.158033755
316010,379,36,598,0.260966245
,,,,
169111,518,90,598,0.021033755
665235,239,101,598,0.049466245
710394,219,689,598,0.190533755
980906,279,706,598,0.068533755
181552,379,747,598,0.077533755
355207,299,27,599,0.027466245
315791,100,33,599,0.072466245
435635,239,37,599,0.103466245
357680,160,55,599,0.052533755
409836,199,59,599,0.034033755
355048,100,95,599,0.054466245
17566,219,105,599,0.010533755
,,,,
895135,179,709,599,0.134033755
716076,199,713,599,0.135033755
871648,219,717,599,0.063466245
24504,180,722,599,0.048033755
712986,259,730,599,0.174533755
161415,339,742,599,0.024966245
237516,239,755,599,0.026966245
588855,279,3,600,0.186533755
679192,120,45,600,0.137033755
631581,140,49,600,0.026533755
551153,160,62,600,0.035533755
950302,140,81,600,0.153033755
984435,140,672,600,0.163533755
237297,180,701,600,0.024533755
760158,139,724,600,0.113033755
423354,219,38,601,0.218966245
425128,279,40,601,0.013033755
151067,359,41,601,0.123533755
,,,,
10388,120,56,601,0.276466245
223062,160,61,601,0.022533755
,,,,
88424,140,77,601,0.014466245
889094,239,78,601,0.132533755
557513,179,669,601,0.146033755
632578,100,11,602,0.158966245
320097,279,30,602,0.068966245
687725,140,32,602,0.062033755
742972,319,36,602,0.073533755
323307,159,39,602,0.014466245
429634,558,42,602,0.057033755
926915,359,80,602,0.242966245
208168,778,91,602,0.004466245
698651,179,703,602,0.017466245
973130,160,709,602,0.002966245
460617,140,713,602,0.091466245
326298,120,734,602,0.057466245
648089,219,820,602,0.083033755
691054,100,4,603,0.081533755
632338,219,11,603,0.052466245
421679,239,29,603,0.240466245
406327,219,30,603,0.113533755
885983,498,46,603,0.153533755
170127,259,86,603,0.052533755
244175,140,143,603,0.105533755
710633,120,701,603,0.137033755
964437,160,731,603,0.165033755
646215,100,733,603,0.122466245
932099,100,740,603,0.078033755
676380,160,742,603,0.040033755
648388,259,767,603,0.036033755
550535,100,0,604,0.127533755
8554,159,27,604,0.133466245
91335,339,30,604,0.045966245
8335,199,30,604,0.060966245
424031,379,32,604,0.101466245
322490,179,40,604,0.094466245
491879,120,63,604,0.067033755
426743,259,73,604,0.015966245
219273,379,76,604,0.133533755
27614,160,689,604,0.162033755
57182,120,738,604,0.121533755
964019,180,835,604,0.035033755
943224,578,24,605,0.094966245
357460,140,24,605,0.022966245
,,,,
105610,159,44,605,0.099033755
405729,239,65,605,0.071533755
91036,279,69,605,0.039966245
455473,199,103,605,0.036966245
646992,160,732,605,0.035466245
119785,179,747,605,0.083466245
313817,180,3,606,0.139533755
105789,638,25,606,0.052033755
258610,498,39,606,0.109966245
557214,179,46,606,0.082033755
948986,160,58,606,0.165533755
405988,259,60,606,0.066033755
631182,379,64,606,0.028033755
552529,100,72,606,0.237033755
204599,160,88,606,0.047533755
428039,299,100,606,0.079466245
431349,160,147,606,0.035033755
703695,199,672,606,0.271533755
922210,319,720,606,0.239966245
526929,140,769,606,0.036533755
418190,179,26,607,0.123533755
209085,498,33,607,0.063533755
491679,179,49,607,0.088533755
812015,160,72,607,0.047033755
926736,159,74,607,0.238966245
762311,100,666,607,0.080533755
,,,,
27156,239,717,607,0.060033755
300658,120,736,607,3.38E-05
676580,100,741,607,0.046533755
949664,379,747,607,0.032533755
878766,239,748,607,0.035966245
798159,179,15,608,0.052966245
149333,140,23,608,0.129033755
486675,279,26,608,0.010533755
12542,120,28,608,0.095533755
845191,160,40,608,0.006533755
491480,180,45,608,0.220533755
798497,120,47,608,0.026966245
589154,219,48,608,0.122533755
418489,140,73,608,0.040533755
933773,399,75,608,0.088533755
207371,499,83,608,0.059533755
688144,140,85,608,0.072533755
950162,120,95,608,0.109533755
894377,299,97,608,0.085033755
634711,279,668,608,0.054533755
698331,140,671,608,0.018533755
673669,120,696,608,0.086466245
848720,100,699,608,0.201966245
,,,,
445743,100,725,608,0.090533755
978015,219,734,608,0.074033755
184443,419,741,608,0.072966245
647670,179,745,608,0.061966245
529341,180,748,608,0.126466245
702040,219,835,608,0.147533755
268200,359,8,609,0.009466245
12023,140,16,609,0.168533755
667129,120,28,609,0.009033755
317525,160,46,609,0.100466245
320416,120,55,609,0.066966245
290191,120,70,609,0.383966245
149572,140,75,609,0.109533755
812195,120,90,609,0.005033755
209624,239,97,609,0.010966245
667269,379,98,609,0.076033755
564830,180,670,609,0.026466245
989598,100,707,609,0.167533755
33436,120,715,609,0.269033755
373929,199,718,609,0.134033755
561939,179,720,609,0.128533755
562139,179,727,609,0.076966245
114721,259,734,609,0.172033755
723373,239,746,609,0.142533755
867880,100,756,609,0.066966245
236639,219,800,609,0.121466245
,,,,
149094,219,24,610,0.101033755
687924,199,37,610,0.085533755
200353,160,50,610,0.055966245
11724,159,59,610,0.014033755
408261,279,66,610,0.115533755
931839,140,76,610,0.018033755
170407,140,135,610,0.120033755
945796,120,671,610,0.006466245
714541,419,704,610,0.143033755
762730,259,714,610,0.025033755
945576,179,727,610,0.025033755
104234,239,738,610,0.001466245
124311,239,741,610,0.070533755
732784,159,742,610,0.064033755
10667,259,27,611,0.071033755
550894,140,48,611,0.070033755
355546,199,54,611,0.085966245
408680,100,63,611,0.091033755
497900,359,64,611,0.023966245
663680,239,77,611,0.122966245
220031,379,92,611,0.074533755
262598,299,102,611,0.147966245
51001,199,682,611,0.300033755
326477,100,723,611,0.128966245
650362,100,727,611,0.005466245
971914,299,734,611,0.019966245
676699,140,734,611,0.016533755
454775,100,737,611,0.060966245
699229,100,742,611,0.059033755
963839,100,749,611,0.226033755
410494,239,19,612,0.003033755
664797,299,68,612,0.075033755
423673,299,68,612,0.072966245
205078,578,84,612,0.085966245
424430,180,84,612,0.001533755
637702,120,87,612,0.019533755
218237,817,88,612,0.067533755
244594,239,114,612,0.109033755
723233,100,691,612,0.158533755
564392,179,692,612,0.016033755
764664,120,697,612,0.320533755
850654,140,731,612,0.038466245
710832,219,734,612,0.164033755
646075,100,738,612,0.212466245
852767,139,740,612,0.043966245
933136,120,750,612,0.120466245
,,,,
123673,179,794,612,0.016533755
10947,160,66,613,0.091033755
152323,678,81,613,0.002966245
428358,439,82,613,0.129966245
,,,,
921592,120,105,613,0.002033755
206174,319,121,613,0.060966245
33675,120,660,613,0.210033755
110435,160,724,613,0.113533755
990256,239,731,613,0.134033755
955964,100,807,613,0.073033755
316828,159,14,614,0.183466245
205836,279,44,614,0.003533755
432226,160,51,614,0.001033755
589393,199,63,614,0.043533755
,,,,
410075,319,82,614,0.049033755
159959,219,82,614,0.144033755
852309,219,728,614,0.017966245
58139,199,739,614,0.158033755
932238,120,760,614,0.038466245
806532,259,769,614,0.057466245
650103,179,813,614,0.020533755
948168,180,825,614,0.062533755
713325,219,833,614,0.145533755
93308,140,17,615,0.026033755
355786,160,53,615,0.094966245
421938,100,54,615,0.103966245
772698,219,61,615,0.105533755
233449,100,84,615,0.094533755
444926,159,87,615,0.102533755
27794,279,687,615,0.080533755
27415,160,692,615,0.005533755
564092,279,698,615,0.069533755
373171,120,725,615,0.184033755
649704,199,728,615,0.110533755
107703,100,809,615,0.016966245
11904,100,21,616,0.173533755
13000,160,32,616,0.004466245
220988,319,35,616,0.123033755
434339,140,68,616,0.037466245
324205,160,70,616,0.052533755
140660,120,72,616,0.126533755
,,,,
217240,239,82,616,0.070033755
550296,219,86,616,0.053033755
,,,,
221526,219,100,616,0.104533755
211019,479,106,616,0.151966245
,,,,
174653,618,122,616,0.022966245
104035,100,712,616,0.030966245
955545,179,715,616,0.020033755
138726,438,728,616,0.069533755
127980,140,735,616,0.101533755
110614,339,823,616,0.069033755
124690,120,846,616,0.059533755
691174,120,5,617,0.080033755
360032,279,75,617,0.093466245
377398,199,88,617,0.242033755
206972,120,95,617,0.038966245
241284,319,136,617,0.049033755
565109,219,672,617,0.052466245
963361,279,695,617,0.179033755
33835,219,699,617,0.263033755
109717,140,706,617,0.336466245
971116,120,730,617,0.020033755
956123,299,744,617,0.008533755
24305,100,769,617,0.021533755
300858,100,834,617,0.035033755
12781,179,29,618,0.021033755
408799,140,34,618,0.139033755
361926,180,46,618,0.083466245
169808,299,105,618,0.029533755
712667,299,671,618,0.132033755
989758,100,703,618,0.194533755
57919,120,711,618,0.131533755
277371,359,717,618,0.033033755
699109,100,725,618,0.044533755
111013,140,740,618,0.070533755
715458,219,757,618,0.112033755
408999,140,4,619,0.068533755
410773,259,24,619,0.003966245
324384,279,33,619,0.015466245
422137,100,57,619,0.254466245
940353,140,66,619,0.112966245
,,,,
173995,219,147,619,0.013533755
207112,159,151,619,0.014033755
57321,120,732,619,0.192033755
123932,359,734,619,0.021533755
115519,179,738,619,0.208533755
456211,359,754,619,0.153966245
28093,140,755,619,0.087533755
317147,239,21,620,0.116966245
945178,179,65,620,0.051966245
948826,139,73,620,0.079533755
361268,558,92,620,0.139466245
985671,239,703,620,0.111533755
956682,239,720,620,0.033033755
999448,299,721,620,0.012533755
457068,199,758,620,0.114966245
871967,199,786,620,0.151466245
,,,,
406766,479,62,621,0.130033755
743370,100,68,621,0.093533755
325600,179,75,621,0.118466245
316409,399,92,621,0.294966245
108042,498,93,621,0.065533755
243159,758,104,621,0.078533755
,,,,
761633,120,704,621,0.045966245
702379,319,714,621,0.262533755
970618,120,733,621,0.069033755
61987,199,748,621,0.187533755
797879,100,26,622,0.137466245
,,,,
455294,160,152,622,0.042966245
700604,100,718,622,0.041033755
947810,100,731,622,0.005466245
,,,,
276115,259,753,622,0.035533755
11186,120,62,623,0.040533755
11545,120,63,623,0.028966245
123314,239,88,623,0.053033755
206633,319,115,623,0.049033755
811417,159,134,623,0.169466245
58458,778,695,623,0.169033755
957479,140,701,623,0.254966245
761334,279,707,623,0.040533755
276394,239,718,623,0.051033755
281857,179,728,623,0.180966245
850475,159,732,623,0.031966245
205676,140,46,624,0.056466245
435894,179,80,624,0.046466245
679072,100,86,624,0.092533755
454217,299,750,624,0.030033755
390457,219,1165,624,0.097533755
487413,199,29,625,0.066966245
95382,259,39,625,0.076466245
924502,100,50,625,0.157466245
154616,179,75,625,0.049033755
243936,199,89,625,0.137533755
378215,758,94,625,0.159033755
894696,120,115,625,0.148033755
454636,120,747,625,0.007533755
28252,140,753,625,0.094033755
139723,180,784,625,0.204533755
990555,120,793,625,0.095533755
899122,179,55,626,0.147033755
258311,239,80,626,0.224466245
232691,439,91,626,0.073033755
434658,319,112,626,0.111533755
675084,140,692,626,0.117033755
,,,,
886562,179,17,627,0.125033755
241025,239,82,627,0.011466245
379990,199,131,627,0.179033755
955246,279,722,627,0.000533755
443251,319,737,627,0.125466245
720642,100,752,627,0.317533755
664278,239,33,628,0.017466245
279006,160,34,628,0.137033755
93568,180,49,628,0.065966245
943822,419,63,628,0.187466245
173337,638,86,628,0.168966245
362604,339,113,628,0.144466245
761115,199,702,628,0.085033755
999288,120,702,628,0.144033755
275956,140,707,628,0.076533755
700385,179,714,628,0.183533755
127541,359,727,628,0.140533755
456669,239,731,628,0.221966245
188789,179,759,628,0.056033755
320755,219,34,629,0.172966245
434100,179,43,629,0.075033755
153141,459,44,629,0.059466245
411292,100,85,629,0.164966245
134140,120,88,629,0.070033755
,,,,
222025,977,111,629,0.212533755
957160,259,695,629,0.038466245
764863,120,710,629,0.243033755
761773,160,738,629,0.031533755
978792,239,742,629,0.031966245
59255,160,765,629,0.160533755
563793,239,803,629,0.074033755
233150,279,47,630,0.059033755
294677,120,58,630,0.081466245
90736,279,67,630,0.039966245
769728,100,74,630,0.121533755
279804,179,76,630,0.038533755
944918,140,83,630,0.072966245
363182,120,94,630,0.038966245
170706,399,100,630,0.110033755
380209,259,105,630,0.163533755
566604,180,749,630,0.198033755
806373,120,766,630,0.115466245
236978,219,771,630,0.079966245
487792,160,56,631,0.101466245
951099,100,59,631,0.012466245
770445,100,715,631,0.043533755
808686,100,722,631,0.047033755
985192,120,731,631,0.039466245
,,,,
667708,140,101,632,0.036466245
764504,140,700,632,0.210533755
678314,160,713,632,0.050033755
985033,140,722,632,0.060033755
600718,279,734,632,0.091533755
139524,139,736,632,0.229033755
186775,339,751,632,0.091533755
112608,140,786,632,0.105966245
258112,179,66,633,0.048466245
322191,200,99,633,0.075466245
111332,120,101,633,0.249533755
921013,160,120,633,0.161966245
762032,259,709,633,0.060533755
1001262,399,719,633,0.071533755
,,,,
324703,279,36,634,0.035533755
12242,219,63,634,0.081033755
561740,179,715,634,0.047533755
699608,259,726,634,0.088033755
954768,159,731,634,0.010466245
,,,,
418967,120,76,635,0.072033755
106706,379,83,635,0.067533755
,,,,
362963,199,95,635,0.041466245
434539,100,120,635,0.060533755
765042,140,697,635,0.161533755
701781,140,720,635,0.267533755
708719,140,728,635,0.092533755
351060,299,81,636,0.147033755
299721,140,86,636,0.045533755
320556,160,96,636,0.073466245
,,,,
139185,219,711,636,0.039033755
35709,239,731,636,0.206033755
300280,219,731,636,0.099466245
566385,120,733,636,0.100033755
594278,140,736,636,0.062533755
277890,140,738,636,0.040033755
188211,239,112,637,0.091533755
154457,140,114,637,0.010533755
954090,120,683,637,0.044466245
1000883,359,715,637,0.004033755
113027,120,735,637,0.127966245
113545,180,748,637,0.028533755
78515,120,748,637,0.281466245
530338,100,748,637,0.021466245
34074,239,767,637,0.217533755
,,,,
184981,279,93,638,0.004533755
844573,140,697,638,0.046466245
278069,259,719,638,0.079466245
675882,100,737,638,0.037966245
692809,279,91,639,0.072966245
134599,419,101,639,0.313466245
182788,279,103,639,0.129033755
220430,538,115,639,0.024033755
209883,319,116,639,0.093966245
160219,180,117,639,0.150033755
325919,140,137,639,0.079466245
695441,259,678,639,0.133533755
60093,100,690,639,0.039033755
127342,100,723,639,0.098533755
805117,120,754,639,0.018466245
1001840,259,792,639,0.090033755
769429,160,81,640,0.042033755
275776,100,712,640,0.014533755
561600,100,714,640,0.149033755
960769,179,750,640,0.025533755
25760,219,751,640,0.028033755
527407,140,755,640,0.097466245
113166,219,778,640,0.004466245
129415,180,812,640,0.095033755
93767,419,88,641,0.070966245
678753,199,88,641,0.016533755
140361,239,94,641,0.161533755
321294,379,107,641,0.161466245
445165,339,107,641,0.000533755
764344,140,678,641,0.203533755
26857,239,728,641,0.111533755
720183,379,735,641,0.193533755
109877,518,736,641,0.095966245
694922,100,670,642,0.118533755
32898,518,702,642,0.245033755
716355,180,718,642,0.151033755
961945,139,726,642,0.144033755
771622,200,741,642,0.018966245
207889,259,59,643,0.022533755
172620,319,106,643,0.095033755
36865,120,662,643,0.277033755
675244,180,717,643,0.056533755
720024,120,740,643,0.193533755
572586,219,741,643,0.105533755
529999,140,755,643,0.146966245
129654,100,757,643,0.240533755
117891,299,761,643,0.202533755
391454,180,51,644,0.103533755
325201,299,103,644,0.197966245
189407,239,117,644,0.012033755
676141,199,688,644,0.164033755
560424,199,720,644,0.071033755
852628,100,723,644,0.017466245
714282,199,742,644,0.092533755
460856,160,787,644,0.015033755
416635,259,74,645,0.068033755
691413,239,74,645,0.030466245
276694,299,76,645,0.108533755
269576,179,81,645,0.055466245
221825,140,96,645,0.176033755
954349,140,730,645,0.297466245
,,,,
114422,120,809,645,0.134533755
132924,498,92,646,0.047033755
160757,140,115,646,0.018466245
301575,219,738,646,0.085466245
691672,120,75,647,0.025033755
108561,239,77,647,0.083533755
268778,778,84,647,0.124466245
137889,558,93,647,0.070033755
153619,538,113,647,0.060966245
121978,279,718,647,0.012533755
970817,180,718,647,0.018033755
1002319,120,732,647,0.105966245
171124,180,89,648,0.111033755
965574,140,685,648,0.132033755
36108,698,686,648,0.214033755
703495,159,714,648,0.211033755
764006,239,721,648,0.266533755
204420,159,81,649,0.132033755
945995,199,693,649,0.004533755
717511,180,718,649,0.265533755
724549,120,733,649,0.236533755
967109,239,742,649,0.018533755
531634,140,753,649,0.042966245
,,,,
416156,459,74,650,0.087033755
125069,678,87,650,0.069533755
717252,140,715,650,0.219533755
716953,279,721,650,0.173533755
966571,279,726,650,0.234033755
711331,160,732,650,0.174033755
712388,259,733,650,0.097033755
766757,120,740,650,0.076966245
34772,199,786,650,0.192533755
763846,140,797,650,0.156033755
,,,,
552130,239,80,651,0.158033755
171762,837,122,651,0.070966245
453878,180,716,651,0.014966245
663959,199,92,652,0.066466245
129056,180,730,652,0.180033755
527846,140,741,652,0.068533755
957998,120,763,652,0.106966245
417552,120,83,653,0.045033755
695162,120,666,653,0.197033755
694703,120,705,653,0.009533755
129256,140,724,653,0.182033755
970319,140,725,653,0.009466245
112767,120,733,653,0.092966245
954648,100,738,653,0.063033755
62784,199,740,653,0.293533755
718269,100,740,653,0.125533755
271011,259,82,654,0.077533755
766518,159,708,654,0.033033755
718389,180,731,654,0.245033755
,,,,
965454,100,689,655,0.134533755
1002737,179,699,655,0.126033755
763328,159,710,655,0.128533755
964856,339,719,655,0.094533755
766917,160,722,655,0.087033755
118210,259,732,655,0.085533755
701641,119,737,655,0.122033755
113964,339,739,655,0.047533755
25999,100,745,655,0.087033755
977237,160,784,655,0.009533755
,,,,
175291,379,124,656,0.094966245
124889,100,160,656,0.027533755
369243,259,703,656,0.131966245
594437,120,743,656,0.097466245
268579,179,83,657,0.032466245
431648,160,97,657,0.012533755
187373,518,109,657,0.155533755
223560,578,112,657,0.035466245
592643,100,728,657,0.046966245
708579,120,730,657,0.147533755
728995,100,742,657,0.049466245
960549,199,753,657,0.046966245
560643,139,754,657,0.079033755
,,,,
433881,199,65,658,0.077966245
133901,219,84,658,0.010966245
140082,179,729,658,0.081533755
301815,120,757,659,0.163966245
551871,239,72,660,0.063033755
560942,140,720,660,0.064033755
34333,319,743,660,0.209033755
454077,120,763,660,0.052466245
,,,,
188031,160,91,661,0.137033755
279186,219,99,661,0.171033755
321154,120,131,661,0.076466245
692350,100,76,662,0.088033755
455732,239,103,662,0.100966245
769289,100,60,663,0.168033755
278807,180,65,663,0.131533755
154217,199,116,663,0.014466245
967846,180,121,663,0.040966245
728318,140,739,663,0.042033755
127162,159,747,663,0.076533755
574460,199,871,663,0.070533755
112209,219,95,664,0.040533755
122876,179,99,664,0.052033755
211558,279,109,664,0.105466245
35988,100,674,664,0.182533755
569515,140,707,664,0.140533755
765900,219,729,664,0.157533755
718070,179,733,664,0.167033755
527706,120,739,664,0.005533755
63183,219,796,664,0.280033755
986069,379,56,665,0.090533755
553286,319,66,665,0.370533755
185519,857,107,665,0.096533755
160956,160,120,665,0.045466245
182489,119,139,665,0.129533755
763507,100,738,665,0.188533755
528006,339,741,665,0.008966245
182628,140,92,666,0.165533755
175690,319,108,666,0.121466245
35430,239,712,666,0.161033755
37085,359,735,666,0.152033755
572227,219,745,666,0.089533755
237875,219,776,666,0.120466245
597847,259,56,667,0.131533755
846228,140,709,667,0.088466245
565428,100,734,667,0.186033755
301954,140,796,667,0.082466245
772479,199,67,668,0.177533755
135117,339,86,668,0.056033755
560823,100,752,668,0.160466245
569735,160,753,668,0.092033755
63043,120,755,668,0.238533755
,,,,
435117,479,104,669,0.154466245
189068,219,119,669,0.019033755
531455,160,749,669,0.040966245
572067,139,755,669,0.027966245
63781,140,759,669,0.108533755
599123,140,778,669,0.134033755
355985,160,97,670,0.178966245
846088,119,713,670,0.077966245
302572,159,758,670,0.110466245
610387,100,96,671,0.133966245
766139,359,686,671,0.159966245
720761,299,741,671,0.138033755
677856,180,759,671,0.091966245
60551,219,803,671,0.163033755
294518,119,73,672,0.146966245
957838,139,766,672,0.151466245
677258,319,809,672,0.021466245
278448,199,79,673,0.066533755
920575,219,111,673,0.912466245
964637,160,695,673,0.103533755
602931,219,702,673,0.166033755
188530,120,713,673,0.067533755
970040,219,729,673,0.061966245
717771,259,740,673,0.161033755
,,,,
111731,459,91,674,0.093533755
38161,239,663,674,0.097033755
128777,180,722,674,0.211533755
747916,120,728,674,0.041966245
971595,299,756,674,0.004466245
606160,219,776,674,0.004033755
,,,,
109099,339,92,675,0.035466245
108820,259,101,675,0.053533755
37503,299,682,675,0.170033755
37862,279,709,675,0.229533755
302851,100,734,675,0.148966245
63502,259,753,675,0.222533755
701043,179,52,676,0.242033755
591447,379,90,676,0.175466245
604845,219,726,676,0.020966245
732205,139,742,676,0.060966245
123075,219,82,677,0.019466245
716814,120,720,677,0.120033755
594657,379,743,677,0.073466245
713982,100,745,677,0.203533755
63940,239,759,677,0.002033755
417153,379,82,678,0.203533755
666192,120,116,678,0.184466245
35011,339,696,678,0.194033755
562637,239,722,678,0.082033755
59435,200,746,678,0.064033755
692550,180,82,679,0.047466245
238134,179,771,679,0.063466245
595275,140,772,679,0.101033755
957639,179,785,679,0.313466245
591945,419,110,680,0.080966245
709138,179,703,680,0.125033755
770605,379,730,680,0.048533755
607437,219,732,680,0.004966245
713803,160,745,680,0.126533755
185280,100,116,681,0.026533755
176029,120,153,681,0.083966245
32778,100,702,681,0.157533755
725187,120,740,681,0.386533755
602412,339,743,681,0.354466245
530877,140,745,681,0.011033755
729115,299,750,681,0.100966245
565648,219,76,682,0.038533755
296292,159,85,682,0.032966245
299123,319,90,682,0.004466245
115838,379,728,682,0.122033755
605263,498,748,682,0.079533755
530637,179,763,682,0.027033755
423134,179,88,683,0.244466245
590749,179,102,683,0.257466245
677098,120,734,683,0.008466245
238334,140,777,683,0.009966245
574320,120,778,683,0.094033755
709995,199,703,684,0.107533755
603409,199,707,684,0.081033755
601834,199,747,684,0.070533755
678135,120,764,684,0.052533755
629089,179,69,685,0.292966245
416914,219,77,685,0.121033755
693606,279,113,685,0.078466245
60332,140,749,685,0.171033755
693307,180,80,686,0.011533755
429136,359,89,686,0.007966245
709875,100,700,686,0.165533755
118689,299,725,686,0.130533755
239729,120,759,686,0.096033755
270872,120,73,687,0.121033755
693108,179,75,687,0.006033755
730909,179,698,687,0.192466245
593161,558,740,687,0.039533755
96179,199,750,687,0.038466245
461115,140,758,687,0.171966245
38520,179,765,687,0.089533755
606739,100,785,687,0.031533755
848959,160,711,688,0.096966245
599661,159,739,688,0.051033755
677656,159,789,689,0.009533755
693985,299,46,690,0.046033755
590968,259,105,690,0.145466245
976699,100,708,690,0.188466245
728776,180,773,690,0.105033755
126145,259,95,691,0.046033755
60790,140,744,691,0.109533755
612401,439,774,691,0.090466245
590250,439,87,692,0.049966245
603170,219,708,692,0.138533755
562398,179,733,692,0.082033755
531255,179,753,692,0.128466245
601156,379,758,692,0.008966245
951996,239,48,693,0.048033755
767256,120,102,693,0.240533755
566804,100,696,693,0.081033755
40195,279,711,693,0.176033755
599940,259,736,693,0.014466245
553825,578,51,694,0.322533755
742812,120,58,694,0.075033755
708878,180,696,694,0.030033755
62405,279,747,694,0.224033755
573284,199,758,694,0.105533755
742035,139,75,695,0.070533755
601674,140,737,695,0.084533755
743749,279,82,696,0.036533755
296053,140,113,696,0.105466245
979610,159,747,696,0.065966245
413564,120,42,697,0.049033755
767634,140,61,697,0.181533755
356503,139,81,697,0.027966245
118489,179,763,697,0.047533755
691932,160,62,698,0.022966245
135476,219,93,698,0.051466245
710234,120,702,698,0.183533755
959393,180,739,698,0.022033755
604526,299,758,698,0.159966245
731228,179,774,698,0.109466245
767794,140,64,699,0.162533755
757028,179,74,699,0.019966245
959592,120,746,699,0.082033755
602074,159,764,699,0.042533755
574181,120,787,699,0.059533755
126923,180,60,700,0.170533755
736691,140,726,700,0.079466245
41750,219,737,700,0.176033755
356304,179,87,701,0.084966245
725865,140,735,701,0.190533755
598784,139,742,701,0.073033755
718787,399,743,701,0.226033755
610846,319,756,701,0.348966245
770226,139,86,702,0.008466245
770086,120,96,702,0.101533755
758922,120,707,702,0.083466245
979949,119,736,702,0.095033755
,,,,
757247,219,83,703,0.004033755
744288,199,95,703,0.043466245
951757,199,120,703,0.034466245
719206,180,752,703,0.231033755
599461,180,756,703,0.003033755
591247,180,113,704,0.106466245
493334,199,727,704,0.017966245
694504,120,727,704,0.056033755
603728,419,761,704,0.042966245
565986,100,67,705,0.157033755
129834,219,105,705,0.268033755
43345,239,718,705,0.155533755
49466,199,724,705,0.187533755
38759,279,730,705,0.154533755
958476,299,749,705,0.063966245
567243,160,35,706,0.191033755
407464,279,71,706,0.142533755
111611,100,82,706,0.187033755
747178,239,86,706,0.076533755
745304,219,88,706,0.063033755
41989,837,693,706,0.190033755
49167,259,721,706,0.198033755
604167,120,758,706,0.106966245
567422,598,43,707,0.143533755
742653,120,58,707,0.044033755
554482,379,77,707,0.189033755
756629,200,85,707,0.002966245
709337,100,690,707,0.147533755
725586,120,733,707,0.222033755
731468,299,734,707,0.095966245
728617,100,758,707,0.067533755
666471,239,50,708,0.059033755
111471,120,78,708,0.201533755
43066,259,664,708,0.119533755
958934,319,751,708,0.103966245
556317,279,76,709,0.033033755
553047,219,77,709,0.366533755
951598,140,78,709,0.049966245
43684,140,789,709,0.045466245
131608,219,48,710,0.067033755
629926,199,77,710,0.046466245
415957,179,79,710,0.057033755
413106,120,91,710,0.200466245
132007,200,99,710,0.153033755
727879,100,737,710,0.159966245
1005628,199,760,710,0.254466245
746939,179,67,711,0.178533755
126425,279,83,711,0.054033755
126783,120,85,711,0.061033755
709596,259,703,711,0.203033755
493613,100,710,711,0.067966245
980088,100,741,711,0.088533755
,,,,
759261,239,687,712,0.012966245
413405,140,43,713,0.024533755
1000345,179,64,713,0.095533755
777663,498,71,713,0.116466245
94664,618,98,713,0.147466245
744666,100,98,713,0.008533755
50443,379,682,713,0.200533755
593979,179,737,713,0.041966245
131848,140,99,714,0.070533755
776806,120,111,714,0.045533755
741716,100,111,714,0.080466245
736851,219,737,714,0.100966245
555180,419,47,715,0.127033755
776566,179,64,715,0.105533755
757925,279,74,715,0.054966245
744906,319,60,717,0.023033755
407324,120,78,717,0.232533755
774373,239,80,717,0.007533755
776945,239,114,717,0.090533755
48868,279,679,717,0.124033755
721658,120,723,717,0.410033755
719844,140,759,717,0.145033755
567023,199,58,718,0.165033755
94465,179,64,718,0.100966245
629607,279,80,718,0.007466245
1003495,578,90,718,0.062533755
1002976,299,109,718,0.091466245
729932,159,697,718,0.021466245
759121,100,696,719,0.097466245
736552,120,722,719,0.053033755
611683,120,732,719,0.033966245
570173,279,740,719,0.113533755
807150,339,1093,719,0.000966245
974745,199,62,720,0.170533755
592862,259,722,720,0.093466245
50283,120,750,720,0.028966245
40016,120,785,720,0.242033755
598584,120,728,721,0.067033755
47133,120,849,721,0.077033755
554881,279,49,722,0.111533755
757745,160,73,722,0.096533755
551572,140,73,722,0.108033755
556018,179,90,722,0.068033755
568080,379,99,722,0.003466245
17267,219,493,722,0.143466245
50024,179,711,722,0.187533755
39397,100,822,722,0.146533755
40893,200,842,722,0.125033755
553625,140,68,723,0.228533755
571589,160,758,723,0.093966245
983179,100,61,724,0.098533755
1000026,100,79,724,0.161033755
779318,239,105,724,0.093466245
419246,100,106,724,0.027033755
,,,,
41311,239,731,724,0.180033755
808307,100,1139,724,0.167533755
778700,199,76,725,0.101466245
778919,239,83,725,0.084966245
419107,100,111,725,0.011466245
49685,319,745,725,0.145033755
980387,180,760,725,0.003966245
571130,120,760,725,0.083533755
414342,339,43,726,0.004533755
774194,120,81,726,0.026466245
773536,159,84,726,0.075533755
26139,339,748,726,0.068533755
980626,140,753,726,0.094966245
606938,180,787,726,0.072966245
607177,140,829,726,0.061466245
767395,180,66,727,0.177533755
552668,359,77,727,0.239033755
758344,159,80,727,0.125966245
773895,279,119,727,0.009966245
731966,100,770,727,0.191966245
413804,180,81,728,0.019966245
779178,120,88,728,0.137966245
773715,159,97,728,0.014533755
130552,140,138,728,0.223033755
592503,120,717,729,0.022466245
611424,159,765,729,0.118966245
130711,877,67,730,0.189033755
958795,120,726,730,0.053466245
611185,219,738,730,0.222966245
573563,179,781,730,0.006966245
568518,239,102,731,0.001966245
961746,120,106,731,0.017533755
958296,159,741,731,0.149466245
528803,120,751,731,0.152466245
778520,140,76,732,0.094966245
130113,299,80,732,0.224533755
729534,160,764,732,0.049533755
136971,379,95,733,0.041533755
569017,139,112,733,0.126033755
958177,100,739,733,0.038966245
808147,140,1099,734,0.102033755
555818,160,98,735,0.075033755
414003,319,109,735,0.028533755
297568,100,147,735,0.053466245
808426,120,1088,735,0.011966245
414800,678,84,736,0.016033755
961427,100,84,736,0.030033755
569176,179,106,736,0.104533755
39597,379,716,736,0.161533755
733063,100,749,736,0.015533755
872266,100,748,737,0.198466245
356723,319,77,738,0.065966245
453539,140,665,738,0.064466245
730371,259,741,738,0.356966245
46635,478,814,738,0.055033755
952654,219,104,739,0.084966245
953452,538,114,739,0.043466245
39078,100,747,739,0.229033755
132306,219,119,740,0.032533755
298385,160,148,740,0.030033755
95980,179,740,740,0.112966245
392251,239,1018,740,0.007533755
776267,159,123,741,0.059033755
41112,179,728,741,0.141533755
779577,578,84,742,0.153966245
45937,199,708,742,0.207033755
730132,180,790,742,0.109966245
94206,239,76,743,0.131966245
298086,140,103,743,0.016033755
953093,339,106,744,0.034466245
959812,439,755,744,0.020033755
1005469,140,812,744,0.168466245
297349,179,84,745,0.133966245
415498,379,96,745,0.163033755
46156,459,723,745,0.165033755
774892,100,82,746,0.002466245
952953,120,92,746,0.087966245
488131,219,706,746,0.094466245
568778,219,92,747,0.087533755
422496,618,77,748,0.195966245
136174,419,94,748,0.037966245
775350,439,112,748,0.019966245
768312,279,96,749,0.039033755
297807,100,101,749,0.170966245
807509,299,1099,750,0.027533755
629308,120,97,753,0.044466245
966172,259,84,755,0.124033755
768850,159,93,755,0.153033755
43863,459,729,755,0.151033755
136613,339,101,756,0.009466245
960270,100,755,757,0.162466245
570572,279,757,757,0.111033755
135935,219,87,758,0.039466245
733561,219,736,758,0.021033755
496006,180,777,758,0.002533755
297010,199,83,760,0.020466245
298605,120,87,760,0.018966245
768192,100,99,760,0.115033755
979091,120,758,760,0.076966245
492876,199,724,761,0.052966245
736312,219,747,761,0.052533755
973609,100,70,762,0.119033755
47452,100,730,762,0.208533755
573762,319,749,762,0.005533755
40574,100,770,762,0.177033755
730730,120,781,762,0.040966245
47931,239,734,763,0.051533755
44382,160,778,763,0.092533755
,,,,
600438,100,741,764,0.041033755
600259,160,747,764,0.027533755
980228,140,782,764,0.105966245
47332,100,724,766,0.236533755
132545,140,117,767,0.087966245
48230,120,775,768,0.125033755
498338,100,750,770,0.077466245
593759,179,750,774,0.119533755
47632,219,795,774,0.107033755
975204,179,89,775,0.036033755
719445,140,761,775,0.085533755
44581,239,736,776,0.167533755
721798,160,751,777,0.236033755
745583,120,763,777,0.094533755
737449,120,754,778,0.002966245
1003296,179,77,779,0.042533755
979291,299,749,783,0.203966245
807848,140,1077,784,0.129533755
736133,100,733,786,0.053033755
722097,160,718,789,0.278033755
44840,578,746,790,0.122533755
492337,120,746,790,0.002466245
738565,100,773,793,0.114966245
1004232,279,80,797,0.046033755
488968,199,674,797,0.046966245
492577,179,701,798,0.092466245
738207,140,731,798,0.048533755
737150,100,741,799,0.103966245
496604,339,756,799,0.015533755
738765,199,713,800,0.021966245
496963,259,737,803,0.019966245
489287,259,701,804,0.164966245
489965,100,710,804,0.097466245
722536,100,730,804,0.220033755
737987,199,728,808,0.067466245
722376,140,682,809,0.247033755
489566,140,708,809,0.048966245
489726,219,723,809,0.189466245
498678,279,726,810,0.062966245
746082,180,760,810,0.004033755
741257,160,722,812,0.272966245
737648,239,722,813,0.025033755
739642,100,700,815,0.146466245
739802,339,695,818,0.048466245
488489,459,708,818,0.148466245
48389,419,729,819,0.098533755
739084,100,760,819,0.088466245
1004532,778,55,820,0.006966245
739303,239,765,820,0.107466245
740639,339,763,821,0.160966245
496225,120,725,828,0.034533755
741038,179,699,832,0.257466245
740360,259,752,844,0.093966245
920375,120,565,859,1.176466245
