number,time,duration,x,y,avg_dilation
1,172,120,721,344,0.2969662447257355
2,491,100,709,360,0.3209662447257364
3,790,100,680,432,0.12196624472573614
4,930,140,679,439,0.20946624472573605
5,1169,100,668,428,0.18796624472573642
6,1628,219,569,1012,0.4209662447257352
7,3063,100,163,301,0.13003375527426408
8,3183,199,186,369,0.0884662447257365
9,3462,279,389,333,0.033466244725735894
10,3761,618,389,330,
11,4419,259,392,342,
12,4858,339,61,209,
13,5217,120,50,201,
14,5456,100,466,730,
15,5576,259,526,744,
16,6114,100,412,836,
17,6253,259,399,850,
18,6533,219,361,882,
19,7011,339,57,191,
20,7868,139,519,752,
21,8028,279,493,741,
22,8327,100,443,762,
23,8446,160,439,748,
24,8825,100,415,315,
25,9045,219,413,341,
26,9443,299,582,764,
27,9822,140,596,429,
28,10041,160,633,266,
29,10221,1136,614,221,
30,11756,259,589,239,
31,12035,299,551,217,
32,12434,100,457,778,
33,12733,399,472,742,
34,13331,439,948,677,0.24803375527426352
35,13830,180,949,679,0.28253375527426394
36,14129,179,643,367,
37,14328,119,642,378,
38,14767,100,492,497,
39,14886,219,497,493,
40,15146,219,406,487,
41,15465,140,467,478,
42,15724,279,505,482,
43,16441,100,495,478,
44,16641,120,506,471,
45,16840,120,502,479,
46,17339,160,570,477,
47,17618,100,484,520,
48,18355,239,549,503,
49,20868,100,701,498,
50,21246,100,689,479,
51,21825,120,462,477,
52,22263,100,438,403,
53,22403,100,443,403,
54,22642,199,447,396,
55,22861,100,459,397,
56,23041,100,434,400,
57,23180,100,430,405,
58,23300,100,495,427,
59,23798,100,430,467,
60,23938,100,458,403,
61,24058,199,472,387,
62,24317,219,467,386,
63,24656,279,468,397,
64,24955,120,467,402,
65,25094,100,472,400,
66,25214,219,466,400,
67,25712,139,555,335,
68,25952,179,606,331,
69,26211,140,361,411,
70,26510,100,391,423,
71,26689,140,477,400,
72,27028,160,601,430,
73,27487,120,579,435,
74,28185,120,502,519,
75,28763,140,470,498,
76,29042,140,465,445,
77,29201,140,489,402,
78,29520,120,425,496,
79,29700,179,439,488,
80,29899,100,525,466,
81,30059,140,525,475,
82,30218,219,535,463,
83,30577,119,484,479,
84,30737,120,635,435,
85,30916,219,587,442,
86,31295,100,467,500,
87,31454,120,497,513,
88,31614,239,517,527,
89,32152,120,497,382,
90,32451,159,376,416,
91,33049,100,1201,-41,0.5090337552742641
92,33189,438,1247,55,0.5690337552742637
93,34365,160,586,272,0.409033755274264
94,34684,219,876,295,0.393033755274264
95,34943,299,1043,290,0.48103375527426406
96,35322,179,1101,831,0.29453375527426395
97,35522,219,1107,799,0.3130337552742639
98,35920,339,1111,886,0.1680337552742639
99,36459,359,1098,809,0.1370337552742642
100,36837,100,1077,787,0.10196624472573612
101,37535,219,106,156,
102,37894,160,250,176,
103,38074,279,279,189,0.276033755274264
104,38472,120,909,700,0.2109662447257361
105,38692,100,950,697,0.20446624472573616
106,38911,937,943,766,0.2854662447257361
107,39928,120,929,652,0.19946624472573626
108,40167,439,934,684,0.262466244725736
109,40626,219,987,676,0.2894662447257361
110,40865,140,1016,691,0.17096624472573607
111,41024,379,1021,681,0.19596624472573643
112,41463,279,973,764,0.18596624472573575
113,41762,538,971,687,0.24846624472573575
114,42320,359,969,690,0.14646624472573588
115,42699,279,980,650,0.2499662447257358
116,42998,439,948,618,0.32746624472573593
117,43576,160,897,689,0.2519662447257356
118,43856,219,913,732,0.13346624472573554
119,44194,578,1035,745,0.15546624472573578
120,44793,179,1016,755,0.2369662447257359
121,45291,179,116,191,
122,45550,100,329,190,
123,45670,479,277,186,0.20453375527426365
124,46726,140,1022,765,0.2289662447257359
125,46886,199,1018,762,0.3039662447257361
126,47365,179,290,589,0.19596624472573554
127,47604,239,282,209,0.21853375527426389
128,47903,339,71,186,0.15803375527426367
129,48361,379,1010,728,0.33196624472573566
130,48760,239,1035,736,0.33996624472573655
131,49019,239,925,675,0.38396624472573615
132,49278,459,935,672,0.5164662447257364
133,49777,219,1015,733,0.38596624472573593
134,50076,299,1008,761,0.44646624472573615
135,50415,518,988,706,0.35996624472573613
136,51053,718,1011,752,0.6204662447257365
137,52070,120,875,655,0.6219662447257357
138,52309,259,407,727,0.3924662447257359
139,52748,199,390,245,0.21503375527426405
140,52987,399,245,201,0.23503375527426407
141,53545,199,306,194,0.1290337552742642
142,53844,120,399,627,0.36796624472573614
143,54044,100,415,745,0.26496624472573593
144,54343,160,1022,754,0.21146624472573583
145,54542,259,1020,745,0.340966244725736
146,54921,139,1040,733,0.44896624472573565
147,55120,359,952,690,0.40446624472573633
148,55698,140,992,659,0.7419662447257367
149,55878,379,998,762,0.4554662447257365
150,56297,179,1002,752,0.31346624472573614
151,56954,180,973,676,0.28996624472573584
152,57154,279,1008,671,0.28596624472573584
153,57453,498,929,733,0.38946624472573577
154,57971,259,983,764,0.37896624472573626
155,58270,160,1015,663,0.36596624472573547
156,58589,139,1023,761,0.4004662447257359
157,58848,219,1045,758,0.4944662447257362
158,59367,239,998,742,0.802466244725736
159,59845,120,1004,756,0.31896624472573576
160,60085,219,980,684,0.32146624472573615
161,60344,658,1008,674,0.3299662447257359
162,61321,139,440,689,0.44646624472573615
163,61480,259,410,727,0.30996624472573586
164,61759,239,409,716,0.12046624472573564
165,62078,319,450,707,0.07003375527426403
166,62437,817,518,689,0.13653375527426403
167,63574,100,508,694,0.13403375527426364
168,63873,100,605,644,0.19353375527426397
169,64052,199,576,641,0.1355337552742646
170,64351,180,989,737,0.14403375527426432
171,64551,399,1035,753,0.2599662447257365
172,65009,140,925,759,0.32146624472573615
173,65348,239,550,744,0.19946624472573582
174,65647,199,533,685,0.04403375527426423
175,65866,399,601,728,0.14296624472573605
176,66285,179,627,724,0.10446624472573607
177,66544,140,461,765,0.1484662447257361
178,66744,179,419,728,0.17296624472573585
179,66983,199,610,732,0.11596624472573636
180,67202,239,632,727,0.13646624472573565
181,67461,459,607,726,0.16046624472573612
182,68040,179,504,997,0.10146624472573595
183,68718,100,604,719,0.1834662447257358
184,68837,139,580,715,0.054466244725736246
185,68997,339,528,719,0.17046624472573635
186,69355,180,502,720,0.17053375527426384
187,69814,160,985,744,0.09696624472573623
188,69993,180,1042,738,0.20846624472573616
189,70312,160,1063,733,0.17096624472573607
190,70751,140,397,782,0.28396624472573606
191,71070,199,436,785,0.2289662447257359
192,71289,219,394,752,0.1714662447257358
193,71748,179,234,166,
194,71947,219,303,174,
195,72187,797,358,188,
196,73024,538,498,203,
197,73582,100,497,200,
198,73722,140,519,202,
199,73881,120,705,204,
200,74200,957,664,196,
201,75177,439,551,249,
202,75696,319,255,213,
203,76074,140,559,197,
204,76234,140,488,204,
205,76433,179,747,228,
206,76633,199,701,257,
207,76932,199,233,234,
208,77151,120,266,218,
209,77331,379,39,214,
210,77729,140,91,214,
211,77929,139,300,216,
212,78427,239,107,189,
213,78686,219,72,195,
214,79145,160,427,710,
215,79364,100,505,721,
216,79643,120,494,612,
217,80580,100,439,730,
218,80700,100,452,692,
219,81019,159,518,701,
220,81238,219,449,719,
221,81517,199,405,732,
222,81737,120,408,733,
223,82295,159,408,787,
224,82514,140,400,789,
225,83292,120,420,660,
226,83930,199,484,703,
227,84229,100,574,706,
228,84847,159,380,759,
229,85066,100,401,776,
230,85186,120,394,796,
231,86083,120,315,825,
232,86263,100,524,814,
233,86442,199,501,823,
234,86861,100,439,677,
235,87020,100,494,585,
236,87140,180,502,560,
237,87339,120,450,700,
238,87558,239,510,712,
239,88256,120,320,725,
240,88934,179,461,620,
241,89173,180,400,668,
242,89552,219,429,677,
243,89792,140,356,688,
244,89971,179,286,722,
245,90230,140,308,729,
246,90469,140,421,789,
247,90968,100,330,723,
248,91167,120,333,722,
249,91506,120,253,815,
250,91725,140,299,790,
251,91885,179,381,659,
252,92244,120,369,611,
253,92383,120,365,615,
254,92623,419,436,663,
255,93340,459,401,681,
256,94058,140,435,667,
257,94218,120,425,660,
258,95055,160,442,664,
259,95773,120,565,675,
260,96012,239,452,759,
261,96331,219,446,748,
262,96570,120,558,664,
263,96789,180,502,682,
264,97168,100,569,687,
265,97288,120,566,672,
266,97607,139,465,689,
267,97806,179,467,679,
268,98225,239,463,679,
269,98604,179,476,646,
270,99042,140,439,729,
271,99501,100,574,676,
272,100039,140,610,640,
273,100219,319,613,631,
274,101056,120,545,786,
275,101395,120,444,665,
276,102232,100,435,658,
277,102591,100,413,639,
278,102791,100,427,631,
279,103130,140,369,636,
280,103289,100,373,634,
281,103588,179,385,666,
282,103808,359,378,658,
283,104186,120,426,618,
284,104446,120,428,615,
285,104645,120,408,669,
286,104784,120,454,606,
287,105383,120,345,643,
288,105542,160,337,669,
289,105781,120,452,619,
290,105941,379,440,621,
291,106419,140,422,629,
292,106619,199,422,604,
293,107077,100,500,668,
294,107396,179,481,666,
295,107795,279,424,733,
296,125998,160,374,666,
297,127274,159,507,537,
298,127453,160,527,547,
299,127932,259,498,531,
300,128630,100,342,502,
301,128809,199,354,486,
302,129866,159,570,541,
303,130903,160,371,508,
304,131401,179,450,525,
305,131660,140,307,508,
306,132837,379,425,414,
307,133315,100,435,409,
308,134491,219,403,423,
309,136984,160,430,618,
310,138359,120,364,581,
311,138838,140,330,605,
312,139416,120,402,587,
313,139655,179,363,594,
314,143164,140,559,567,
315,144520,100,478,701,
316,144839,140,529,661,
317,145836,159,589,580,
318,146494,199,457,650,
319,150242,100,640,731,
320,150521,179,600,738,
321,160629,140,683,561,
322,162324,259,642,631,
323,162862,120,528,712,
324,201980,120,892,589,
325,202119,179,888,584,
326,202777,140,971,472,
327,202977,100,916,494,
328,203116,120,966,489,
329,203495,179,1042,472,
330,203694,140,1001,586,
331,203894,399,1060,574,
332,204432,479,1020,635,
333,205529,120,893,600,
334,207562,219,885,610,
335,207801,100,887,613,
336,207921,140,888,604,
337,208120,120,884,567,
338,208300,160,873,588,
339,208659,140,878,625,
340,209556,180,846,643,
341,210054,179,802,562,
342,210493,259,879,506,
343,210792,179,823,674,
344,211071,100,854,674,
345,211570,100,962,685,
346,211689,179,946,694,
347,212108,120,798,639,
348,212467,159,799,592,
349,213304,100,893,516,
350,213424,160,892,522,
351,213663,179,1010,470,
352,213862,120,945,467,
353,214062,179,932,475,
354,214261,100,1001,472,
355,214520,259,1068,481,
356,214839,159,885,478,
357,215198,199,849,383,
358,215517,120,864,343,
359,215657,179,906,439,
360,215856,219,846,438,
361,216155,219,837,479,
362,216394,140,840,483,
363,218049,219,934,553,
364,218289,279,914,565,
365,218588,100,994,560,
366,218747,120,988,564,
367,219086,100,907,581,
368,219285,219,983,460,
369,219545,359,938,384,
370,220023,179,1051,432,
371,220223,140,1006,435,
372,220382,239,1016,515,
373,220641,319,1006,514,
374,220980,319,977,523,
375,221319,140,991,527,
376,221578,439,980,539,
377,222994,140,896,494,
378,223293,160,947,488,
379,223612,239,844,517,
380,223891,100,866,512,
381,224011,160,883,560,
382,224689,199,941,511,
383,227001,319,997,541,
384,227400,100,940,525,
385,227520,259,942,508,
386,227998,179,926,493,
387,228197,339,1000,494,
388,228636,199,1070,491,
389,228855,180,1024,441,
390,229055,219,846,524,
391,229294,120,860,518,
392,229713,119,885,556,
393,229952,120,886,566,
394,230231,100,849,483,
395,230351,259,850,475,
396,230630,140,857,465,
397,230949,120,940,500,
398,231148,120,861,438,
399,231447,140,879,426,
400,231627,239,961,405,
401,232205,259,1059,446,
402,232504,239,1049,445,
403,233002,239,894,481,
404,233262,140,915,519,
405,233421,160,932,507,
406,234617,120,1391,498,
407,234797,139,1387,496,
408,235056,140,1251,459,
409,235335,160,1315,390,
410,235834,239,1320,373,
411,236751,140,1015,581,
412,236930,379,941,517,
413,237329,100,890,476,
414,237448,239,886,469,
415,237768,199,910,431,
416,238246,239,951,423,
417,238505,279,1089,459,
418,239044,120,1037,451,
419,239283,319,872,447,
420,239721,339,962,417,
421,240120,100,947,519,
422,240300,259,920,502,
423,241017,120,1005,572,
424,241157,140,1009,536,
425,241316,159,1004,544,
426,241496,200,1030,525,
427,241735,100,691,487,
428,242114,139,887,504,
429,242273,120,870,515,
430,242433,379,960,479,
431,242852,140,988,494,
432,243091,359,1066,494,
433,243490,319,856,507,
434,243829,219,882,531,
435,244147,339,894,538,
436,244526,160,923,569,
437,244706,140,929,569,
438,244865,100,886,565,
439,245304,199,936,553,
440,245922,179,883,532,
441,246121,160,905,493,
442,246301,419,869,491,
443,246739,259,872,444,
444,247078,199,1030,460,
445,247298,160,1088,483,
446,247517,638,1081,613,
447,248195,159,980,540,
448,248374,179,995,551,
449,248574,100,998,567,
450,248693,199,1027,519,
451,248972,199,1043,492,
452,249271,120,1042,490,
453,249491,279,871,517,
454,249870,120,863,530,
455,250009,140,866,523,
456,250268,100,919,436,
457,250408,199,957,403,
458,250687,179,407,164,
459,250886,279,276,180,
460,251205,140,367,21,
461,251385,259,447,-36,
462,251664,279,513,-50,
463,252063,199,318,183,
464,252541,140,300,212,
465,252721,359,492,209,
466,253099,179,231,213,
467,253299,578,271,212,
468,253917,299,48,214,
469,254236,100,100,216,
470,254515,100,977,618,
471,254993,120,401,584,
472,255193,179,379,593,
473,255612,219,960,588,
474,255851,439,857,513,
475,256369,160,875,552,
476,256768,239,928,593,
477,257047,319,856,448,
478,257625,200,889,416,
479,257884,319,1071,500,
480,258283,239,1028,435,
481,258542,239,1060,452,
482,259021,180,958,402,
483,259380,199,940,509,
484,259719,339,989,504,
485,260277,618,923,499,
486,260935,419,1004,547,
487,261374,160,989,546,
488,261693,140,937,515,
489,261852,159,924,522,
490,262051,160,924,527,
491,262231,100,916,525,
492,262390,1017,925,502,
493,263427,100,937,515,
494,263547,139,885,568,
495,263726,100,892,579,
496,263886,100,1022,545,
497,264025,100,1024,552,
498,264205,359,926,494,
499,264603,100,1008,489,
500,264723,100,1002,497,
501,264843,120,880,552,
502,265142,339,869,544,
503,265500,279,948,554,
504,265999,120,901,569,
505,266617,100,963,480,
506,266737,140,1054,503,
507,266896,100,1048,504,
508,267395,339,985,418,
509,267753,239,1000,529,
510,268312,419,1005,527,
511,268850,239,893,492,
512,269109,159,896,487,
513,269289,279,1024,507,
514,269588,179,1037,541,
515,270266,259,1036,547,
516,270545,100,1038,537,
517,270704,279,1037,534,
518,271063,180,1077,626,
519,271362,199,992,496,
520,271641,120,1027,531,
521,272100,259,1008,547,
522,272379,120,1062,614,
523,272519,120,1055,623,
524,272678,100,953,574,
525,273196,159,1084,618,
526,273376,140,1099,614,
527,273595,199,886,577,
528,273894,219,932,561,
529,274313,259,934,506,
530,274811,239,847,487,
531,275270,498,887,527,
532,275808,239,910,559,
533,276107,319,973,415,
534,276446,180,1086,435,
535,276685,199,1032,441,
536,277343,120,969,417,
537,277483,199,972,396,
538,277842,160,1095,439,
539,278041,100,1042,433,
540,278161,100,1039,428,
541,278380,379,369,178,
542,278839,359,1019,471,
543,279218,219,891,473,
544,279457,120,852,477,
545,279935,219,293,192,
546,280234,179,929,513,
547,280434,279,864,477,
548,280972,678,858,454,
549,282168,159,878,502,
550,282348,160,880,529,
551,282667,279,874,525,
552,283026,219,853,520,
553,283364,120,1019,517,
554,283504,100,1012,514,
555,283704,100,1041,527,
556,284581,179,968,492,
557,284780,100,1011,485,
558,284900,100,1013,480,
559,285119,379,940,566,
560,285538,120,1024,558,
561,285757,239,1047,528,
562,286096,140,234,242,
563,286255,1416,293,206,
564,287731,199,520,213,
565,287950,140,499,214,
566,288110,538,500,214,
567,288668,1037,674,210,
568,289725,379,573,240,
569,290123,160,567,242,
570,290323,179,317,219,
571,290522,279,270,206,
572,290841,239,66,230,
573,291140,179,746,232,
574,291340,100,707,222,
575,291479,219,820,219,
576,291798,120,851,239,
577,291978,179,699,234,
578,292177,339,762,229,
579,292556,219,691,241,
580,292895,100,760,242,
581,293094,140,865,255,
582,296184,419,99,229,
583,297520,120,957,396,
584,298118,140,1040,612,
585,300451,219,703,187,
586,300730,339,422,462,
587,301129,100,532,426,
588,301268,199,536,427,
589,301488,219,538,511,
590,301727,139,377,460,
591,301926,239,59,207,
592,302225,140,38,215,
593,302385,638,89,210,
594,303043,199,42,214,
595,303282,219,83,190,
596,303521,279,107,224,
597,303820,498,270,221,
598,304339,219,305,223,
599,304718,319,60,223,
600,305057,379,103,222,
601,305515,299,559,445,
602,305834,279,426,450,
603,306153,299,507,466,
604,306512,199,602,496,
605,306911,100,369,606,
606,307110,120,396,606,
607,307290,359,451,615,
608,308147,279,528,598,
609,308645,140,529,675,
610,308805,140,538,680,
611,309044,140,524,679,
612,309243,180,519,740,
613,309483,499,517,592,
614,310081,119,635,666,
615,310260,239,622,654,
616,310519,160,669,655,
617,310918,199,656,700,
618,311317,159,596,727,
619,311496,120,661,678,
620,312134,180,674,688,
621,312513,359,506,736,
622,312992,139,540,708,
623,313151,139,489,733,
624,313311,100,500,723,
625,313430,139,486,744,
626,313590,379,529,692,
627,314008,100,532,694,
628,314407,120,617,774,
629,314666,119,478,621,
630,314846,120,499,601,
631,314985,100,504,592,
632,315105,199,509,599,
633,315324,359,513,591,
634,315883,199,421,550,
635,316182,219,382,590,
636,316421,140,384,586,
637,316580,199,477,587,
638,316879,120,523,600,
639,317039,120,519,602,
640,317238,159,449,622,
641,317498,159,471,551,
642,317717,299,470,524,
643,318375,159,595,487,
644,318554,120,595,485,
645,318714,299,656,477,
646,319272,100,543,521,
647,319411,279,575,470,
648,320329,379,608,470,
649,320727,160,727,450,
650,320927,219,667,493,
651,321266,140,768,558,
652,321425,120,675,551,
653,321864,100,601,562,
654,321983,279,586,561,
655,322821,139,629,643,
656,322980,239,590,629,
657,323240,120,606,620,
658,323379,139,556,622,
659,323578,140,656,664,
660,323798,219,608,632,
661,324436,219,657,476,
662,324715,100,578,632,
663,324834,578,608,640,
664,325692,160,642,670,
665,326031,180,268,178,
666,326290,140,533,631,
667,326469,379,544,640,
668,327526,100,607,649,
669,328005,159,596,588,
670,328204,259,599,567,
671,328483,578,584,493,
672,329081,160,652,477,
673,329560,159,580,481,
674,329739,279,616,466,
675,330058,180,509,479,
676,330257,100,462,523,
677,330377,339,455,518,
678,330736,140,438,531,
679,331035,319,636,486,
680,331932,159,114,227,
681,332211,120,519,547,
682,332351,299,572,534,
683,332670,120,566,551,
684,332849,180,600,480,
685,333069,120,526,554,
686,333268,120,477,630,
687,333567,120,504,592,
688,333707,100,559,600,
689,333846,140,470,601,
690,334105,319,504,599,
691,334604,139,503,599,
692,334763,379,503,614,
693,335401,199,470,668,
694,335720,159,499,701,
695,336000,120,485,690,
696,336239,160,573,677,
697,336418,100,477,674,
698,336538,120,475,680,
699,336817,219,475,683,
700,337076,259,471,683,
701,337355,279,481,676,
702,337734,399,532,547,
703,338213,140,488,690,
704,338372,459,499,598,
705,338851,159,476,677,
706,339110,120,641,665,
707,339389,120,452,665,
708,339588,459,511,592,
709,340067,140,510,591,
710,340326,140,475,619,
711,340485,100,441,711,
712,340725,319,458,685,
713,341163,100,548,597,
714,341323,219,601,601,
715,341662,100,595,604,
716,341921,140,625,591,
717,342120,219,593,591,
718,342479,259,508,512,
719,342758,120,510,532,
720,342898,279,498,612,
721,343217,140,505,588,
722,343456,439,471,585,
723,344174,180,519,488,
724,344493,100,533,492,
725,344672,199,498,498,
726,345091,140,507,488,
727,345370,159,503,486,
728,345550,379,502,492,
729,346008,319,486,624,
730,346666,498,473,563,
731,347184,159,484,547,
732,347404,179,463,675,
733,347902,518,533,499,
734,348859,180,523,508,
735,349158,319,515,602,
736,349497,159,512,604,
737,349736,180,499,573,
738,349936,100,483,569,
739,350255,219,471,693,
740,350494,140,402,699,
741,350733,180,413,613,
742,351371,100,604,687,
743,351491,179,581,648,
744,351710,179,594,722,
745,351910,100,569,715,
746,352587,199,91,202,
747,352807,199,48,222,
748,353026,578,44,222,
749,353644,100,255,223,
750,353764,239,369,232,
751,354103,1077,102,238,
752,355439,100,555,721,
753,355817,100,504,624,
754,356136,100,543,612,
755,356415,259,465,628,
756,356994,219,620,656,
757,357233,259,665,654,
758,358010,160,643,583,
759,358190,199,646,585,
760,358928,160,644,594,
761,359287,399,625,576,
762,359924,259,508,538,
763,360204,259,483,523,
764,360582,319,478,533,
765,360921,140,475,519,
766,361081,299,530,519,
767,361400,518,447,602,
768,361978,100,455,600,
769,362118,339,450,606,
770,362496,100,533,576,
771,362616,379,527,584,
772,363015,140,531,590,
773,363234,120,524,592,
774,363394,518,551,512,
775,363932,179,556,592,
776,364231,119,561,587,
777,364470,119,557,506,
778,364610,160,596,509,
779,364789,259,602,507,
780,365068,180,455,515,
781,365367,140,510,521,
782,365666,100,444,489,
783,365985,120,431,519,
784,366165,179,438,508,
785,366364,140,523,555,
786,366524,159,522,535,
787,366703,140,514,531,
788,367062,179,555,589,
789,367301,239,484,632,
790,367560,199,452,628,
791,367780,179,462,543,
792,367979,159,464,531,
793,368218,100,531,546,
794,368418,140,536,547,
795,368717,179,552,530,
796,368916,319,605,521,
797,369335,120,518,502,
798,369534,120,553,529,
799,370212,120,588,420,
800,370352,179,592,410,
801,370551,199,601,414,
802,370770,219,616,411,
803,371050,100,664,472,
804,371508,239,727,511,
805,371827,100,664,514,
806,372007,120,652,518,
807,372266,140,650,493,
808,372605,100,664,511,
809,372844,140,638,595,
810,373422,100,645,591,
811,373602,140,755,437,
812,373801,339,834,433,
813,374200,638,721,429,
814,375695,319,622,616,
815,376632,140,607,611,
816,377011,279,722,437,
817,377589,279,719,436,
818,377888,180,711,435,
819,378088,319,721,429,
820,378546,120,767,359,
821,378686,100,690,356,
822,378825,1037,680,349,
823,379882,578,668,349,
824,380480,319,704,401,
825,380819,498,674,363,
826,381377,279,717,425,
827,381676,379,730,437,
828,382294,100,662,520,
829,382793,100,744,487,
830,383211,199,593,516,
831,383590,120,549,526,
832,383730,180,516,613,
833,384009,140,525,609,
834,384168,199,522,596,
835,384507,140,443,565,
836,385026,219,538,614,
837,412001,419,588,361,
838,412659,120,518,439,
839,412799,140,511,429,
840,413038,239,418,543,
841,413297,399,461,529,
842,413895,140,391,523,
843,414394,239,525,550,
844,414992,100,580,537,
845,415191,518,593,514,
846,415749,219,588,519,
847,416049,379,501,417,
848,416447,120,488,399,
849,416607,199,475,575,
850,417145,179,600,557,
851,417384,140,454,505,
852,417544,419,445,497,
853,418002,518,585,483,
854,418541,160,502,458,
855,418740,120,586,482,
856,418880,319,594,471,
857,419219,140,597,455,
858,419378,518,559,483,
859,419916,140,468,539,
860,420076,219,480,510,
861,420415,439,593,480,
862,420873,319,670,516,
863,421372,100,749,502,
864,421571,120,688,470,
865,421731,120,684,464,
866,421990,100,552,495,
867,422109,180,556,481,
868,422349,179,554,491,
869,422648,179,503,497,
870,422887,120,463,210,
871,423047,100,329,173,
872,423206,299,203,169,
873,423864,140,501,495,
874,424024,120,499,500,
875,424163,100,570,513,
876,424562,140,494,512,
877,424741,319,578,497,
878,425120,279,627,502,
879,425419,159,551,451,
880,425599,199,580,407,
881,425818,379,660,401,
882,426217,299,568,412,
883,426536,199,611,404,
884,426755,100,618,417,
885,426875,160,641,407,
886,427233,299,547,421,
887,427572,498,374,418,
888,428111,259,453,398,
889,428410,120,524,394,
890,428549,120,684,346,
891,428689,359,699,345,
892,429108,259,412,404,
893,429466,239,458,411,
894,429766,119,509,402,
895,430065,518,409,405,
896,430603,239,459,373,
897,430862,120,505,341,
898,431002,239,549,306,
899,431261,139,586,318,
900,431520,100,490,517,
901,431799,100,581,500,
902,432058,159,423,504,
903,432258,180,421,506,
904,432497,100,506,509,
905,432636,140,509,499,
906,432856,120,486,382,
907,432995,518,470,328,
908,433633,139,465,337,
909,433793,140,471,328,
910,433952,578,551,296,
911,434550,977,565,297,
912,435587,120,396,448,
913,435787,319,423,426,
914,436125,160,412,527,
915,436305,100,410,503,
916,436684,718,396,423,
917,437461,100,406,433,
918,437621,239,391,503,
919,437880,120,394,505,
920,438040,159,386,514,
921,438219,339,380,503,
922,438578,120,354,444,
923,438717,279,351,429,
924,439415,957,348,429,
925,440472,399,363,365,
926,440911,159,406,343,
927,441190,239,446,340,
928,441469,200,537,329,
929,441688,239,456,387,
930,441947,319,545,382,
931,442286,219,511,387,
932,442825,140,418,354,
933,442984,120,331,369,
934,443283,179,513,304,
935,443542,219,436,390,
936,443801,279,518,391,
937,444101,259,515,396,
938,444380,678,419,347,
939,445077,379,424,355,
940,445476,399,346,425,
941,445895,478,372,431,
942,446393,159,369,434,
943,446573,439,427,500,
944,447111,100,501,524,
945,447271,698,415,516,
946,448028,219,402,527,
947,448387,379,470,531,
948,448786,259,544,527,
949,449065,100,459,450,
950,449284,558,458,447,
951,449862,180,535,626,
952,450102,199,576,559,
953,450560,299,493,688,
954,453092,120,463,525,
955,454109,100,588,505,
956,454308,100,507,519,
957,454428,100,500,507,
958,455485,199,537,423,
959,455744,179,640,422,
960,455943,120,592,413,
961,456103,239,586,413,
962,468584,120,647,579,
963,468883,279,609,572,
964,469182,199,612,579,
965,469421,140,672,594,
966,469780,100,585,519,
967,469979,498,548,501,
968,470518,100,729,621,
969,470697,120,701,586,
970,470996,120,753,602,
971,471594,159,805,528,
972,471873,399,676,654,
973,472292,120,669,655,
974,472432,219,665,639,
975,473309,100,695,668,
976,473608,100,619,613,
977,473728,219,633,682,
978,474007,219,678,651,
979,474426,100,625,673,
980,474645,160,705,657,
981,475083,140,594,593,
982,475243,279,631,571,
983,475542,179,699,592,
984,476379,239,685,660,
985,476858,120,569,539,
986,477177,179,676,530,
987,477376,100,682,547,
988,477556,120,625,588,
989,478353,180,502,106,
990,478652,100,692,545,
991,478951,120,693,498,
992,479111,120,795,504,
993,479450,499,765,495,
994,479968,259,770,454,
995,481164,159,818,501,
996,481483,100,799,500,
997,481663,120,665,620,
998,482002,120,719,641,
999,482719,140,683,586,
1000,483078,179,665,662,
1001,483278,179,723,445,
1002,483497,160,741,404,
1003,483676,139,750,536,
1004,483836,179,773,497,
1005,484035,179,844,509,
1006,484514,140,598,538,
1007,484673,179,580,491,
1008,484873,319,561,512,
1009,485212,180,620,507,
1010,485411,339,582,507,
1011,485770,379,607,485,
1012,486288,160,605,495,
1013,486567,140,556,503,
1014,486767,199,590,490,
1015,490356,120,594,350,
1016,490495,498,594,417,
1017,491013,199,601,416,
1018,491273,179,527,373,
1019,491472,219,493,334,
1020,492010,179,656,349,
1021,492210,339,664,435,
1022,492628,180,585,430,
1023,492908,439,645,541,
1024,493366,140,688,521,
1025,493645,100,626,546,
1026,493884,160,669,429,
1027,494064,180,672,437,
1028,494303,279,606,426,
1029,494602,279,659,433,
1030,494921,180,659,432,
1031,495200,219,656,438,
1032,495440,459,566,427,
1033,495998,199,579,420,
1034,496217,120,641,434,
1035,496357,658,706,382,
1036,497035,339,661,330,
1037,497393,339,762,334,
1038,497792,180,815,498,
1039,498091,119,735,506,
1040,498390,319,823,510,
1041,498809,199,621,419,
1042,499028,140,721,464,
1043,499188,100,785,510,
1044,499347,160,839,505,
1045,499527,160,746,506,
1046,499786,319,694,346,
1047,500125,478,653,340,
1048,500623,558,698,332,
1049,501221,279,693,261,
1050,501520,160,596,339,
1051,501700,279,574,319,
1052,501999,120,581,371,
1053,502139,120,587,367,
1054,502278,299,658,356,
1055,502617,239,611,280,
1056,502876,319,675,389,
1057,503275,100,608,266,
1058,503395,359,627,284,
1059,503813,458,574,317,
1060,504292,399,570,364,
1061,504711,259,644,368,
1062,504990,718,550,373,
1063,505727,279,550,369,
1064,506026,120,478,440,
1065,506186,379,487,372,
1066,506585,100,648,393,
1067,506784,259,671,377,
1068,507063,199,746,378,
1069,507302,498,647,382,
1070,507821,180,457,340,
1071,508060,139,571,376,
1072,508220,518,554,355,
1073,508758,339,496,379,
1074,509117,478,526,370,
1075,509615,219,519,339,
1076,509854,199,559,327,
1077,510074,618,456,341,
1078,510752,179,569,333,
1079,510951,120,568,336,
1080,511090,159,397,396,
1081,511270,200,453,380,
1082,511489,239,495,408,
1083,511848,479,369,417,
1084,512347,419,404,415,
1085,512845,179,501,404,
1086,513144,180,411,405,
1087,513343,339,500,348,
1088,513702,239,460,342,
1089,513962,459,592,331,
1090,514440,100,595,333,
1091,514560,259,684,340,
1092,514839,578,656,341,
1093,516673,100,530,335,0.39003375527426387
1094,516812,179,547,311,0.40253375527426405
1095,517052,120,582,427,0.3905337552742645
1096,517191,319,572,418,0.4220337552742639
1097,517849,140,759,491,0.24803375527426397
1098,518009,199,765,510,0.19153375527426375
1099,518428,219,771,508,0.312033755274264
1100,518707,279,695,514,0.2890337552742639
1101,519065,100,795,535,0.18853375527426364
1102,519225,160,637,583,0.14403375527426432
1103,519424,159,585,582,0.16503375527426423
1104,519604,479,579,579,0.22503375527426384
1105,520102,379,521,515,0.25203375527426397
1106,520501,179,550,459,0.27003375527426376
1107,520700,578,594,482,0.2860337552742638
1108,521298,120,590,467,0.354533755274264
1109,521817,140,567,424,0.25253375527426414
1110,521976,219,560,437,0.3180337552742638
1111,522216,478,614,437,0.3250337552742639
1112,522714,279,556,431,0.30153375527426407
1113,523053,139,589,417,0.3200337552742636
1114,523213,140,546,392,0.3430337552742637
1115,523472,279,493,382,0.322533755274264
1116,523771,279,554,385,0.3045337552742642
1117,524209,100,487,384,0.2835337552742643
1118,524508,498,670,428,0.26703375527426365
1119,525047,140,513,386,0.31903375527426414
1120,525306,419,479,383,0.3555337552742639
1121,525764,160,542,345,0.29853375527426396
1122,525964,120,543,344,0.26503375527426387
1123,526123,120,472,403,0.28003375527426355
1124,526263,239,468,389,0.2790337552742641
1125,526542,199,308,330,0.2115337552742642
1126,526801,179,416,402,0.20003375527426437
1127,527001,279,355,453,0.20003375527426437
1128,527320,259,486,484,0.22203375527426372
1129,527599,199,543,492,0.2505337552742639
1130,527818,199,504,480,0.26653375527426393
1131,528097,279,558,483,0.29553375527426384
1132,528396,140,478,651,0.3180337552742638
1133,528596,140,519,681,0.292033755274264
1134,528795,180,572,693,0.29853375527426396
1135,529014,459,390,590,0.34603375527426383
1136,529493,120,510,515,0.29853375527426396
1137,529632,199,473,479,0.36203375527426385
1138,529852,239,552,479,0.3175337552742641
1139,530191,140,389,444,0.30603375527426424
1140,530350,160,431,471,0.3315337552742643
1141,530530,160,449,370,0.3045337552742642
1142,530789,239,502,397,0.280033755274264
1143,531088,140,532,382,0.3130337552742639
1144,531287,199,463,379,0.3150337552742637
1145,531506,359,422,350,0.35503375527426373
1146,531885,199,518,321,0.35703375527426395
1147,532105,299,519,314,0.338533755274264
1148,532444,319,650,338,0.30203375527426424
1149,532882,140,740,345,0.2265337552742639
1150,533082,179,635,396,0.24803375527426397
1151,533480,299,566,429,0.2815337552742636
1152,533939,160,498,510,0.24153375527426446
1153,534138,259,524,517,0.21103375527426405
1154,534517,140,705,406,0.23596624472573557
1155,534876,100,591,452,0.2005337552742641
1156,535035,818,525,498,0.2590337552742641
1157,535933,120,566,425,0.24503375527426385
1158,536072,458,448,530,0.23603375527426396
1159,536551,219,492,517,0.16303375527426356
1160,536830,100,408,448,0.18453375527426408
1161,536949,379,410,450,0.17003375527426412
1162,537388,179,427,630,0.1320337552742643
1163,537587,239,387,452,0.16853375527426406
1164,537926,120,139,262,0.08253375527426376
1165,538066,478,46,220,0.09553375527426367
1166,538624,219,394,370,0.1135337552742639
1167,538923,179,448,367,0.13553375527426414
1168,539123,199,445,349,0.19203375527426392
1169,539342,518,412,348,0.21853375527426389
1170,539920,100,465,326,0.24853375527426413
1171,540040,219,501,262,0.213533755274264
1172,540279,279,531,312,0.2635337552742638
1173,540618,638,552,311,0.3285337552742642
1174,541316,179,677,272,0.32703375527426415
1175,541535,199,601,284,0.29553375527426384
1176,541754,299,629,286,0.37803375527426386
1177,542073,120,677,298,0.4085337552742643
1178,542233,120,681,290,0.36903375527426396
1179,542412,359,633,287,0.40453375527426383
1180,542871,518,721,320,0.3340337552742638
1181,543449,100,540,388,0.3355337552742639
1182,543569,239,577,374,0.37103375527426374
1183,543828,219,647,370,0.3760337552742641
1184,544227,120,375,495,0.33903375527426416
1185,544366,219,396,441,0.3630337552742642
1186,544625,518,403,541,0.3760337552742641
1187,545303,479,391,535,0.33203375527426404
1188,545802,219,443,632,0.2890337552742639
1189,546101,678,415,635,0.2820337552742638
1190,546799,140,416,626,0.28153375527426405
1191,547018,160,423,586,0.30053375527426374
1192,547237,199,409,533,0.3260337552742638
1193,547456,180,398,469,0.32003375527426403
1194,547656,180,397,482,0.2870337552742641
1195,548154,359,375,694,0.2500337552742642
1196,548732,239,494,730,0.18953375527426397
1197,548992,538,518,654,0.15853375527426428
1198,549550,140,566,648,0.13553375527426414
1199,549709,259,504,691,0.1720337552742639
1200,550148,120,548,690,0.22446624472573573
1201,550527,120,360,586,0.1135337552742639
1202,550906,139,671,560,0.16603375527426412
1203,551105,140,619,561,0.07903375527426393
1204,551564,120,611,561,0.159033755274264
1205,551723,120,626,561,0.229533755274264
1206,552501,199,588,619,0.18896624472573587
1207,554056,120,880,495,0.23096624472573657
1208,554694,179,731,673,0.165466244725736
1209,555352,120,743,659,0.18996624472573576
1210,557684,180,744,481,0.1674662447257358
1211,557904,279,741,470,0.094966244725736
1212,558203,100,735,462,0.07696624472573621
1213,558362,180,811,456,0.048466244725735574
1214,558681,279,833,456,0.21746624472573606
1215,559000,339,746,521,0.15696624472573584
1216,559379,160,784,484,0.17046624472573635
1217,559618,359,736,675,0.2209662447257359
1218,560256,180,763,680,0.1354662447257362
1219,560555,100,774,652,0.09896624472573601
1220,560954,120,756,589,0.10596624472573568
1221,561253,100,755,717,0.2394662447257363
1222,561453,120,715,726,0.26396624472573604
1223,562110,159,710,576,0.07146624472573615
1224,562430,140,585,612,0.07946624472573616
1225,562988,159,637,598,0.104533755274264
1226,563167,199,529,607,0.21403375527426416
1227,563386,259,548,620,0.20903375527426382
1228,563706,279,544,617,0.159033755274264
1229,564005,140,551,603,0.1760337552742639
1230,564184,160,646,734,0.15953375527426372
1231,564363,179,636,676,0.0835337552742641
1232,564962,160,711,697,0.12053375527426402
1233,565161,159,622,702,0.11196624472573591
1234,565360,359,628,687,0.08646624472573583
1235,565759,140,641,693,0.07996624472573588
1236,566676,120,728,745,0.10096624472573623
1237,566856,140,726,761,0.12646624472573587
1238,567015,140,729,757,0.11646624472573608
1239,567214,160,565,775,0.1089662447257358
1240,567394,179,591,775,0.2209662447257359
1241,567673,120,630,685,0.22146624472573606
1242,568251,479,765,714,0.2694662447257361
1243,568750,180,658,747,0.10053375527426445
1244,568949,279,575,767,0.10103375527426417
1245,569368,100,703,775,0.07546624472573571
1246,569487,139,731,767,0.07746624472573593
1247,569747,180,114,236,0.12603375527426364
1248,569946,140,48,227,0.18153375527426396
1249,570106,419,84,237,0.1850337552742638
1250,570644,179,710,703,0.1330337552742642
1251,571042,140,731,706,0.104533755274264
1252,571302,120,753,703,0.12396624472573636
1253,571461,299,671,769,0.14296624472573605
1254,571780,140,574,740,0.15746624472573645
1255,571960,180,719,720,0.0959662447257359
1256,572338,977,710,702,0.23496624472573613
1257,573355,100,695,778,0.19846624472573593
1258,573535,179,647,764,0.18596624472573575
1259,573834,120,804,624,0.1404662447257361
1260,573973,100,803,615,0.08096624472573621
1261,574133,140,701,675,0.09246624472573606
1262,574332,120,737,712,0.054533755274264184
1263,574532,100,766,703,0.06703375527426436
1264,574671,140,833,608,0.11403375527426407
1265,574930,279,903,613,0.221533755274264
1266,575469,339,542,732,0.145466244725736
1267,575827,279,626,696,0.10446624472573651
1268,576226,100,681,691,0.05296624472573619
1269,576366,498,577,619,0.06946624472573637
1270,576884,120,654,629,0.017533755274264262
1271,577024,120,656,614,0.10496624472573624
1272,577323,239,544,759,0.058533755274263743
1273,577642,259,565,756,0.21246624472573616
1274,577921,818,571,746,0.161466244725736
1275,578758,239,489,752,0.2209662447257359
1276,579018,179,481,734,0.16446624472573612
1277,579217,279,533,719,0.11846624472573586
1278,579516,199,679,795,0.2129662447257359
1279,579915,339,514,789,0.2109662447257361
1280,580513,139,515,628,0.23346624472573607
1281,580712,120,478,607,0.03396624472573562
1282,580931,180,530,618,0.07196624472573587
1283,581151,120,671,701,0.0729662447257362
1284,581450,160,609,696,0.11346624472573597
1285,581968,160,463,691,0.0875337552742641
1286,582307,120,464,692,0.08453375527426354
1287,582447,259,386,695,0.12953375527426436
1288,582726,159,502,643,0.059033755274264355
1289,583005,100,440,652,0.07196624472573587
1290,583204,120,569,615,0.1039662447257359
1291,583344,339,611,624,0.08146624472573594
1292,583902,219,72,208,0.14303375527426399
1293,584201,120,587,534,0.08403375527426427
1294,584401,279,524,619,0.090966244725736
1295,584859,319,571,609,0.09503375527426394
1296,585218,199,563,611,0.14853375527426405
1297,585437,160,519,608,0.1330337552742642
1298,585617,319,519,615,0.13203375527426386
1299,585956,239,519,613,0.12603375527426408
1300,586315,239,528,597,0.3099662447257363
1301,586753,379,522,615,0.5899662447257366
1302,587172,419,619,555,0.12353375527426413
1303,587810,140,601,535,0.2035337552742642
1304,587969,379,615,541,0.17853375527426385
1305,588807,219,53,203,0.24053375527426413
1306,589046,359,47,237,0.20803375527426393
1307,589425,578,90,221,0.18603375527426413
1308,590123,160,52,220,0.1095337552742639
1309,590402,100,600,574,0.0779662447257361
1310,590761,120,483,653,0.07953375527426365
1311,590900,120,499,615,0.09796624472573612
1312,591040,160,533,621,0.08303375527426393
1313,591259,219,556,609,0.05996624472573586
1314,591498,100,577,614,0.05603375527426424
1315,591618,180,591,604,0.06603375527426403
1316,591817,359,639,557,0.10296624472573646
1317,592296,120,544,597,0.08553375527426388
1318,592515,259,583,616,0.0699662447257361
1319,592814,259,475,669,0.06303375527426391
1320,593093,299,529,603,0.11103375527426396
1321,593492,100,529,602,0.11953375527426369
1322,593731,100,1061,601,0.09003375527426405
1323,594130,100,104,228,0.1980337552742637
1324,594270,199,38,220,0.16303375527426356
1325,594549,439,473,170,0.11103375527426396
1326,595067,199,63,221,0.13753375527426437
1327,595286,239,105,226,0.06153375527426386
1328,595566,160,301,218,0.033533755274264276
1329,595745,678,262,224,0.06603375527426403
1330,596463,120,546,204,0.04853375527426396
1331,596941,120,1020,448,0.11596624472573591
1332,597260,100,1034,248,0.08953375527426433
1333,597440,199,988,555,0.19896624472573565
1334,597799,120,1047,643,0.1039662447257359
1335,598317,259,1048,235,0.09903375527426395
1336,598616,179,1046,233,0.09696624472573623
1337,598835,259,1110,216,0.06403375527426425
1338,599134,379,1098,212,0.05596624472573586
1339,599573,100,1114,577,0.10596624472573568
1340,599792,100,1035,539,0.06696624472573598
1341,599912,159,1014,612,0.11396624472573569
1342,600091,179,989,560,0.07146624472573615
1343,600351,120,849,689,0.13446624472573587
1344,600690,100,826,472,0.262466244725736
1345,600889,140,861,497,0.07403375527426403
1346,601308,259,911,480,0.07653375527426443
1347,601587,139,847,512,0.06796624472573587
1348,601786,140,840,503,0.0739662447257361
1349,602005,179,760,461,0.11403375527426407
1350,602225,140,770,427,0.12103375527426419
1351,602384,199,842,388,0.13953375527426415
1352,602783,100,869,302,0.1730337552742638
1353,603381,239,819,388,0.1965337552742641
1354,603740,419,842,406,0.13353375527426392
1355,604518,120,795,338,0.12303375527426397
1356,604697,140,795,341,0.18853375527426408
1357,605136,140,944,363,0.18703375527426402
1358,605614,239,973,371,0.1410337552742642
1359,605973,120,1009,417,0.1355337552742637
1360,606172,100,1022,418,0.08103375527426371
1361,606292,339,895,350,0.096533755274264
1362,606691,140,915,377,0.14246624472573588
1363,606970,160,816,426,0.09853375527426378
1364,607149,179,762,437,0.07503375527426437
1365,607588,339,820,531,0.09953375527426411
1366,608445,399,700,109,0.21903375527426405
1367,609063,100,752,95,0.276033755274264
1368,609342,140,309,459,0.18903375527426425
1369,609522,199,400,487,0.15753375527426394
1370,609741,120,520,601,0.10203375527426362
1371,609960,120,387,593,0.14453375527426404
1372,610100,180,324,628,0.18153375527426396
1373,610299,279,331,627,0.14453375527426404
1374,610638,120,386,616,0.08996624472573611
1375,610778,538,401,623,0.22146624472573606
1376,611356,259,421,622,0.21646624472573572
1377,611635,100,467,592,0.14446624472573566
1378,611755,160,461,588,0.12696624472573603
1379,611934,299,387,630,0.10753375527426412
1380,612433,160,452,576,0.45446624472573616
1381,612652,219,520,586,0.13446624472573587
1382,612891,319,536,572,0.10853375527426401
1383,613290,339,457,596,0.1225337552742638
1384,613649,239,410,659,0.11996624472573592
1385,614147,259,429,674,0.137466244725736
1386,614506,160,487,669,0.18096624472573586
1387,614706,100,489,669,0.24996624472573625
1388,614865,319,518,585,0.23246624472573574
1389,615204,379,493,641,0.13846624472573632
1390,615643,160,506,636,0.07103375527426392
1391,615822,439,445,642,0.11703375527426418
1392,616340,179,483,626,0.11403375527426363
1393,616580,100,478,640,0.029033755274264106
1394,616699,159,512,621,0.10953375527426434
1395,616978,199,512,619,0.08146624472573594
1396,617198,100,526,606,0.06303375527426391
1397,617317,140,520,626,0.0835337552742641
1398,617477,478,527,618,0.1559662447257364
1399,618075,120,523,565,0.09353375527426389
1400,618254,219,568,561,0.0510337552742639
1401,618494,160,585,564,0.09203375527426383
1402,618673,180,630,564,0.08253375527426376
1403,618992,199,574,544,0.11803375527426363
1404,619311,439,520,482,0.16453375527426362
1405,619770,179,571,556,0.1360337552742643
1406,619969,100,565,554,0.12903375527426375
1407,620109,140,540,557,0.052533755274263516
1408,620388,159,490,472,0.16553375527426395
1409,620567,279,523,462,0.1915337552742642
1410,620886,259,591,481,0.19453375527426386
1411,621165,100,467,457,0.1800337552742639
1412,621305,239,485,391,0.17753375527426396
1413,621564,279,480,386,0.1355337552742637
1414,621863,100,473,513,0.16653375527426384
1415,621983,100,491,485,0.15203375527426433
1416,622102,259,529,481,0.14803375527426388
1417,622461,299,479,365,0.11253375527426401
1418,622940,140,1117,443,0.06596624472573565
1419,623159,339,1013,380,0.16853375527426406
1420,623558,179,1179,687,0.10303375527426395
1421,624415,140,757,477,0.14696624472573605
1422,624754,219,669,553,0.20746624472573583
1423,625153,179,722,594,0.24196624472573625
1424,625352,140,789,489,0.2469662447257357
1425,625771,160,731,625,0.23096624472573568
1426,625990,239,772,391,0.15096624472573605
1427,626389,100,755,559,0.2599662447257365
1428,626668,199,773,501,0.10846624472573607
1429,627047,180,831,514,0.06303375527426391
1430,627246,299,859,524,0.1890337552742638
1431,627844,100,707,585,0.23003375527426373
1432,628044,399,685,491,0.24653375527426347
1433,628542,179,773,649,0.24803375527426397
1434,628762,199,779,523,0.23103375527426406
1435,628981,140,746,489,0.23803375527426374
1436,629380,180,828,508,0.15853375527426428
1437,629579,239,875,486,0.2150337552742636
1438,629838,100,818,501,0.14803375527426388
1439,629978,100,730,628,0.08746624472573616
1440,630357,259,880,551,0.09053375527426377
1441,630855,160,802,655,0.0729662447257362
1442,631234,140,832,674,0.06953375527426386
1443,631453,160,807,579,0.39196624472573616
1444,631652,100,711,631,0.14503375527426376
1445,632111,100,685,703,0.10596624472573568
1446,632470,180,825,646,0.12053375527426402
1447,632829,140,658,258,0.10153375527426389
1448,633228,180,656,190,0.23153375527426379
1449,633447,259,287,460,0.213533755274264
1450,633925,100,428,499,0.1315337552742637
1451,634484,279,488,365,0.25153375527426425
1452,634783,219,489,485,0.23653375527426368
1453,635142,100,530,482,0.17253375527426407
1454,635540,159,515,467,0.21803375527426416
1455,636338,279,822,704,0.17246624472573613
1456,636657,180,836,692,0.2184662447257364
1457,636856,180,845,699,0.17596624472573597
1458,637056,379,812,733,0.15896624472573606
1459,637474,139,837,723,0.2149662447257361
1460,637674,140,796,726,0.3609662447257356
1461,638072,259,836,713,0.23846624472573597
1462,638351,479,829,707,0.24596624472573625
1463,638850,259,857,703,0.22446624472573573
1464,639887,339,835,692,0.165466244725736
1465,641183,179,804,731,0.15446624472573633
1466,641502,120,777,725,0.13646624472573565
1467,641641,180,784,655,0.0649662447257362
1468,641980,139,777,707,0.06303375527426391
1469,642180,239,784,715,0.09003375527426405
1470,642538,319,791,781,0.09446624472573628
1471,642877,139,782,794,0.09296624472573578
1472,643037,100,786,789,0.12296624472573603
1473,643156,199,735,774,0.12696624472573648
1474,643376,359,775,810,0.16996624472573574
1475,643894,120,846,816,0.13296624472573582
1476,644054,180,960,741,0.1544662447257359
1477,644253,399,900,745,0.18046624472573614
1478,644871,239,851,631,0.22146624472573562
1479,645629,180,691,680,0.1364662447257361
1480,645928,120,673,681,0.10796624472573546
1481,646227,140,714,723,0.07096624472573643
1482,646566,239,731,684,0.13446624472573587
1483,647044,100,722,715,0.11846624472573586
1484,647244,100,796,650,0.19046624472573592
1485,647941,100,675,732,0.10446624472573607
1486,648061,140,665,749,0.04996624472573652
1487,648280,120,750,707,0.08496624472573622
1488,648420,179,745,705,0.050033755274264013
1489,648859,279,785,630,0.10353375527426367
1490,649676,279,734,727,0.18396624472573597
1491,650115,199,772,640,0.16196624472573573
1492,650434,199,809,611,0.13496624472573604
1493,651092,100,746,712,0.15296624472573628
1494,651231,179,750,716,0.153466244725736
1495,651430,120,761,723,0.06253375527426375
1496,651789,199,751,705,0.06603375527426403
1497,652068,140,814,715,0.0729662447257362
1498,652368,179,766,721,0.207966244725736
1499,652667,199,741,703,0.11346624472573597
1500,652886,399,722,639,0.1504662447257359
1501,653484,618,722,633,0.10846624472573607
1502,654302,199,717,641,0.0705337552742642
1503,654860,199,744,705,0.1364662447257361
1504,655558,140,754,719,0.082966244725736
1505,655896,239,773,709,0.05896624472573597
1506,656176,120,785,707,0.07896624472573599
1507,656315,219,771,704,0.10696624472573601
1508,656554,120,772,703,0.2004662447257357
1509,656694,239,772,716,0.18196624472573575
1510,657013,140,824,690,0.13796624472573615
1511,658448,179,854,651,0.0650337552742637
1512,658688,100,700,676,0.13103375527426397
1513,658847,100,719,679,0.12346624472573575
1514,658987,180,719,668,0.17953375527426418
1515,659286,160,753,658,0.104533755274264
1516,659545,279,769,739,0.09803375527426406
1517,660103,120,683,679,0.1825337552742643
1518,660342,180,720,688,0.10996624472573613
1519,660542,120,804,639,0.0560337552742638
1520,660881,100,850,643,0.13703375527426376
1521,661260,219,855,623,0.1995337552742642
1522,661559,100,826,619,0.16903375527426379
1523,661678,140,838,620,0.19203375527426436
1524,661858,159,856,621,0.24353375527426424
1525,662037,100,765,600,0.20153375527426398
1526,662237,219,797,624,0.23653375527426368
1527,662655,120,777,628,0.1380337552742641
1528,663094,199,750,563,0.22003375527426394
1529,663752,120,786,554,0.342533755274264
1530,664350,159,836,544,0.2860337552742638
1531,664629,140,861,567,0.22003375527426394
1532,665008,120,688,557,0.100533755274264
1533,665785,180,876,712,0.06453375527426397
1534,665985,239,877,734,0.07903375527426393
1535,666404,259,829,534,0.1840337552742639
1536,666702,259,820,531,0.14403375527426387
1537,667181,239,864,524,0.1500337552742641
1538,667540,140,667,580,0.24203375527426418
1539,667699,120,649,552,0.2005337552742641
1540,667839,339,641,545,0.3040337552742636
1541,668198,219,630,602,0.27203375527426354
1542,668995,100,668,582,0.16753375527426373
1543,669294,219,656,628,0.19396624472573576
1544,669594,239,783,634,0.14053375527426404
1545,669932,139,701,645,0.10153375527426389
1546,670491,120,704,646,0.2764662447257362
1547,670690,179,592,261,0.1540337552742641
1548,670929,140,598,232,0.14403375527426432
1549,671089,319,600,219,0.2545337552742639
1550,671787,139,436,497,0.09953375527426411
1551,671966,399,506,455,0.20753375527426376
1552,672385,159,574,477,0.2435337552742638
1553,672584,199,517,473,0.2165337552742641
1554,672843,279,616,472,0.159033755274264
1555,673282,140,888,614,0.033466244725735894
1556,674000,339,820,532,0.07703375527426415
1557,674378,160,875,504,0.12553375527426391
1558,674578,160,820,570,0.12053375527426402
1559,675116,120,809,658,0.14346624472573577
1560,675355,199,799,694,0.12096624472573625
1561,675834,199,817,555,0.489966244725736
1562,676053,179,792,546,0.4219662447257355
1563,676572,140,846,543,0.2604662447257362
1564,676751,698,759,815,0.30596624472573586
1565,677469,439,812,709,0.30496624472573597
1566,677927,140,834,660,0.1924662447257357
1567,678466,140,813,526,0.16296624472573606
1568,678625,279,810,531,0.11096624472573602
1569,678924,199,819,604,0.22696624472573612
1570,679323,179,747,504,0.14996624472573616
1571,679762,140,827,658,0.09396624472573611
1572,680120,219,819,689,0.20246624472573593
1573,680360,159,797,707,0.1664662447257359
1574,680818,199,786,692,0.29296624472573596
1575,681038,100,780,690,0.23096624472573568
1576,681576,179,688,718,0.4869662447257359
1577,681775,598,783,753,0.2684662447257362
1578,682493,159,679,672,0.1379662447257357
1579,682692,120,650,649,0.10103375527426417
1580,682832,219,660,657,0.08203375527426404
1581,683889,179,656,615,0.06953375527426386
1582,684367,180,631,614,0.1175337552742639
1583,684706,140,650,585,0.16903375527426423
1584,684965,319,647,569,0.19453375527426386
1585,685324,160,644,558,0.11253375527426401
1586,685783,159,647,563,0.11603375527426385
1587,685982,219,686,517,0.21103375527426405
1588,686500,120,635,659,0.07653375527426398
1589,686660,419,649,664,0.11546624472573574
1590,687178,180,702,646,0.07646624472573604
1591,687378,120,716,659,0.16896624472573585
1592,687517,219,720,729,0.14396624472573594
1593,687757,120,719,706,0.15946624472573578
1594,688753,100,762,591,0.14153375527426393
1595,689072,159,729,585,0.21403375527426416
1596,689272,319,745,501,0.20553375527426399
1597,689611,319,736,491,0.2450337552742643
1598,690109,120,706,493,0.2445337552742637
1599,690548,120,750,488,0.2240337552742644
1600,690867,120,728,508,0.27003375527426376
1601,691046,199,823,521,0.26203375527426376
1602,691285,160,777,409,0.268033755274264
1603,691465,199,829,426,0.3535337552742641
1604,691684,239,861,452,0.24503375527426385
1605,692382,299,737,602,0.21003375527426416
1606,692741,139,699,603,0.19503375527426403
1607,692980,140,687,585,0.18353375527426374
1608,693638,120,777,646,0.15703375527426422
1609,693778,239,790,652,0.1760337552742639
1610,694236,100,712,650,0.2035337552742642
1611,694356,159,715,673,0.1320337552742643
1612,694735,100,741,610,0.11503375527426352
1613,695333,140,780,657,0.1695337552742644
1614,695512,120,819,654,0.15253375527426405
1615,695652,159,810,669,0.11353375527426435
1616,695971,139,850,665,0.09396624472573611
1617,696130,299,855,689,0.0915337552742641
1618,696689,139,858,599,0.04453375527426395
1619,697187,239,813,781,0.12103375527426374
1620,697785,459,874,707,0.13653375527426403
1621,698463,259,810,786,0.10696624472573601
1622,698762,140,858,688,0.16296624472573606
1623,698922,140,847,700,0.19796624472573576
1624,699161,718,816,769,0.25096624472573614
1625,700038,399,829,766,0.23146624472573585
1626,700477,179,725,821,0.30996624472573586
1627,700676,339,795,851,0.2149662447257361
1628,701035,199,930,815,0.14096624472573627
1629,701254,399,901,811,0.2419662447257358
1630,701832,179,785,727,0.15996624472573595
1631,702072,140,761,697,0.223966244725736
1632,702351,219,782,685,0.11196624472573591
1633,702610,120,801,679,0.08946624472573594
1634,702750,179,786,691,0.19696624472573587
1635,703029,100,801,698,0.18696624472573609
1636,703846,140,640,259,0.18953375527426397
1637,704046,279,639,250,0.3125337552742642
1638,704524,478,487,407,0.3340337552742638
1639,705022,179,484,359,0.2810337552742639
1640,705222,219,487,353,0.3630337552742642
1641,705541,100,508,442,0.3380337552742638
1642,705880,160,584,485,0.13903375527426398
1643,706119,180,447,489,0.14203375527426365
1644,706558,199,408,507,0.049966244725736075
1645,706956,100,534,454,0.07496624472573599
1646,707415,299,887,799,0.3514662447257355
1647,707734,160,850,807,0.3509662447257358
1648,707933,140,849,812,0.3229662447257362
1649,708252,100,813,792,0.6544662447257363
1650,708372,339,798,764,0.30096624472573597
1651,708731,379,751,760,0.29796624472573585
1652,709229,179,853,743,0.153466244725736
1653,709429,299,876,742,0.1744662447257359
1654,709867,180,813,665,0.1265337552742638
1655,710725,139,770,855,0.07646624472573604
1656,710884,179,741,844,0.10646624472573629
1657,711123,319,825,839,0.1689662447257363
1658,711462,199,826,843,0.18096624472573586
1659,711682,179,829,840,0.10696624472573601
1660,711881,120,830,834,0.18246624472573592
1661,712020,738,793,844,0.203966244725736
1662,712838,359,825,807,0.18596624472573575
1663,713416,120,724,671,0.141466244725736
1664,713615,479,729,662,0.15853375527426428
1665,714114,179,727,665,0.14303375527426399
1666,714313,219,743,645,0.16553375527426395
1667,714553,279,736,652,0.21103375527426405
1668,714931,319,707,589,0.17553375527426374
1669,715609,100,779,580,0.253533755274264
1670,715809,199,845,564,0.16753375527426417
1671,716108,100,663,595,0.19603375527426392
1672,716407,179,862,710,0.24203375527426418
1673,716626,279,791,582,0.17153375527426418
1674,716945,100,794,574,0.11296624472573624
1675,717065,259,800,568,0.155033755274264
1676,717404,199,849,760,0.13753375527426392
1677,717703,100,781,573,0.0470337552742639
1678,717942,179,840,578,0.06853375527426397
1679,718141,100,805,578,0.09753375527426433
1680,718361,140,847,581,0.2245337552742641
1681,718640,180,754,569,0.2610337552742643
1682,718839,160,761,586,0.19103375527426403
1683,719258,120,731,773,0.20553375527426399
1684,719417,159,750,745,0.163033755274264
1685,719597,239,795,747,0.1475337552742637
1686,720016,259,845,739,0.15353375527426394
1687,720314,199,923,728,0.15503375527426444
1688,720653,120,842,728,0.21303375527426383
1689,720933,259,676,739,0.1965337552742641
1690,721272,259,771,746,0.24903375527426386
1691,721750,120,768,754,0.1355337552742637
1692,721929,140,746,712,0.1825337552742643
1693,722229,100,811,647,0.2060337552742637
1694,722428,140,811,629,0.3125337552742642
1695,722647,239,764,638,0.2915337552742643
1696,722966,498,921,782,0.21053375527426388
1697,723883,140,927,779,0.213533755274264
1698,724103,498,929,778,0.16903375527426379
1699,724621,179,951,777,0.14403375527426387
1700,725000,100,796,635,0.16303375527426445
1701,725299,319,783,634,0.24203375527426418
1702,725698,199,823,628,0.26853375527426415
1703,726635,140,785,652,0.19503375527426403
1704,726794,160,777,633,0.175033755274264
1705,726974,279,740,554,0.17953375527426418
1706,727273,120,791,543,0.14803375527426432
1707,727532,319,756,532,0.3045337552742642
1708,727891,100,811,531,0.3260337552742638
1709,728608,239,813,523,0.1970337552742638
1710,728868,100,814,542,0.23503375527426407
1711,728987,219,863,524,0.2895337552742636
1712,729326,379,789,534,0.27953375527426383
1713,729725,239,803,541,0.253533755274264
1714,729984,100,816,546,0.2725337552742637
1715,730104,100,822,545,0.2835337552742643
1716,730223,140,817,554,0.30553375527426363
1717,731001,100,880,779,0.2005337552742641
1718,731699,159,787,581,0.24603375527426374
1719,732018,120,816,553,0.24903375527426386
1720,732496,100,748,632,0.155033755274264
1721,732616,179,747,657,0.22003375527426394
1722,732915,259,739,652,0.22103375527426383
1723,733254,179,762,703,0.18953375527426397
1724,733653,499,751,654,0.21203375527426394
1725,734171,100,747,646,0.19453375527426386
1726,734291,140,784,636,0.14503375527426376
1727,734550,120,738,663,0.12703375527426397
1728,734849,199,780,632,0.18853375527426408
1729,735666,259,642,703,0.2270337552742645
1730,735946,219,643,687,0.3720337552742641
1731,736185,100,794,629,0.37103375527426374
1732,736304,140,822,602,0.3885337552742638
1733,736703,100,617,684,0.21803375527426416
1734,736823,160,640,685,0.16903375527426379
1735,737042,279,619,696,0.1985337552742643
1736,737341,239,692,700,0.19253375527426408
1737,737600,140,666,685,0.2490337552742643
1738,738059,120,736,698,0.30103375527426435
1739,738258,179,819,624,0.19053375527426386
1740,738458,140,827,617,0.17853375527426385
1741,738757,140,776,631,0.2480337552742644
1742,739215,160,803,681,0.13253375527426403
1743,739674,199,739,701,0.1940337552742637
1744,740092,120,774,750,0.06446624472573648
1745,740312,279,781,651,0.17403375527426368
1746,740710,359,684,713,0.23403375527426373
1747,741089,100,672,739,0.17453375527426385
1748,741229,140,689,758,0.20253375527426387
1749,741707,100,681,741,0.10353375527426367
1750,741827,100,692,741,0.11946624472573575
1751,741947,219,711,762,0.21746624472573606
1752,742186,100,718,756,0.137466244725736
1753,742346,120,693,758,0.1175337552742639
1754,742485,180,744,759,0.10346624472573573
1755,743083,139,872,780,0.1380337552742641
1756,743482,239,849,742,0.092533755274264
1757,743801,120,733,858,0.1330337552742642
1758,743940,120,778,876,0.1405337552742636
1759,744080,100,768,874,0.1305337552742638
1760,744200,259,727,808,0.14853375527426405
1761,744698,319,737,769,0.17953375527426418
1762,745037,359,743,776,0.2809662447257355
1763,745416,239,850,748,0.1624662447257359
1764,745675,100,863,749,0.14246624472573632
1765,745814,379,870,747,0.10596624472573568
1766,746313,279,879,740,0.1169662447257358
1767,746612,100,831,742,0.12303375527426397
1768,746911,100,762,869,0.31846624472573604
1769,747529,140,720,719,0.13853375527426381
1770,747788,160,713,716,0.11653375527426357
1771,748167,180,709,683,0.16653375527426428
1772,748426,379,725,668,0.20403375527426393
1773,748825,140,702,688,0.20553375527426399
1774,749004,100,699,680,0.21953375527426378
1775,749124,140,703,678,0.25303375527426386
1776,749463,120,677,747,0.14753375527426416
1777,749682,159,766,734,0.2110337552742636
1778,749862,100,796,714,0.33003375527426426
1779,750121,319,864,746,0.2660337552742642
1780,750580,199,920,730,0.09753375527426389
1781,750819,618,795,747,0.3639662447257366
1782,751576,618,777,750,0.25146624472573587
1783,752354,100,882,761,0.12703375527426397
1784,752474,419,907,777,0.16903375527426423
1785,752912,179,944,781,0.15953375527426372
1786,753112,279,945,784,0.20153375527426354
1787,753610,140,825,658,0.27403375527426377
1788,753849,120,770,624,0.21553375527426377
1789,754348,319,874,790,0.2500337552742642
1790,754766,259,916,783,0.2100337552742637
1791,755145,120,913,779,0.1339662447257357
1792,755285,259,873,774,0.41546624472573646
1793,755584,199,857,722,0.23246624472573574
1794,755803,140,655,717,0.12953375527426392
1795,756242,120,726,695,0.22003375527426394
1796,756601,259,1014,799,0.2475337552742638
1797,756900,180,1004,788,0.26103375527426387
1798,757099,160,977,690,0.1900337552742637
1799,757338,279,972,678,0.20903375527426382
1800,757737,120,1017,717,0.268033755274264
1801,757877,160,1017,726,0.2115337552742642
1802,758056,100,1018,715,0.1745337552742643
1803,758335,199,925,878,0.17553375527426418
1804,758574,279,867,878,0.11253375527426401
1805,758993,319,952,874,0.1825337552742643
1806,759332,179,929,871,0.11403375527426363
1807,759691,159,986,838,0.20503375527426426
1808,760249,120,1026,746,0.07353375527426431
1809,760389,339,1024,847,0.11603375527426385
1810,760748,239,999,787,0.12853375527426403
1811,761047,140,1025,789,0.10496624472573624
1812,761206,160,1043,772,0.11546624472573574
1813,761406,259,1021,774,0.09946624472573573
1814,761685,1117,992,739,0.24896624472573636
1815,762821,100,993,741,0.20246624472573593
1816,762981,199,1020,778,0.16796624472573596
1817,763200,160,948,728,0.215966244725736
1818,763419,578,993,729,0.19046624472573592
1819,764037,419,976,717,0.22696624472573612
1820,764576,399,907,756,0.19196624472573598
1821,765074,179,1010,699,0.16496624472573584
1822,765274,120,1005,695,0.17746624472573602
1823,765413,140,1068,687,0.11046624472573585
1824,765573,120,966,654,0.17346624472573557
1825,765712,140,994,617,0.08646624472573583
1826,765991,857,916,682,0.16696624472573562
1827,766888,459,913,673,0.10803375527426384
1828,767407,299,855,667,0.09646624472573606
1829,767905,160,980,581,0.18703375527426358
1830,768105,100,983,570,0.22603375527426417
1831,768304,139,871,573,0.24953375527426402
1832,768683,100,1040,675,0.2730337552742639
1833,769022,259,882,862,0.16253375527426384
1834,769301,279,889,883,0.08903375527426372
1835,769819,160,822,702,0.1559662447257364
1836,769999,160,814,709,0.08346624472573616
1837,770218,120,796,676,0.12346624472573575
1838,770617,478,812,668,0.18703375527426358
1839,771135,139,826,714,0.13953375527426415
1840,771295,119,824,736,0.10096624472573623
1841,771434,140,827,740,0.10946624472573596
1842,771654,279,874,751,0.11653375527426357
1843,771953,120,862,743,0.0779662447257361
1844,772152,478,861,757,0.26096624472573593
1845,772690,179,853,745,0.16796624472573596
1846,772890,479,857,735,0.30546624472573614
1847,773408,259,770,756,0.36546624472573663
1848,774365,259,783,772,0.25546624472573587
1849,774644,239,785,769,0.16096624472573628
1850,774903,139,789,760,0.15246624472573567
1851,775202,738,748,774,0.25646624472573576
1852,775980,179,739,784,0.1664662447257359
1853,776179,140,746,775,0.12796624472573592
1854,776339,179,741,711,0.10596624472573613
1855,776538,140,743,697,0.11396624472573613
1856,776718,120,693,748,0.09903375527426395
1857,776937,180,728,668,0.1275337552742637
1858,777136,638,726,668,0.14503375527426376
1859,777954,160,721,665,0.13753375527426437
1860,778233,139,718,670,0.10946624472573596
1861,778851,160,788,773,0.449966244725736
1862,779150,180,855,753,0.15446624472573633
1863,779349,159,845,750,0.12196624472573614
1864,779788,399,755,773,0.23496624472573613
1865,780207,299,756,781,0.23546624472573585
1866,780526,239,753,784,0.16196624472573617
1867,781024,140,834,730,0.14896624472573583
1868,781244,319,859,799,0.11596624472573591
1869,781602,299,788,770,0.09703375527426372
1870,782021,140,857,795,0.08796624472573589
1871,782181,299,848,794,0.14396624472573594
1872,782500,299,852,795,0.11403375527426407
1873,782819,100,851,792,0.09553375527426367
1874,782938,120,807,703,0.11653375527426357
1875,783078,319,818,717,0.11003375527426407
1876,783417,139,812,721,0.11253375527426357
1877,783875,399,815,729,0.10346624472573618
1878,784394,219,807,732,0.20496624472573588
1879,784633,120,814,729,0.207966244725736
1880,784932,120,802,725,0.161466244725736
1881,785231,120,808,765,0.23896624472573613
1882,785650,180,811,777,
1883,787324,179,931,766,0.11903375527426396
1884,787524,139,891,767,0.15953375527426372
1885,787683,419,880,783,0.11903375527426396
1886,788142,538,829,779,0.1624662447257359
1887,788720,279,850,786,0.18846624472573614
1888,789278,120,774,804,0.35296624472573646
1889,789617,239,869,785,0.09196624472573633
1890,789896,498,865,783,0.11396624472573569
1891,790534,259,774,794,0.09746624472573595
1892,790813,199,805,767,0.094966244725736
1893,791033,239,796,804,0.11796624472573614
1894,791412,100,846,800,0.0729662447257362
1895,791571,160,852,791,0.12053375527426402
1896,791790,498,776,787,0.16503375527426423
1897,792428,638,782,786,0.21103375527426405
1898,793106,459,719,812,0.23203375527426395
1899,793964,339,855,698,0.3680337552742641
1900,794582,120,908,726,0.4765337552742639
1901,795040,159,772,705,0.3260337552742638
1902,795339,459,712,823,0.312033755274264
1903,795838,140,787,822,0.19253375527426408
1904,796097,319,869,846,0.217533755274264
1905,796615,199,674,821,0.08503375527426416
1906,796835,339,722,819,0.18896624472573587
1907,797293,180,587,851,0.07903375527426393
1908,797512,160,651,830,0.054533755274264184
1909,797732,259,709,830,0.16896624472573585
1910,798011,199,775,876,0.14096624472573582
1911,798230,140,713,878,0.0999662447257359
1912,798390,120,765,853,0.08046624472573649
1913,798529,259,799,855,0.08896624472573622
1914,798808,359,741,891,0.0600337552742638
1915,799187,319,721,839,0.16903375527426379
1916,799526,239,733,884,0.08003375527426426
1917,799785,279,765,903,0.10153375527426389
1918,800084,199,806,900,0.104533755274264
1919,800304,479,759,898,0.08946624472573594
1920,800982,817,687,740,0.18896624472573587
1921,801879,299,755,893,0.16996624472573574
1922,802198,100,736,896,0.049033755274264124
1923,802317,379,702,826,0.13853375527426381
1924,802796,279,814,844,0.19003375527426414
1925,803195,259,743,859,0.1345337552742638
1926,803474,439,759,830,0.11703375527426418
1927,803972,119,694,816,0.08153375527426387
1928,804192,120,815,790,0.26496624472573593
1929,804431,658,863,854,0.13103375527426397
1930,805109,259,846,836,0.14596624472573572
1931,805388,199,847,845,0.13146624472573576
1932,805986,140,713,727,0.1450337552742642
1933,806185,179,769,707,0.21253375527426366
1934,806444,339,776,708,0.25553375527426425
1935,806923,239,839,709,0.20203375527426415
1936,807182,299,802,706,0.20903375527426382
1937,807521,439,809,711,0.19603375527426392
1938,807980,100,696,720,0.23303375527426384
1939,808179,219,776,712,0.1850337552742638
1940,808418,339,774,734,0.18653375527426386
1941,808777,219,766,799,0.16603375527426367
1942,809036,359,783,780,0.15553375527426416
1943,809495,179,780,781,0.15453375527426383
1944,809714,160,853,740,0.14803375527426432
1945,809894,179,875,728,0.12303375527426397
1946,810093,100,883,732,0.12853375527426403
1947,810272,319,844,724,0.24153375527426402
1948,810631,160,848,732,0.16003375527426433
1949,810831,299,813,718,0.1320337552742643
1950,811190,179,822,717,0.13896624472573604
1951,811628,279,888,722,0.08853375527426399
1952,812067,259,924,620,0.13203375527426386
1953,812506,179,820,642,0.1875337552742642
1954,812705,120,850,639,0.10153375527426389
1955,813084,439,802,760,0.10803375527426384
1956,813602,399,956,789,0.14703375527426443
1957,814021,379,921,833,0.08403375527426382
1958,814479,100,979,729,0.0730337552742637
1959,814619,140,964,685,0.0655337552742643
1960,814798,120,963,641,0.11903375527426396
1961,815137,120,955,631,0.1825337552742634
1962,815297,100,1022,632,0.15603375527426389
1963,815516,180,976,644,0.17753375527426352
1964,815755,199,715,318,0.23203375527426395
1965,816034,120,716,321,0.20153375527426398
1966,816373,140,964,746,0.19153375527426375
1967,816613,239,468,549,0.08503375527426416
1968,817091,179,551,414,0.13503375527426398
1969,817370,379,517,368,0.24803375527426397
1970,817888,160,548,327,0.31403375527426425
1971,818128,518,538,262,0.2970337552742639
1972,818726,279,598,265,0.330533755274264
1973,819025,279,636,289,0.272033755274264
1974,819324,180,499,255,0.26453375527426415
1975,819523,140,504,255,0.2085337552742641
1976,819683,180,447,252,0.15453375527426383
1977,819922,319,558,269,0.21053375527426388
1978,820261,299,609,277,0.19403375527426414
1979,820580,219,529,319,0.24303375527426363
1980,820819,180,489,399,0.27753375527426405
1981,821019,180,567,467,0.2810337552742639
1982,821258,140,511,310,0.22803375527426395
1983,821437,180,487,431,0.2245337552742641
1984,821637,120,474,369,0.20203375527426415
1985,821776,658,486,367,0.268033755274264
1986,822534,199,527,441,0.17853375527426385
1987,822773,120,477,504,0.13703375527426376
1988,822913,299,516,482,0.12103375527426374
1989,823232,180,590,480,0.09953375527426411
1990,823451,439,499,474,0.14953375527426394
1991,823930,558,585,549,0.15453375527426383
1992,824508,180,627,547,0.159033755274264
1993,824707,120,672,550,0.18603375527426413
1994,824867,120,667,551,0.10903375527426418
1995,825006,100,656,546,0.15503375527426355
1996,825146,299,586,547,0.24603375527426374
1997,825465,159,600,547,0.24403375527426396
1998,825704,120,653,557,0.20403375527426393
1999,825943,339,645,581,0.20253375527426387
2000,826402,578,550,558,0.2565337552742637
2001,827000,399,542,462,0.24353375527426424
2002,827439,160,484,382,0.21453375527426433
2003,827618,359,502,355,0.2655337552742645
2004,827997,179,523,424,0.2820337552742642
2005,828196,140,484,455,0.27403375527426377
2006,828396,140,528,474,0.2790337552742641
2007,828794,120,1007,645,0.15153375527426372
2008,829034,518,951,745,0.17803375527426413
2009,829572,100,859,651,0.1274662447257362
2010,829991,160,733,576,0.17546624472573624
2011,830389,459,704,588,0.21153375527426377
2012,830928,160,687,588,0.15853375527426383
2013,831167,140,620,628,0.0690337552742637
2014,831326,319,603,647,0.08903375527426372
2015,831785,100,706,638,0.1275337552742637
2016,832004,259,700,648,0.13603375527426387
2017,832283,100,726,673,0.06253375527426419
2018,832822,139,745,676,0.10253375527426423
2019,833181,299,856,691,0.20346624472573582
2020,833799,299,877,671,0.21453375527426388
2021,834138,339,869,683,0.18953375527426397
2022,834556,279,829,741,0.163033755274264
2023,834855,299,859,739,0.1745337552742643
2024,835174,120,790,761,0.18403375527426347
2025,835354,120,794,771,0.1855337552742644
2026,835872,100,848,746,0.2734662447257361
2027,835992,159,850,754,0.11603375527426385
2028,836171,120,819,739,0.13903375527426443
2029,836311,160,812,744,0.12203375527426408
2030,836490,319,842,749,0.08453375527426399
2031,836889,120,852,671,0.09503375527426394
2032,837028,120,845,692,0.06053375527426397
2033,837168,100,840,690,0.07403375527426403
2034,837387,100,876,678,0.07453375527426376
2035,837587,299,878,685,0.11203375527426385
2036,837966,100,570,653,0.14453375527426404
2037,838105,199,731,698,0.1340337552742641
2038,838524,279,799,728,0.13003375527426408
2039,838883,259,936,752,0.13253375527426403
2040,839421,139,742,571,0.092533755274264
2041,839600,140,738,566,0.15453375527426427
2042,839760,140,801,655,0.16353375527426417
2043,840079,160,653,644,0.08603375527426405
2044,840278,120,657,626,0.07003375527426403
2045,840617,359,631,614,0.13453375527426426
2046,841016,578,629,616,0.11853375527426424
2047,841853,279,635,607,0.1435337552742637
2048,842192,239,592,581,0.17753375527426396
2049,842511,239,733,552,0.3555337552742639
2050,842771,100,698,536,0.3235337552742643
2051,842890,339,552,545,0.318533755274264
2052,843249,479,607,539,0.26503375527426387
2053,843747,219,549,492,0.2550337552742641
2054,843987,100,632,503,0.22403375527426395
2055,844266,100,697,702,0.19353375527426397
2056,844445,319,617,670,0.16903375527426423
2057,844784,299,632,637,0.17853375527426385
2058,845382,199,724,723,0.22503375527426384
2059,845622,219,658,716,0.17453375527426385
2060,846020,120,558,675,0.24053375527426413
2061,846160,319,614,662,0.2530337552742643
2062,846499,199,659,650,0.32403375527426403
2063,846818,259,720,653,0.27253375527426416
2064,847097,100,715,633,0.28653375527426395
2065,847396,479,574,636,0.3055337552742645
2066,847894,179,606,591,0.2915337552742643
2067,848313,459,508,722,0.334533755274264
2068,848792,100,544,715,0.3260337552742638
2069,849170,319,500,705,0.25303375527426386
2070,849509,379,497,721,0.23253375527426412
2071,849908,678,555,757,0.21503375527426405
2072,850606,538,587,767,0.16103375527426378
2073,851204,199,553,758,0.2075337552742642
2074,851423,199,492,656,0.17353375527426396
2075,851643,159,523,615,0.167033755274264
2076,851842,299,561,607,0.32353375527426387
2077,852360,140,574,551,0.31453375527426397
2078,852520,160,598,542,0.3515337552742639
2079,852699,219,595,555,0.3515337552742639
2080,852939,738,553,605,0.37753375527426414
2081,853696,140,549,570,0.31453375527426397
2082,853856,239,576,551,0.31203375527426447
2083,854115,179,572,550,0.34053375527426377
2084,854314,100,569,564,0.2895337552742636
2085,854733,379,572,550,0.3365337552742642
2086,855411,279,674,840,0.26953375527426404
2087,855850,239,691,848,0.09796624472573612
2088,856149,239,736,805,0.22296624472573567
2089,856627,219,583,750,0.07946624472573616
2090,856906,199,536,402,0.1800337552742639
2091,857145,279,242,329,0.28753375527426384
2092,857464,239,434,247,0.27803375527426377
2093,857803,179,133,160,0.2770337552742643
2094,858003,319,53,157,0.21553375527426377
2095,858342,179,-32,182,0.15953375527426372
2096,858541,558,-3,212,0.1565337552742636
2097,859139,279,86,210,0.08053375527426399
2098,859438,160,335,208,0.053466244725736356
2099,859638,140,459,210,0.03703375527426411
2100,859797,299,488,201,0.11353375527426435
2101,860196,219,259,225,0.147033755274264
2102,860595,399,481,219,0.13053375527426425
2103,861013,259,483,231,0.07653375527426354
2104,861352,359,652,224,0.12853375527426403
2105,861731,379,647,223,0.14803375527426432
2106,862130,279,649,225,0.13103375527426397
2107,862429,239,644,237,0.08803375527426383
2108,862688,578,552,264,0.14153375527426393
2109,863286,239,529,248,0.19603375527426392
2110,863545,439,479,210,0.21403375527426372
2111,864024,359,243,254,0.19903375527426403
2112,864403,359,64,242,0.0785337552742642
2113,865021,199,94,251,0.12796624472573592
2114,865280,219,76,216,0.15446624472573633
2115,865519,738,79,281,0.057466244725735915
2116,866277,419,41,272,0.07046624472573582
2117,866735,518,33,188,0.15496624472573606
2118,867274,479,299,222,0.13446624472573587
2119,867772,120,247,217,0.037533755274263836
2120,867972,279,45,271,0.0699662447257361
2121,868271,279,167,255,0.05503375527426391
2122,868590,698,280,278,0.07753375527426387
2123,869327,219,437,211,0.11203375527426385
2124,869945,120,484,235,0.08646624472573583
2125,870185,279,709,263,0.1284662447257361
2126,870484,179,776,252,0.14896624472573583
2127,870783,219,484,140,0.1615337552742644
2128,871082,140,117,157,0.06153375527426386
2129,871241,179,72,153,0.06053375527426397
2130,871481,239,311,158,0.06046624472573603
2131,871780,199,482,232,0.04346624472573568
2132,871999,100,485,231,0.08196624472573566
2133,872398,1715,86,247,0.10553375527426434
2134,874132,319,56,250,0.05603375527426424
2135,874471,1914,100,255,0.09646624472573606
2136,876405,100,125,259,0.048966244725736185
2137,876764,259,65,246,0.11896624472573603
2138,877043,100,65,253,0.07946624472573616
2139,877242,359,101,253,0.34996624472573634
2140,877741,219,588,557,0.12446624472573609
2141,878020,140,698,458,0.09553375527426367
2142,878279,319,98,235,0.21253375527426366
2143,878618,478,40,249,0.11553375527426413
2144,879117,379,115,238,0.1225337552742638
2145,879715,199,570,396,0.11553375527426413
2146,879974,179,445,298,0.06853375527426397
2147,880213,160,667,541,0.14153375527426393
2148,880393,160,696,452,0.20153375527426398
2149,880672,199,611,259,0.23603375527426396
2150,880971,120,304,278,0.15703375527426422
2151,881110,339,361,301,0.09603375527426428
2152,882147,120,634,591,0.06796624472573631
2153,882346,140,704,795,0.15146624472573622
2154,882506,120,698,795,0.10846624472573607
2155,882646,119,709,805,0.1089662447257358
2156,882825,219,982,815,0.14703375527426354
2157,883064,199,976,818,0.07846624472573582
2158,883343,339,691,705,0.3509662447257358
2159,883842,120,1101,954,0.14896624472573583
2160,884021,140,1174,1039,0.1704662447257359
2161,884240,339,618,1017,0.40446624472573633
2162,884639,379,325,1006,0.4444662447257355
2163,885038,518,567,1068,0.6209662447257362
2164,885636,179,647,1015,0.5529662447257366
2165,885836,100,611,1015,0.6074662447257357
2166,886035,120,246,1015,0.614966244725736
2167,886174,239,299,1016,0.6534662447257369
2168,886434,279,267,1008,0.699966244725736
2169,886733,339,328,1009,0.6279662447257359
2170,887131,279,16,1022,0.513966244725736
2171,887430,179,111,995,0.4844662447257364
2172,887630,339,26,991,0.42346624472573646
2173,887989,219,78,991,0.4589662447257363
2174,888268,140,506,1077,0.47196624472573534
2175,888527,339,323,1024,0.5339662447257365
2176,888886,159,224,1016,0.4399662447257362
2177,889065,199,279,1010,0.465966244725736
2178,889285,140,323,1015,0.41996624472573574
2179,889584,120,507,995,0.4084662447257359
2180,889723,279,566,988,0.4169662447257356
2181,890162,239,458,459,0.24796624472573603
2182,890461,199,464,214,0.10796624472573635
2183,890999,319,322,1014,0.08746624472573616
2184,891398,399,577,682,0.13953375527426415
2185,891817,180,672,571,0.17353375527426396
2186,892016,279,667,560,0.23403375527426418
2187,892315,199,566,779,0.2685337552742637
2188,892674,140,184,187,0.24953375527426358
2189,892873,140,62,200,0.21303375527426427
2190,893033,518,42,246,0.0875337552742641
2191,893731,120,665,644,0.0699662447257361
2192,894070,140,562,692,0.1274662447257362
2193,894249,199,591,667,0.09146624472573617
2194,894468,199,610,773,0.07996624472573588
2195,894728,319,546,869,0.09846624472573628
2196,895186,160,617,606,0.0875337552742641
2197,895366,219,640,738,0.15796624472573617
2198,895685,179,1183,1007,0.056466244725736026
2199,895884,259,1215,1012,0.060966244725736196
2200,896682,179,674,728,0.29246624472573624
2201,896881,279,630,671,0.153466244725736
2202,897180,379,638,732,0.1144662447257363
2203,897579,180,573,771,0.13896624472573604
2204,897838,458,669,646,0.23596624472573646
2205,898316,239,710,691,0.2659662447257358
2206,898576,219,749,737,0.2759662447257356
2207,898934,219,722,732,0.23296624472573635
2208,899174,100,728,725,0.1714662447257358
2209,899413,180,694,663,0.1584662447257359
2210,899612,339,679,645,0.18796624472573598
2211,899991,518,675,654,0.13296624472573582
2212,900569,199,254,443,0.12053375527426402
2213,900848,120,386,305,0.13353375527426392
2214,901147,419,140,400,0.16003375527426433
2215,901686,199,368,425,0.11703375527426418
2216,901965,140,558,576,0.07203375527426426
2217,902164,100,497,498,0.15353375527426394
2218,902304,140,490,388,0.17953375527426418
2219,902463,319,488,352,0.23403375527426418
2220,902822,239,469,366,0.1720337552742639
2221,903081,359,465,367,0.175033755274264
2222,903540,219,546,349,0.17353375527426396
2223,903779,299,544,350,0.11303375527426418
2224,904158,319,539,269,0.08553375527426388
2225,904497,359,521,269,0.10703375527426395
2226,904956,578,524,276,0.11796624472573614
2227,905554,120,503,345,0.08403375527426382
2228,905813,399,457,235,0.11253375527426401
2229,906232,459,506,286,0.1410337552742642
2230,906710,718,600,271,0.15603375527426389
2231,907488,299,554,540,0.0785337552742642
2232,907807,239,515,624,0.15753375527426394
2233,908066,160,503,542,0.16053375527426406
2234,908245,459,525,478,0.2755337552742638
2235,908724,160,524,471,0.3025337552742644
2236,909043,239,566,494,0.330533755274264
2237,909302,139,692,656,0.2500337552742642
2238,909860,219,505,551,0.30403375527426446
2239,910099,618,571,545,0.2715337552742638
2240,910737,299,525,488,0.23753375527426357
2241,911096,199,507,475,0.2115337552742642
2242,911395,100,507,467,0.2500337552742642
2243,911595,379,478,404,0.15753375527426394
2244,912033,857,471,368,0.1680337552742639
2245,913010,160,513,376,0.22353375527426378
2246,913190,618,526,431,0.256033755274264
2247,913828,160,555,360,0.21203375527426394
2248,914007,319,553,344,0.3380337552742638
2249,914486,678,519,428,0.2785337552742644
2250,915184,100,518,426,0.26253375527426437
2251,915303,180,522,445,0.23553375527426423
2252,915502,758,520,439,0.27453375527426394
2253,916280,299,525,444,0.2555337552742638
2254,916599,259,518,431,0.23203375527426395
2255,916878,199,487,385,0.21203375527426394
2256,917098,159,457,344,0.2745337552742644
2257,917317,1176,370,144,0.42653375527426407
2258,918513,239,517,239,0.33203375527426404
2259,918872,219,99,219,0.3905337552742645
2260,919111,339,49,228,0.4065337552742636
2261,919470,678,95,238,0.35553375527426434
2262,920308,100,635,532,0.1250337552742642
2263,920427,100,654,514,0.14803375527426388
2264,920567,140,646,516,0.20153375527426354
2265,920766,439,626,507,0.29853375527426396
2266,921284,678,636,539,0.2715337552742638
2267,922002,139,649,528,0.31153375527426386
2268,922261,160,658,647,0.27453375527426394
2269,922620,219,662,656,0.28253375527426394
2270,922879,219,710,723,0.24903375527426386
2271,923119,199,729,668,0.19203375527426392
2272,923378,239,711,585,0.2505337552742639
2273,923637,159,723,570,0.21303375527426427
2274,923816,219,624,563,0.2685337552742637
2275,924056,140,644,510,0.33253375527426376
2276,924215,219,716,575,0.296033755274264
2277,924634,279,780,567,0.38703375527426376
2278,925033,578,724,572,0.3780337552742643
2279,925631,140,625,539,0.25953375527426426
2280,925830,120,647,522,0.2610337552742643
2281,925970,140,652,515,0.27803375527426377
2282,926129,180,635,507,0.34303375527426416
2283,926328,219,619,520,0.2845337552742637
2284,926608,239,549,558,0.2690337552742643
2285,926867,219,583,589,0.3535337552742641
2286,927226,100,587,550,0.31903375527426414
2287,927505,100,637,587,0.33003375527426426
2288,927624,160,675,590,0.2970337552742639
2289,927864,100,544,596,0.284033755274264
2290,928063,219,591,592,0.23903375527426407
2291,928342,100,561,497,0.2460337552742642
2292,928621,219,544,556,0.1720337552742639
2293,928861,239,612,611,0.1745337552742643
2294,929220,120,603,616,0.14703375527426443
2295,929558,180,550,631,0.23903375527426407
2296,929778,100,550,639,0.20503375527426426
2297,929897,239,480,627,0.1800337552742639
2298,930157,339,582,638,0.13853375527426381
2299,930515,778,582,643,0.1200337552742643
2300,931313,518,546,685,0.22003375527426394
2301,931891,339,658,746,0.20803375527426438
2302,932250,199,559,768,0.18853375527426408
2303,932469,100,628,654,0.19453375527426386
2304,932689,140,605,645,0.21903375527426405
2305,932848,160,642,639,0.20753375527426376
2306,933048,379,669,644,0.1565337552742636
2307,933666,159,173,261,0.19353375527426397
2308,933845,140,69,279,0.16503375527426423
2309,934004,219,53,243,0.18903375527426425
2310,934244,219,100,246,0.20503375527426337
2311,934563,160,701,566,0.04453375527426395
2312,934742,140,612,665,0.090966244725736
2313,935041,598,617,653,0.11153375527426412
2314,935739,120,686,670,0.2459662447257358
2315,935879,139,682,665,0.057533755274263854
2316,936557,399,631,658,0.18653375527426386
2317,937254,179,711,642,0.23603375527426396
2318,937533,419,600,653,0.29953375527426385
2319,937972,259,611,650,0.26503375527426387
2320,938271,140,551,698,0.25203375527426397
2321,938530,120,543,695,0.23553375527426423
2322,938670,259,540,701,0.20253375527426387
2323,938949,359,534,698,0.24603375527426374
2324,939328,100,575,698,0.2035337552742642
2325,939507,299,706,129,0.292033755274264
2326,939846,219,557,219,0.26953375527426404
2327,940285,120,1091,791,0.2755337552742638
2328,940444,100,1033,435,0.22403375527426395
2329,940624,199,556,272,0.1915337552742642
2330,940963,180,685,255,0.1640337552742639
2331,941162,279,751,264,0.1410337552742642
2332,941461,100,759,251,0.11553375527426413
2333,941621,100,442,543,0.05553375527426363
2334,942019,100,706,668,0.15353375527426394
2335,942219,219,688,646,0.20653375527426387
2336,942518,279,342,294,0.2990337552742641
2337,943016,1097,676,643,0.17553375527426374
2338,944133,399,673,649,0.1509662447257365
2339,944551,259,673,643,0.06696624472573598
2340,944851,279,687,643,0.11246624472573608
2341,945209,199,782,701,0.0729662447257362
2342,945429,239,739,767,0.2654662447257361
2343,945867,638,686,759,0.1540337552742641
2344,946545,219,684,740,0.20303375527426448
2345,946784,139,676,742,0.14303375527426399
2346,946944,159,682,752,0.13753375527426437
2347,947143,140,687,755,0.11146624472573619
2348,947323,179,689,732,0.13196624472573593
2349,947542,120,691,757,0.3624662447257365
2350,947682,120,684,738,0.14346624472573621
2351,947941,658,690,757,0.29696624472573596
2352,949177,139,498,630,0.045033755274263676
2353,949356,199,720,524,0.19103375527426403
2354,949596,120,724,528,0.22203375527426417
2355,950234,100,744,607,0.28803375527426356
2356,1160933,239,72,190,0.3844662447257359
2357,1161192,119,117,187,0.3514662447257355
2358,1161372,180,316,164,
2359,1162408,140,493,568,
2360,1162568,359,487,452,
2361,1162947,459,499,413,
2362,1163465,259,549,279,
2363,1163804,179,1071,363,0.34946624472573573
2364,1164123,259,522,491,0.316966244725736
2365,1164402,160,538,560,0.302466244725736
2366,1164622,219,509,531,
2367,1164861,120,555,280,
2368,1165160,179,541,285,
2369,1165459,140,579,260,
2370,1165658,120,578,268,
2371,1165858,219,989,299,0.47796624472573557
2372,1166097,180,971,276,0.4509662447257363
2373,1166496,239,372,267,
2374,1166755,179,485,268,
2375,1167213,140,564,337,0.42596624472573597
2376,1168370,179,657,888,0.3284662447257358
2377,1168589,100,665,907,0.3514662447257355
2378,1169088,538,650,929,0.7529662447257359
2379,1169726,100,1059,908,0.3934662447257353
2380,1169845,618,1191,1003,0.5594662447257357
2381,1171021,977,674,1084,0.9034662447257369
2382,1172018,219,619,1052,
2383,1172258,139,699,1093,0.9639662447257362
2384,1172477,179,321,1220,
2385,1172856,140,405,386,
2386,1173155,100,496,281,
2387,1173274,100,505,274,
2388,1173673,139,501,348,
2389,1174072,419,64,215,
2390,1174530,199,464,254,
2391,1174750,1595,476,252,
2392,1176724,100,395,501,
2393,1177162,120,993,419,0.16046624472573612
2394,1177960,339,58,188,
2395,1178378,219,447,290,
2396,1178618,160,409,384,
2397,1179236,279,922,406,
2398,1179554,459,894,283,
2399,1180053,219,512,463,
2400,1180472,100,348,564,
2401,1180631,140,330,537,
2402,1180950,140,935,360,
2403,1181130,239,939,369,
2404,1181429,199,241,229,
2405,1181728,538,38,222,
2406,1182725,219,965,348,
2407,1183024,199,183,390,
2408,1183243,140,177,398,
2409,1183502,100,315,573,
2410,1184001,179,874,239,
2411,1184399,100,964,297,
2412,1184718,140,960,300,
2413,1185037,140,415,430,
2414,1185596,179,998,330,0.278466244725736
2415,1185795,179,637,437,
2416,1186194,120,615,518,
2417,1186413,160,730,225,
2418,1186692,439,584,176,
2419,1187151,160,588,179,
2420,1187550,120,605,288,
2421,1187948,100,936,366,
2422,1188168,479,895,263,
2423,1188965,299,714,256,
2424,1189284,499,664,272,
2425,1190002,160,646,264,
2426,1190181,100,500,266,
2427,1190361,219,491,255,
2428,1190720,239,208,441,
2429,1191078,100,242,495,
2430,1191278,120,776,473,
2431,1191418,140,808,488,
2432,1191637,120,786,532,
2433,1191976,139,675,611,
2434,1192594,120,134,122,
2435,1192793,100,124,128,
2436,1192933,299,393,40,
2437,1193331,339,764,282,
2438,1193910,140,761,286,
2439,1194667,100,222,489,
2440,1194787,100,209,484,
2441,1194926,159,207,471,
2442,1195365,120,717,143,
2443,1195544,239,116,87,
2444,1195824,259,125,60,
2445,1196541,339,19,13,
2446,1197000,319,463,343,
2447,1197598,179,651,460,
2448,1198236,379,778,448,
2449,1198714,259,855,400,
2450,1199014,199,805,338,
2451,1199273,339,800,183,
2452,1199711,100,450,318,
2453,1199891,100,449,324,
2454,1200050,140,683,504,
2455,1200668,179,799,520,
2456,1200967,199,555,101,
2457,1201227,319,138,107,
2458,1201566,120,140,116,
2459,1202024,199,920,52,
2460,1202263,359,1256,68,0.219966244725736
2461,1202722,179,1316,224,0.29496624472573574
2462,1202921,399,1344,330,0.4679662447257358
2463,1203420,160,553,433,
2464,1204078,379,592,559,0.590966244725736
2465,1204915,119,624,25,0.26196624472573626
2466,1205134,658,731,17,0.40696624472573584
2467,1205832,120,405,221,
