number,time,duration,screen_x,secrren_y
1,140,100,721,378
2,280,439,689,523
3,938,179,387,327
4,1137,219,229,214
5,1775,179,63,527
6,2094,279,629,496
7,2453,139,527,285
8,2653,179,322,186
9,2852,578,252,214
10,3450,279,67,189
11,3749,180,41,217
12,4048,120,112,480
13,4208,219,47,559
14,4646,219,85,216
15,4886,140,42,214
16,5085,140,393,195
17,5244,239,227,195
18,5504,259,271,195
19,5783,239,236,202
20,6042,339,63,195
21,6640,219,69,536
22,6879,239,74,541
23,7278,538,75,589
24,7856,160,69,589
25,8135,120,79,593
26,8335,199,30,604
27,8554,159,27,604
28,8773,738,68,614
29,9531,479,101,622
30,10029,179,49,595
31,10388,120,56,601
32,10548,100,68,632
33,10667,259,27,611
34,10947,160,66,613
35,11186,120,62,623
36,11545,120,63,623
37,11724,159,59,610
38,11904,100,21,616
39,12023,140,16,609
40,12242,219,63,634
41,12542,120,28,608
42,12781,179,29,618
43,13000,160,32,616
44,13399,120,37,547
45,13539,219,72,546
46,13798,160,52,527
47,14097,618,70,538
48,14775,239,35,553
49,15034,1017,95,558
50,16210,937,88,580
51,17267,219,493,722
52,17566,219,105,599
53,17965,179,748,537
54,18164,279,681,524
55,18463,299,710,518
56,18862,219,68,528
57,19101,199,79,548
58,19380,120,651,540
59,19520,219,691,540
60,19819,319,702,537
61,20158,199,717,543
62,20457,120,685,557
63,20596,259,717,555
64,20875,160,712,551
65,21194,199,664,522
66,21454,638,732,525
67,22112,219,727,585
68,22351,538,734,582
69,23408,219,718,549
70,23806,140,95,582
71,24006,140,77,557
72,24305,100,769,617
73,24504,180,722,599
74,24703,439,699,583
75,25162,379,736,575
76,25760,219,751,640
77,25999,100,745,655
78,26139,339,748,726
79,26697,120,709,565
80,26857,239,728,641
81,27156,239,717,607
82,27415,160,692,615
83,27614,160,689,604
84,27794,279,687,615
85,28093,140,755,619
86,28252,140,753,625
87,28691,179,701,552
88,28890,180,718,548
89,29090,299,719,537
90,29429,140,687,555
91,29608,279,772,556
92,29907,219,714,550
93,30146,120,739,553
94,30286,140,737,566
95,30445,219,750,568
96,30904,160,659,521
97,31143,120,693,514
98,31403,359,729,527
99,31821,259,772,552
100,32120,259,659,512
101,32399,219,702,509
102,32778,100,702,681
103,32898,518,702,642
104,33436,120,715,609
105,33675,120,660,613
106,33835,219,699,617
107,34074,239,767,637
108,34333,319,743,660
109,34772,199,786,650
110,35011,339,696,678
111,35430,239,712,666
112,35709,239,731,636
113,35988,100,674,664
114,36108,698,686,648
115,36865,120,662,643
116,37085,359,735,666
117,37503,299,682,675
118,37862,279,709,675
119,38161,239,663,674
120,38520,179,765,687
121,38759,279,730,705
122,39078,100,747,739
123,39397,100,822,722
124,39597,379,716,736
125,40016,120,785,720
126,40195,279,711,693
127,40574,100,770,762
128,40893,200,842,722
129,41112,179,728,741
130,41311,239,731,724
131,41750,219,737,700
132,41989,837,693,706
133,43066,259,664,708
134,43345,239,718,705
135,43684,140,789,709
136,43863,459,729,755
137,44382,160,778,763
138,44581,239,736,776
139,44840,578,746,790
140,45538,379,731,764
141,45937,199,708,742
142,46156,459,723,745
143,46635,478,814,738
144,47133,120,849,721
145,47332,100,724,766
146,47452,100,730,762
147,47632,219,795,774
148,47931,239,734,763
149,48230,120,775,768
150,48389,419,729,819
151,48868,279,679,717
152,49167,259,721,706
153,49466,199,724,705
154,49685,319,745,725
155,50024,179,711,722
156,50283,120,750,720
157,50443,379,682,713
158,50861,120,687,592
159,51001,199,682,611
160,51220,239,695,543
161,51480,179,690,521
162,51719,139,650,514
163,51878,219,685,511
164,52137,279,728,542
165,52456,140,737,526
166,52736,179,690,532
167,52935,179,736,542
168,53134,120,740,558
169,53413,479,826,554
170,53912,199,711,520
171,54131,100,714,537
172,54251,498,722,548
173,54869,239,684,544
174,55128,479,718,562
175,55627,120,729,563
176,55766,120,751,561
177,55906,140,800,552
178,56105,179,760,558
179,56304,199,722,576
180,56544,339,721,583
181,56903,219,685,581
182,57182,120,738,604
183,57321,120,732,619
184,57560,179,718,596
185,57919,120,711,618
186,58139,199,739,614
187,58458,778,695,623
188,59255,160,765,629
189,59435,200,746,678
190,59714,299,691,575
191,60093,100,690,639
192,60332,140,749,685
193,60551,219,803,671
194,60790,140,744,691
195,61050,140,700,595
196,61229,140,680,584
197,61388,179,722,561
198,61688,199,726,581
199,61987,199,748,621
200,62405,279,747,694
201,62784,199,740,653
202,63043,120,755,668
203,63183,219,796,664
204,63502,259,753,675
205,63781,140,759,669
206,63940,239,759,677
207,64240,1236,715,568
208,65575,279,65,562
209,65994,259,46,531
210,66532,279,81,526
211,66991,239,72,533
212,67270,359,69,538
213,67768,399,78,575
214,68187,279,63,552
215,68486,239,89,569
216,68745,199,112,594
217,69084,140,51,545
218,69483,658,79,555
219,70181,499,39,523
220,70699,120,81,532
221,70958,100,62,540
222,71357,558,701,513
223,72553,479,47,532
224,73072,100,46,540
225,73351,140,86,541
226,73550,279,671,514
227,73889,538,729,526
228,74448,140,687,571
229,74647,140,247,238
230,74846,578,242,180
231,75664,179,748,622
232,76162,100,708,570
233,76302,319,726,570
234,76641,219,727,596
235,76960,259,66,587
236,77279,339,73,556
237,77737,180,79,551
238,77996,339,78,549
239,78515,120,748,637
240,78774,140,317,183
241,78933,339,262,187
242,79312,199,476,191
243,79532,538,426,184
244,80090,180,692,196
245,80329,160,404,200
246,80508,439,445,193
247,81047,279,446,161
248,81406,399,249,204
249,81844,239,528,189
250,82103,877,607,194
251,83001,120,587,227
252,83140,638,497,238
253,83918,299,502,228
254,84237,459,425,197
255,84795,179,642,228
256,85094,120,139,189
257,85234,498,43,209
258,85772,359,237,204
259,86191,538,42,221
260,86789,179,264,219
261,86988,100,234,216
262,87227,658,58,533
263,87905,219,73,569
264,88145,259,84,576
265,88424,140,77,601
266,88683,219,75,569
267,89002,279,23,541
268,89301,259,70,543
269,89620,498,71,554
270,90138,578,67,566
271,90736,279,67,630
272,91036,279,69,605
273,91335,339,30,604
274,91933,518,48,226
275,92571,180,57,585
276,92770,518,38,621
277,93308,140,17,615
278,93568,180,49,628
279,93767,419,88,641
280,94206,239,76,743
281,94465,179,64,718
282,94664,618,98,713
283,95382,259,39,625
284,95781,180,769,626
285,95980,179,740,740
286,96179,199,750,687
287,96598,140,682,556
288,96817,219,703,573
289,97097,100,682,567
290,97316,379,713,565
291,97715,179,719,563
292,97914,120,721,570
293,98053,379,680,569
294,98452,419,728,550
295,98891,159,701,521
296,99070,359,714,517
297,99449,219,716,531
298,99708,140,652,513
299,99948,299,700,513
300,100506,180,688,507
301,100705,419,669,519
302,101244,379,704,540
303,101842,817,704,535
304,102679,239,700,555
305,102958,120,705,564
306,103138,120,700,584
307,103377,558,661,580
308,104035,100,712,616
309,104234,239,738,610
310,104493,140,689,585
311,104732,100,93,572
312,104892,120,21,577
313,105032,279,40,590
314,105610,159,44,605
315,105789,638,25,606
316,106706,379,83,635
317,107125,179,767,590
318,107324,159,708,592
319,107504,180,742,593
320,107703,100,809,615
321,108042,498,93,621
322,108561,239,77,647
323,108820,259,101,675
324,109099,339,92,675
325,109717,140,706,617
326,109877,518,736,641
327,110435,160,724,613
328,110614,339,823,616
329,111013,140,740,618
330,111332,120,101,633
331,111471,120,78,708
332,111611,100,82,706
333,111731,459,91,674
334,112209,219,95,664
335,112608,140,786,632
336,112767,120,733,653
337,113027,120,735,637
338,113166,219,778,640
339,113545,180,748,637
340,113804,100,771,633
341,113964,339,739,655
342,114422,120,809,645
343,114721,259,734,609
344,115020,199,834,589
345,115519,179,738,619
346,115838,379,728,682
347,116356,578,708,583
348,116954,179,693,526
349,117193,219,693,497
350,117512,319,728,521
351,117891,299,761,643
352,118210,259,732,655
353,118489,179,763,697
354,118689,299,725,686
355,119785,179,747,605
356,120005,379,841,585
357,120423,379,722,588
358,120982,199,742,552
359,121480,279,735,536
360,121779,180,737,520
361,121978,279,718,647
362,122278,419,723,594
363,122876,179,99,664
364,123075,219,82,677
365,123314,239,88,623
366,123673,179,794,612
367,123932,359,734,619
368,124311,239,741,610
369,124690,120,846,616
370,124889,100,160,656
371,125069,678,87,650
372,126145,259,95,691
373,126425,279,83,711
374,126783,120,85,711
375,126923,180,60,700
376,127162,159,747,663
377,127342,100,723,639
378,127541,359,727,628
379,127980,140,735,616
380,128319,199,834,597
381,128578,120,766,592
382,128777,180,722,674
383,129056,180,730,652
384,129256,140,724,653
385,129415,180,812,640
386,129654,100,757,643
387,129834,219,105,705
388,130113,299,80,732
389,130552,140,138,728
390,130711,877,67,730
391,131608,219,48,710
392,131848,140,99,714
393,132007,200,99,710
394,132306,219,119,740
395,132545,140,117,767
396,132705,100,62,650
397,132924,498,92,646
398,133901,219,84,658
399,134140,120,88,629
400,134400,159,75,616
401,134599,419,101,639
402,135117,339,86,668
403,135476,219,93,698
404,135935,219,87,758
405,136174,419,94,748
406,136613,339,101,756
407,136971,379,95,733
408,137889,558,93,647
409,138726,438,728,616
410,139185,219,711,636
411,139524,139,736,632
412,139723,180,784,625
413,140082,179,729,658
414,140361,239,94,641
415,140660,120,72,616
416,140899,140,750,526
417,141059,279,675,462
418,141557,219,225,183
419,141856,239,436,188
420,142155,319,560,201
421,142494,957,593,203
422,143491,239,448,197
423,143750,479,493,247
424,144249,379,448,188
425,144767,179,97,247
426,144966,957,61,228
427,145943,798,59,229
428,146781,538,252,221
429,147339,319,240,222
430,147678,339,268,219
431,148057,219,54,235
432,148495,159,33,565
433,148675,259,15,515
434,149094,219,24,610
435,149333,140,23,608
436,149572,140,75,609
437,149731,299,39,570
438,150050,259,46,575
439,150330,180,10,548
440,150649,259,62,547
441,151067,359,41,601
442,151446,299,71,579
443,151765,538,32,585
444,152323,678,81,613
445,153141,459,44,629
446,153619,538,113,647
447,154217,199,116,663
448,154457,140,114,637
449,154616,179,75,625
450,154835,259,699,554
451,155135,219,671,579
452,155533,299,708,558
453,155952,259,652,571
454,156231,120,685,572
455,156410,279,709,585
456,156829,558,701,544
457,157467,518,661,527
458,158006,219,705,565
459,158265,219,742,542
460,158604,179,782,534
461,158863,239,683,542
462,159122,120,689,559
463,159301,219,756,578
464,159959,219,82,614
465,160219,180,117,639
466,160757,140,115,646
467,160956,160,120,665
468,161415,339,742,599
469,161774,419,744,594
470,162212,1914,744,591
471,164465,140,67,582
472,164625,419,70,572
473,165063,219,35,546
474,165303,279,61,535
475,165662,339,709,537
476,166020,279,670,498
477,166320,219,717,471
478,166738,459,736,552
479,167276,120,712,538
480,167416,140,713,523
481,167576,219,735,540
482,167914,279,80,554
483,168213,180,60,583
484,168413,179,59,581
485,168712,379,72,571
486,169111,518,90,598
487,169669,120,153,596
488,169808,299,105,618
489,170127,259,86,603
490,170407,140,135,610
491,170706,399,100,630
492,171124,180,89,648
493,171643,100,120,636
494,171762,837,122,651
495,172620,319,106,643
496,173337,638,86,628
497,173995,219,147,619
498,174235,100,45,557
499,174354,279,45,561
500,174653,618,122,616
501,175291,379,124,656
502,175690,319,108,666
503,176029,120,153,681
504,176228,140,657,582
505,176428,399,729,570
506,177066,219,750,574
507,177305,718,731,556
508,178043,199,721,589
509,178302,239,760,582
510,178661,180,871,586
511,178900,159,821,580
512,179139,239,732,592
513,179558,219,705,589
514,179797,219,676,545
515,180216,159,762,533
516,180395,299,703,535
517,180794,738,749,555
518,181552,379,747,598
519,182030,339,760,568
520,182489,119,139,665
521,182628,140,92,666
522,182788,279,103,639
523,183187,199,774,570
524,183406,159,749,583
525,183705,159,859,592
526,183884,538,749,590
527,184443,419,741,608
528,184981,279,93,638
529,185280,100,116,681
530,185519,857,107,665
531,186516,239,733,591
532,186775,339,751,632
533,187373,518,109,657
534,188031,160,91,661
535,188211,239,112,637
536,188530,120,713,673
537,188789,179,759,628
538,189068,219,119,669
539,189407,239,117,644
540,189706,199,807,588
541,189926,159,741,573
542,190264,100,274,293
543,190464,120,491,194
544,190603,179,430,206
545,190823,1715,583,228
546,192657,279,508,259
547,192956,518,426,235
548,193554,777,51,245
549,194392,160,396,256
550,194571,259,424,235
551,194870,299,40,243
552,195249,199,431,222
553,195687,140,421,479
554,195887,339,11,540
555,196305,219,28,588
556,196644,179,62,570
557,196963,359,59,568
558,197402,917,677,539
559,198339,678,661,530
560,199097,179,711,535
561,199456,160,89,528
562,199775,199,37,537
563,199994,160,39,544
564,200353,160,50,610
565,200692,120,20,591
566,200851,100,13,587
567,200971,239,79,581
568,201230,100,56,558
569,201689,578,65,577
570,202287,279,4,580
571,202586,399,38,590
572,203084,120,172,259
573,203224,139,238,236
574,203383,977,52,247
575,204420,159,81,649
576,204599,160,88,606
577,204779,279,42,571
578,205078,578,84,612
579,205676,140,46,624
580,205836,279,44,614
581,206174,319,121,613
582,206633,319,115,623
583,206972,120,95,617
584,207112,159,151,619
585,207371,499,83,608
586,207889,259,59,643
587,208168,778,91,602
588,209085,498,33,607
589,209624,239,97,609
590,209883,319,116,639
591,210262,239,57,584
592,210521,479,57,592
593,211019,479,106,616
594,211558,279,109,664
595,211897,1176,57,554
596,213093,239,55,534
597,213352,219,96,533
598,213751,379,20,540
599,214149,379,83,556
600,214608,179,97,578
601,214947,279,29,532
602,215246,319,52,531
603,215585,259,81,551
604,215864,319,55,555
605,216203,279,66,528
606,216542,179,119,590
607,216741,478,79,597
608,217240,239,82,616
609,217499,459,40,574
610,217997,219,23,571
611,218237,817,88,612
612,219134,120,174,575
613,219273,379,76,604
614,219672,339,39,597
615,220031,379,92,611
616,220430,538,115,639
617,220988,319,35,616
618,221387,120,107,616
619,221526,219,100,616
620,221825,140,96,645
621,222025,977,111,629
622,223062,160,61,601
623,223560,578,112,657
624,224218,100,719,532
625,224637,120,167,281
626,224836,239,57,229
627,225095,160,35,254
628,225334,100,211,253
629,225454,319,241,239
630,225833,180,51,241
631,226132,140,677,563
632,226371,140,708,546
633,226531,140,702,541
634,226750,219,684,524
635,226989,159,694,528
636,227169,179,653,527
637,227448,120,669,540
638,227587,140,675,532
639,227747,299,740,563
640,228066,179,742,555
641,228365,239,719,543
642,228644,180,717,541
643,228843,179,784,535
644,229123,100,740,549
645,229242,160,691,537
646,229422,180,686,555
647,229661,179,719,579
648,229960,179,749,576
649,230159,259,730,557
650,230438,319,700,566
651,230777,279,752,569
652,231216,479,725,554
653,231834,319,697,523
654,232173,160,752,558
655,232352,239,744,552
656,232691,439,91,626
657,233150,279,47,630
658,233449,100,84,615
659,233708,279,703,556
660,234007,219,748,565
661,234247,339,707,585
662,234805,199,734,558
663,235044,498,701,574
664,235822,439,719,571
665,236300,100,706,571
666,236420,199,754,590
667,236639,219,800,609
668,236978,219,771,630
669,237297,180,701,600
670,237516,239,755,599
671,237875,219,776,666
672,238134,179,771,679
673,238334,140,777,683
674,238573,279,730,570
675,238912,778,698,526
676,239729,120,759,686
677,240347,419,762,540
678,240846,100,756,547
679,241025,239,82,627
680,241284,319,136,617
681,241663,159,818,583
682,241922,279,734,547
683,242221,140,787,539
684,242560,100,867,574
685,242959,139,761,562
686,243159,758,104,621
687,243936,199,89,625
688,244175,140,143,603
689,244594,239,114,612
690,244933,239,769,583
691,245192,339,694,521
692,245611,120,793,582
693,245930,179,297,260
694,246129,139,458,213
695,246289,379,431,226
696,246727,179,22,245
697,246927,179,65,244
698,247146,199,285,245
699,247465,778,591,228
700,248322,279,428,220
701,248621,399,490,263
702,249040,658,437,228
703,250216,179,680,384
704,250476,219,261,361
705,250735,180,112,246
706,250934,359,41,255
707,251532,160,460,235
708,251712,439,403,250
709,252210,279,253,255
710,252529,578,434,246
711,253207,419,67,272
712,253646,518,44,272
713,254324,498,42,269
714,254862,339,325,257
715,255221,199,432,261
716,255620,179,626,431
717,255859,140,256,394
718,256038,259,229,236
719,256317,199,414,245
720,256616,379,29,273
721,257015,100,168,256
722,257135,479,241,260
723,258112,179,66,633
724,258311,239,80,626
725,258610,498,39,606
726,259129,917,65,576
727,260066,1774,41,585
728,261860,718,48,596
729,262598,299,102,611
730,262917,299,15,549
731,263236,339,63,541
732,263594,279,10,554
733,263894,598,80,560
734,264512,159,48,556
735,264731,180,97,200
736,264930,100,37,218
737,265190,219,88,534
738,265429,199,45,551
739,265648,219,102,584
740,265887,179,69,577
741,266087,977,39,531
742,267084,1097,62,597
743,268200,359,8,609
744,268579,179,83,657
745,268778,778,84,647
746,269576,179,81,645
747,269795,758,50,244
748,270593,179,220,250
749,270872,120,73,687
750,271011,259,82,654
751,271370,219,714,585
752,271709,100,771,585
753,271829,140,739,560
754,271988,199,671,535
755,272208,1057,704,525
756,273284,219,709,583
757,273563,299,684,552
758,273902,100,667,530
759,274022,239,667,527
760,274281,159,684,579
761,274460,299,696,573
762,274859,419,664,581
763,275298,239,705,597
764,275577,179,740,595
765,275776,100,712,640
766,275956,140,707,628
767,276115,259,753,622
768,276394,239,718,623
769,276694,299,76,645
770,277371,359,717,618
771,277890,140,738,636
772,278069,259,719,638
773,278448,199,79,673
774,278807,180,65,663
775,279006,160,34,628
776,279186,219,99,661
777,279804,179,76,630
778,281857,179,728,623
779,290191,120,70,609
780,294518,119,73,672
781,294677,120,58,630
782,296053,140,113,696
783,296292,159,85,682
784,297010,199,83,760
785,297349,179,84,745
786,297568,100,147,735
787,297807,100,101,749
788,298086,140,103,743
789,298385,160,148,740
790,298605,120,87,760
791,299123,319,90,682
792,299482,179,83,638
793,299721,140,86,636
794,300280,219,731,636
795,300658,120,736,607
796,300858,100,834,617
797,301575,219,738,646
798,301815,120,757,659
799,301954,140,796,667
800,302572,159,758,670
801,302851,100,734,675
802,303370,120,675,383
803,303888,239,445,243
804,304147,339,587,261
805,304506,319,583,254
806,304865,259,35,266
807,305364,359,559,254
808,305742,179,556,272
809,305942,179,564,268
810,306141,179,556,267
811,306540,299,39,282
812,307158,100,594,275
813,307337,100,463,263
814,307557,179,436,268
815,307776,239,427,224
816,308055,160,99,261
817,308235,678,49,251
818,308952,179,314,243
819,309152,558,261,247
820,309730,877,64,234
821,310647,160,326,232
822,310826,678,245,238
823,311564,160,13,245
824,311744,160,47,246
825,311983,219,65,589
826,312342,159,391,308
827,312521,120,444,270
828,312780,179,423,203
829,313339,359,660,275
830,313817,180,3,606
831,314016,120,56,593
832,314156,339,56,587
833,314754,239,69,574
834,315213,279,11,595
835,315651,120,34,596
836,315791,100,33,599
837,316010,379,36,598
838,316409,399,92,621
839,316828,159,14,614
840,317147,239,21,620
841,317525,160,46,609
842,317705,199,66,567
843,318104,199,68,582
844,318343,179,63,530
845,318542,259,41,565
846,318901,179,8,586
847,320097,279,30,602
848,320416,120,55,609
849,320556,160,96,636
850,320755,219,34,629
851,321154,120,131,661
852,321294,379,107,641
853,321712,419,100,629
854,322191,200,99,633
855,322490,179,40,604
856,322809,299,77,598
857,323307,159,39,602
858,323527,160,35,596
859,324205,160,70,616
860,324384,279,33,619
861,324703,279,36,634
862,325201,299,103,644
863,325600,179,75,621
864,325919,140,137,639
865,326298,120,734,602
866,326477,100,723,611
867,326776,199,663,587
868,327036,199,698,566
869,327275,299,666,567
870,327594,160,704,568
871,328072,279,655,567
872,328391,120,736,592
873,328830,259,734,596
874,329588,180,697,544
875,329807,100,706,553
876,329927,140,695,541
877,330305,538,665,534
878,330903,239,729,576
879,331163,140,727,572
880,331322,159,720,535
881,331561,239,670,553
882,331860,180,731,577
883,332080,100,724,583
884,332200,159,751,578
885,332379,199,710,570
886,332618,159,706,575
887,332977,199,777,561
888,333356,179,361,218
889,333575,120,456,268
890,333715,518,428,240
891,334373,160,452,237
892,334692,100,459,229
893,335250,100,614,248
894,335489,139,196,242
895,335649,100,326,235
896,335788,439,452,244
897,336247,180,554,247
898,336805,239,589,247
899,337064,120,573,244
900,337244,179,322,241
901,337443,139,256,251
902,337662,180,565,230
903,337882,239,446,233
904,338161,518,431,251
905,339955,179,463,211
906,341251,279,418,247
907,341550,419,420,232
908,341989,219,419,193
909,342248,160,422,196
910,342627,1774,421,247
911,345677,140,508,228
912,345877,279,440,244
913,346176,120,444,232
914,346375,299,433,272
915,346694,259,425,248
916,347013,798,425,244
917,348050,957,433,246
918,349027,578,433,240
919,349665,160,68,264
920,349844,219,33,260
921,350123,179,274,273
922,350323,339,237,264
923,351060,299,81,636
924,351519,140,33,581
925,351678,518,23,580
926,352356,140,62,567
927,352615,678,35,545
928,353313,279,44,585
929,353612,299,67,594
930,353931,259,11,594
931,354868,160,86,616
932,355048,100,95,599
933,355207,299,27,599
934,355546,199,54,611
935,355786,160,53,615
936,355985,160,97,670
937,356304,179,87,701
938,356503,139,81,697
939,356723,319,77,738
940,357261,179,2,552
941,357460,140,24,605
942,357680,160,55,599
943,358537,179,43,557
944,359255,199,58,562
945,359494,160,56,560
946,359793,100,22,573
947,360032,279,75,617
948,360331,100,86,595
949,360570,299,75,601
950,361268,558,92,620
951,361926,180,46,618
952,362185,379,102,613
953,362604,339,113,628
954,362963,199,95,635
955,363182,120,94,630
956,363382,319,86,619
957,363780,100,735,580
958,363920,179,727,561
959,364179,140,665,538
960,364339,259,685,535
961,364718,179,170,230
962,364917,179,269,246
963,365116,339,234,252
964,365515,339,35,258
965,365914,199,358,244
966,366153,239,487,74
967,366771,279,560,62
968,367070,578,565,-3
969,367788,139,365,123
970,367947,160,290,270
971,368147,279,67,297
972,368446,159,48,286
973,368625,179,307,297
974,368825,219,241,288
975,369243,259,703,656
976,369782,219,733,586
977,370061,459,730,571
978,370539,120,724,560
979,370719,120,750,563
980,371018,120,698,572
981,371157,179,700,558
982,371357,239,783,577
983,371716,239,696,537
984,372154,140,731,541
985,372314,120,669,541
986,372513,379,704,520
987,373171,120,725,615
988,373310,598,714,597
989,373929,199,718,609
990,374168,379,717,595
991,374706,239,667,589
992,375105,279,715,550
993,375504,279,688,530
994,375803,598,710,565
995,376421,179,779,574
996,376740,139,838,573
997,376899,100,722,573
998,377398,199,88,617
999,377617,199,59,583
1000,377836,139,88,592
1001,377996,199,125,594
1002,378215,758,94,625
1003,379132,140,804,578
1004,379352,219,751,575
1005,379691,219,791,585
1006,379990,199,131,627
1007,380209,259,105,630
1008,381086,179,402,294
1009,381286,140,495,287
1010,381445,319,601,270
1011,381784,140,524,281
1012,381983,319,580,273
1013,382402,159,593,273
1014,382581,179,602,273
1015,382781,219,598,279
1016,383120,399,500,221
1017,383538,120,497,221
1018,383678,778,500,226
1019,384476,219,413,272
1020,384795,100,617,253
1021,384914,120,644,235
1022,385373,279,15,290
1023,385672,279,57,275
1024,385971,219,332,277
1025,386270,239,26,267
1026,386689,558,438,192
1027,387287,279,29,202
1028,387586,259,25,171
1029,387865,100,23,166
1030,388104,359,442,142
1031,388563,199,20,174
1032,388782,598,-7,192
1033,389560,140,1236,219
1034,389719,678,1285,192
1035,390457,219,1165,624
1036,390716,120,1192,502
1037,391155,120,74,594
1038,391454,180,51,644
1039,391773,359,47,171
1040,392251,239,1018,740
1041,392610,439,92,118
1042,393108,379,10,173
1043,393527,160,60,177
1044,393707,279,293,174
1045,394006,279,433,176
1046,394305,199,140,186
1047,394544,259,32,186
1048,394903,439,416,139
1049,395401,179,51,163
1050,395601,678,9,179
1051,396298,120,61,199
1052,396498,120,349,206
1053,396637,140,363,189
1054,396817,259,32,184
1055,397096,339,11,182
1056,397455,339,52,184
1057,397834,399,246,185
1058,398252,279,316,193
1059,398591,179,14,185
1060,398811,179,-8,311
1061,399189,199,66,581
1062,399588,179,20,591
1063,399807,140,42,605
1064,400047,179,12,569
1065,400346,319,45,568
1066,400725,439,47,569
1067,401283,179,10,543
1068,401602,199,72,547
1069,402001,160,21,544
1070,402200,160,23,542
1071,402379,139,71,560
1072,402539,140,71,546
1073,402698,259,72,565
1074,403177,179,22,512
1075,403376,180,39,536
1076,403815,140,11,576
1077,404074,199,56,592
1078,404413,200,100,596
1079,404672,279,36,583
1080,405211,159,58,545
1081,405729,239,65,605
1082,405988,259,60,606
1083,406327,219,30,603
1084,406766,479,62,621
1085,407324,120,78,717
1086,407464,279,71,706
1087,407882,199,12,588
1088,408261,279,66,610
1089,408680,100,63,611
1090,408799,140,34,618
1091,408999,140,4,619
1092,409696,120,52,596
1093,409836,199,59,599
1094,410075,319,82,614
1095,410494,239,19,612
1096,410773,259,24,619
1097,411292,100,85,629
1098,413106,120,91,710
1099,413405,140,43,713
1100,413564,120,42,697
1101,413804,180,81,728
1102,414003,319,109,735
1103,414342,339,43,726
1104,414800,678,84,736
1105,415498,379,96,745
1106,415957,179,79,710
1107,416156,459,74,650
1108,416635,259,74,645
1109,416914,219,77,685
1110,417153,379,82,678
1111,417552,120,83,653
1112,417751,139,44,574
1113,417911,259,42,576
1114,418190,179,26,607
1115,418489,140,73,608
1116,418967,120,76,635
1117,419107,100,111,725
1118,419246,100,106,724
1119,420064,100,35,651
1120,420443,100,56,669
1121,420582,140,59,661
1122,421021,259,47,601
1123,421360,279,56,565
1124,421679,239,29,603
1125,421938,100,54,615
1126,422137,100,57,619
1127,422496,618,77,748
1128,423134,179,88,683
1129,423354,219,38,601
1130,423673,299,68,612
1131,424031,379,32,604
1132,424430,180,84,612
1133,424729,379,37,596
1134,425128,279,40,601
1135,425467,140,41,589
1136,425626,179,62,583
1137,425886,319,21,587
1138,426424,199,58,570
1139,426743,259,73,604
1140,427042,977,24,578
1141,428039,299,100,606
1142,428358,439,82,613
1143,429136,359,89,686
1144,429514,100,-5,588
1145,429634,558,42,602
1146,430372,120,84,585
1147,430810,179,16,579
1148,431010,299,73,588
1149,431349,160,147,606
1150,431648,160,97,657
1151,432226,160,51,614
1152,432545,160,105,252
1153,432724,219,34,256
1154,432964,219,40,188
1155,433203,578,37,165
1156,433881,199,65,658
1157,434100,179,43,629
1158,434339,140,68,616
1159,434539,100,120,635
1160,434658,319,112,626
1161,435117,479,104,669
1162,435635,239,37,599
1163,435894,179,80,624
1164,436433,139,92,422
1165,436592,179,241,412
1166,436811,100,308,387
1167,437071,159,717,555
1168,437649,219,701,534
1169,438048,139,714,545
1170,438267,758,690,539
1171,439044,139,727,514
1172,439244,120,655,528
1173,439383,319,681,540
1174,439782,578,666,522
1175,440380,179,678,506
1176,440580,179,723,551
1177,440779,179,722,528
1178,440978,140,785,541
1179,441397,319,731,535
1180,441796,120,717,568
1181,441935,259,668,549
1182,442434,239,771,539
1183,443251,319,737,627
1184,443909,180,107,568
1185,444128,140,56,593
1186,444288,279,61,554
1187,444707,100,104,572
1188,444926,159,87,615
1189,445165,339,107,641
1190,445743,100,725,608
1191,445863,279,762,574
1192,446441,140,156,261
1193,446700,279,300,216
1194,446999,319,234,197
1195,447378,100,376,158
1196,447598,180,47,198
1197,447797,239,32,196
1198,448096,279,368,193
1199,448515,718,429,178
1200,449252,319,603,178
1201,449591,339,597,177
1202,450309,179,419,188
1203,450509,219,491,209
1204,450788,180,17,207
1205,450987,339,43,195
1206,451386,479,298,208
1207,451884,100,414,190
1208,452084,279,58,190
1209,452403,259,308,190
1210,452682,339,246,193
1211,453080,379,311,189
1212,453539,140,665,738
1213,453878,180,716,651
1214,454077,120,763,660
1215,454217,299,750,624
1216,454636,120,747,625
1217,454775,100,737,611
1218,455094,120,103,594
1219,455294,160,152,622
1220,455473,199,103,605
1221,455732,239,103,662
1222,456211,359,754,619
1223,456669,239,731,628
1224,457068,199,758,620
1225,457367,180,754,528
1226,457566,179,809,590
1227,457766,239,742,595
1228,458065,180,743,594
1229,458264,100,740,575
1230,458384,259,749,595
1231,458822,160,752,585
1232,459002,179,739,582
1233,459221,140,711,594
1234,459381,179,753,596
1235,459959,140,715,597
1236,460278,120,703,590
1237,460617,140,713,602
1238,460856,160,787,644
1239,461115,140,758,687
1240,461514,139,471,210
1241,461733,100,428,187
1242,461913,180,588,172
1243,462152,339,591,168
1244,462770,179,718,170
1245,463009,120,566,175
1246,463149,558,603,171
1247,463727,160,614,181
1248,463906,100,617,181
1249,464026,658,444,174
1250,464704,478,597,178
1251,465202,279,609,189
1252,465501,120,602,195
1253,465701,299,608,181
1254,466020,698,616,177
1255,466837,100,624,179
1256,466997,179,438,185
1257,468014,120,620,220
1258,468153,140,601,177
1259,468353,140,450,179
1260,468512,279,453,169
1261,468811,678,427,172
1262,469529,199,590,182
1263,469808,179,431,184
1264,471383,180,433,162
1265,471702,1236,419,184
1266,473058,120,55,208
1267,473197,239,39,203
1268,473457,180,304,196
1269,473656,279,216,200
1270,474075,219,43,201
1271,474314,219,261,200
1272,474553,479,232,196
1273,475151,279,54,206
1274,475490,578,238,193
1275,476148,179,23,203
1276,476387,100,79,596
1277,477165,299,22,587
1278,478062,179,259,234
1279,478261,399,229,209
1280,478700,259,34,201
1281,479099,140,45,586
1282,479298,120,31,568
1283,479458,279,61,541
1284,479817,100,59,545
1285,480215,140,22,567
1286,480714,239,53,543
1287,481113,159,56,540
1288,481332,219,16,548
1289,481591,359,55,581
1290,481970,100,62,525
1291,482189,140,57,524
1292,482568,100,39,591
1293,482747,100,121,274
1294,482867,439,42,216
1295,483365,100,16,528
1296,483984,359,55,563
1297,484582,179,15,545
1298,484781,179,58,559
1299,485020,299,80,593
1300,485419,140,95,568
1301,485718,140,18,581
1302,485918,120,48,571
1303,486057,100,46,589
1304,486216,140,56,581
1305,486396,160,68,588
1306,486675,279,26,608
1307,487413,199,29,625
1308,487792,160,56,631
1309,488131,219,706,746
1310,488489,459,708,818
1311,488968,199,674,797
1312,489287,259,701,804
1313,489566,140,708,809
1314,489726,219,723,809
1315,489965,100,710,804
1316,490543,120,36,588
1317,490683,239,45,536
1318,490982,379,42,528
1319,491480,180,45,608
1320,491679,179,49,607
1321,491879,120,63,604
1322,492337,120,746,790
1323,492577,179,701,798
1324,492876,199,724,761
1325,493334,199,727,704
1326,493613,100,710,711
1327,493753,140,791,592
1328,494251,259,686,493
1329,494630,239,704,439
1330,494909,219,808,419
1331,495468,140,323,555
1332,495687,100,516,503
1333,496006,180,777,758
1334,496225,120,725,828
1335,496604,339,756,799
1336,496963,259,737,803
1337,497701,160,92,556
1338,497900,359,64,611
1339,498338,100,750,770
1340,498678,279,726,810
1341,499196,279,586,325
1342,499635,160,208,359
1343,499874,179,282,176
1344,500073,179,456,208
1345,500272,119,403,198
1346,500472,339,31,202
1347,500871,179,285,211
1348,501070,180,237,205
1349,501269,1017,424,200
1350,502306,558,428,208
1351,502884,160,490,209
1352,503223,399,421,197
1353,503642,180,412,201
1354,505377,339,425,192
1355,505755,259,430,210
1356,506074,120,435,198
1357,506393,817,435,203
1358,507450,100,428,206
1359,507928,299,36,222
1360,508248,120,38,192
1361,508427,199,294,192
1362,508646,319,220,197
1363,508985,120,217,213
1364,509125,399,46,213
1365,509563,199,293,219
1366,509783,259,219,217
1367,510122,179,48,222
1368,510461,538,53,592
1369,511059,339,52,575
1370,511418,219,35,589
1371,511657,259,54,574
1372,511936,359,51,547
1373,512454,100,-21,540
1374,512574,120,22,538
1375,512813,319,69,540
1376,513152,339,64,543
1377,513551,239,752,584
1378,514009,179,166,167
1379,514209,738,39,206
1380,515006,299,242,222
1381,515565,658,694,533
1382,516302,439,666,530
1383,516801,219,700,526
1384,517040,179,707,525
1385,517239,339,700,529
1386,517698,199,662,514
1387,517917,120,661,529
1388,518097,319,724,549
1389,518456,139,717,584
1390,518735,100,724,580
1391,519094,179,716,580
1392,519393,299,57,547
1393,519811,100,789,567
1394,520011,100,730,576
1395,520130,100,719,565
1396,520409,100,722,588
1397,520529,140,720,580
1398,521087,180,691,591
1399,521346,180,694,582
1400,521645,120,731,590
1401,522124,140,65,546
1402,522423,180,72,537
1403,522682,140,32,541
1404,522981,120,25,530
1405,523121,140,29,542
1406,523420,120,12,530
1407,523579,180,9,545
1408,523779,120,84,563
1409,523918,160,91,568
1410,524178,937,77,577
1411,525493,160,681,554
1412,525733,199,705,580
1413,525972,239,678,583
1414,526530,339,740,589
1415,526929,140,769,606
1416,527407,140,755,640
1417,527706,120,739,664
1418,527846,140,741,652
1419,528006,339,741,665
1420,528683,100,736,702
1421,528803,120,751,731
1422,529341,180,748,608
1423,529700,219,742,589
1424,529999,140,755,643
1425,530338,100,748,637
1426,530458,120,754,597
1427,530637,179,763,682
1428,530877,140,745,681
1429,531255,179,753,692
1430,531455,160,749,669
1431,531634,140,753,649
1432,532113,100,249,179
1433,532232,219,443,203
1434,532472,399,427,216
1435,533229,100,85,214
1436,533429,120,38,229
1437,533628,120,261,214
1438,534585,419,504,239
1439,535083,439,434,203
1440,535622,140,64,239
1441,535781,219,39,234
1442,536040,199,262,239
1443,536260,299,232,236
1444,536579,219,313,226
1445,536818,279,426,224
1446,537137,179,209,221
1447,537336,159,224,226
1448,537516,419,44,233
1449,538014,498,232,229
1450,538533,319,312,232
1451,538871,140,159,244
1452,539031,419,49,239
1453,539809,239,243,240
1454,540307,139,71,526
1455,540626,758,258,231
1456,541942,239,58,544
1457,542301,179,49,527
1458,542759,120,63,573
1459,542939,140,10,557
1460,543118,120,30,531
1461,543298,180,132,299
1462,543497,219,29,269
1463,543736,279,39,224
1464,544035,439,236,221
1465,544514,359,45,240
1466,545132,279,219,251
1467,545491,120,47,581
1468,545790,399,41,535
1469,546208,160,45,537
1470,546388,179,43,532
1471,546886,279,22,549
1472,547185,279,71,562
1473,547484,239,65,563
1474,547843,120,104,577
1475,548142,339,44,562
1476,548601,219,9,578
1477,548860,259,24,579
1478,549179,120,29,562
1479,549797,120,56,586
1480,549937,219,55,584
1481,550296,219,86,616
1482,550535,100,0,604
1483,550894,140,48,611
1484,551153,160,62,600
1485,551352,179,83,635
1486,551572,140,73,722
1487,551871,239,72,660
1488,552130,239,80,651
1489,552529,100,72,606
1490,552668,359,77,727
1491,553047,219,77,709
1492,553286,319,66,665
1493,553625,140,68,723
1494,553825,578,51,694
1495,554482,379,77,707
1496,554881,279,49,722
1497,555180,419,47,715
1498,555818,160,98,735
1499,556018,179,90,722
1500,556317,279,76,709
1501,556616,199,54,552
1502,557214,179,46,606
1503,557513,179,669,601
1504,558011,120,694,505
1505,558311,698,652,513
1506,559208,139,695,586
1507,559367,179,685,597
1508,559606,199,660,580
1509,559826,319,716,588
1510,560424,199,720,644
1511,560643,139,754,657
1512,560823,100,752,668
1513,560942,140,720,660
1514,561600,100,714,640
1515,561740,179,715,634
1516,561939,179,720,609
1517,562139,179,727,609
1518,562398,179,733,692
1519,562637,239,722,678
1520,563056,120,732,581
1521,563793,239,803,629
1522,564092,279,698,615
1523,564392,179,692,612
1524,564830,180,670,609
1525,565109,219,672,617
1526,565428,100,734,667
1527,565648,219,76,682
1528,565986,100,67,705
1529,566385,120,733,636
1530,566604,180,749,630
1531,566804,100,696,693
1532,567023,199,58,718
1533,567243,160,35,706
1534,567422,598,43,707
1535,568080,379,99,722
1536,568518,239,102,731
1537,568778,219,92,747
1538,569017,139,112,733
1539,569176,179,106,736
1540,569515,140,707,664
1541,569735,160,753,668
1542,570173,279,740,719
1543,570572,279,757,757
1544,571130,120,760,725
1545,571589,160,758,723
1546,572067,139,755,669
1547,572227,219,745,666
1548,572586,219,741,643
1549,573284,199,758,694
1550,573563,179,781,730
1551,573762,319,749,762
1552,574181,120,787,699
1553,574320,120,778,683
1554,574460,199,871,663
1555,575257,179,267,230
1556,575457,120,447,210
1557,575596,100,423,209
1558,575716,1017,419,223
1559,576952,180,389,205
1560,577152,1595,427,222
1561,579803,199,398,207
1562,580022,299,429,243
1563,580341,618,433,226
1564,580979,798,430,233
1565,583073,120,464,256
1566,583252,199,416,221
1567,583492,160,45,237
1568,584090,160,87,220
1569,584369,120,358,231
1570,584528,219,253,234
1571,584788,957,421,245
1572,585784,159,187,244
1573,585964,199,238,252
1574,586203,239,29,246
1575,586462,179,45,243
1576,586741,199,284,230
1577,586961,738,232,244
1578,587718,479,50,246
1579,588516,120,40,586
1580,588855,279,3,600
1581,589154,219,48,608
1582,589393,199,63,614
1583,589612,219,73,587
1584,589991,160,49,550
1585,590250,439,87,692
1586,590749,179,102,683
1587,590968,259,105,690
1588,591247,180,113,704
1589,591447,379,90,676
1590,591945,419,110,680
1591,592503,120,717,729
1592,592643,100,728,657
1593,592862,259,722,720
1594,593161,558,740,687
1595,593759,179,750,774
1596,593979,179,737,713
1597,594278,140,736,636
1598,594437,120,743,656
1599,594657,379,743,677
1600,595275,140,772,679
1601,595534,139,283,180
1602,595733,239,66,231
1603,595992,160,43,256
1604,596172,897,252,246
1605,597089,179,90,251
1606,597288,518,48,255
1607,597847,259,56,667
1608,598584,120,728,721
1609,598784,139,742,701
1610,599123,140,778,669
1611,599461,180,756,703
1612,599661,159,739,688
1613,599940,259,736,693
1614,600259,160,747,764
1615,600438,100,741,764
1616,600718,279,734,632
1617,601156,379,758,692
1618,601674,140,737,695
1619,601834,199,747,684
1620,602074,159,764,699
1621,602412,339,743,681
1622,602931,219,702,673
1623,603170,219,708,692
1624,603409,199,707,684
1625,603728,419,761,704
1626,604167,120,758,706
1627,604526,299,758,698
1628,604845,219,726,676
1629,605263,498,748,682
1630,606160,219,776,674
1631,606739,100,785,687
1632,606938,180,787,726
1633,607177,140,829,726
1634,607437,219,732,680
1635,610387,100,96,671
1636,610846,319,756,701
1637,611185,219,738,730
1638,611424,159,765,729
1639,611683,120,732,719
1640,612401,439,774,691
1641,613139,140,244,186
1642,613298,239,431,242
1643,613637,100,105,250
1644,613757,279,45,250
1645,614136,279,243,261
1646,614794,219,592,255
1647,615132,120,418,247
1648,615432,379,463,246
1649,615830,179,463,238
1650,616030,419,466,234
1651,616548,518,422,233
1652,617086,219,437,232
1653,617365,160,569,244
1654,617585,120,606,247
1655,617744,159,598,244
1656,618063,140,405,263
1657,618322,239,484,298
1658,618741,179,482,300
1659,618960,339,406,244
1660,619339,199,404,246
1661,619558,578,242,258
1662,620177,239,28,267
1663,620516,140,315,263
1664,620715,179,224,257
1665,621174,219,421,219
1666,621413,100,435,228
1667,621532,459,412,193
1668,622051,139,427,161
1669,622210,199,409,141
1670,622469,120,175,177
1671,622609,120,224,173
1672,622848,100,228,156
1673,622968,219,13,176
1674,623207,120,-10,184
1675,623367,219,15,311
1676,623606,139,10,276
1677,623765,279,93,272
1678,624064,160,18,203
1679,624284,299,264,261
1680,624603,179,5,202
1681,624802,279,36,168
1682,625101,120,-9,166
1683,625301,120,336,159
1684,625440,179,435,163
1685,625639,179,285,185
1686,625839,160,233,187
1687,626038,339,59,176
1688,626397,419,234,169
1689,627095,259,66,183
1690,627474,199,38,168
1691,627713,758,241,163
1692,628510,159,42,188
1693,628690,319,42,179
1694,629089,179,69,685
1695,629308,120,97,753
1696,629607,279,80,718
1697,629926,199,77,710
1698,630305,160,34,510
1699,630903,219,69,543
1700,631182,379,64,606
1701,631581,140,49,600
1702,631920,299,18,592
1703,632338,219,11,603
1704,632578,100,11,602
1705,632877,180,16,589
1706,633076,239,81,586
1707,633335,259,81,586
1708,634133,180,79,592
1709,634711,279,668,608
1710,635010,179,672,572
1711,635528,140,656,575
1712,635688,100,701,541
1713,635808,319,704,551
1714,636226,199,644,571
1715,636944,160,724,575
1716,637183,180,22,557
1717,637702,120,87,612
1718,638778,199,719,593
1719,639117,100,753,586
1720,639436,100,52,575
1721,639775,379,79,596
1722,640274,100,760,594
1723,640593,160,710,585
1724,640772,140,675,551
1725,641171,140,732,563
1726,641430,120,197,183
1727,641570,578,260,190
1728,642188,359,37,180
1729,642666,199,250,172
1730,643105,100,723,567
1731,643603,199,793,549
1732,644680,139,691,584
1733,645138,179,724,580
1734,646075,100,738,612
1735,646215,100,733,603
1736,646374,100,764,575
1737,646634,140,766,586
1738,646992,160,732,605
1739,647172,179,802,595
1740,647670,179,745,608
1741,648089,219,820,602
1742,648388,259,767,603
1743,648667,199,730,593
1744,648986,160,751,587
1745,649206,100,828,585
1746,649325,180,830,577
1747,649704,199,728,615
1748,650103,179,813,614
1749,650362,100,727,611
1750,651160,179,428,143
1751,651359,179,376,160
1752,651558,219,256,178
1753,651857,120,482,164
1754,651997,279,427,158
1755,652356,479,249,165
1756,652854,179,445,161
1757,653073,957,597,165
1758,654050,199,564,186
1759,654270,578,494,189
1760,654868,758,427,170
1761,655665,259,218,182
1762,655944,100,285,172
1763,656064,359,38,186
1764,656443,339,232,183
1765,656882,1057,261,183
1766,657978,339,43,189
1767,658337,299,250,188
1768,658796,140,269,194
1769,658995,239,437,175
1770,659294,239,251,183
1771,659593,498,412,182
1772,660131,259,249,172
1773,660490,279,47,183
1774,660809,359,244,184
1775,661647,119,21,577
1776,661826,339,34,576
1777,662584,379,16,589
1778,663082,180,17,588
1779,663381,179,23,590
1780,663680,239,77,611
1781,663959,199,92,652
1782,664278,239,33,628
1783,664797,299,68,612
1784,665235,239,101,598
1785,665494,179,104,587
1786,666192,120,116,678
1787,666471,239,50,708
1788,667129,120,28,609
1789,667269,379,98,609
1790,667708,140,101,632
1791,668106,638,83,655
1792,668964,339,29,586
1793,669562,618,47,219
1794,670200,279,29,180
1795,670499,339,248,182
1796,671496,239,668,564
1797,671795,100,696,551
1798,672094,100,690,530
1799,672293,100,682,526
1800,672453,140,696,529
1801,672632,199,638,528
1802,672851,239,665,542
1803,673150,100,670,550
1804,673549,100,741,576
1805,673669,120,696,608
1806,673848,279,706,563
1807,674247,100,697,565
1808,674766,100,704,596
1809,675084,140,692,626
1810,675244,180,717,643
1811,675882,100,737,638
1812,676141,199,688,644
1813,676380,160,742,603
1814,676580,100,741,607
1815,676699,140,734,611
1816,677098,120,734,683
1817,677258,319,809,672
1818,677656,159,789,689
1819,677856,180,759,671
1820,678135,120,764,684
1821,678314,160,713,632
1822,678753,199,88,641
1823,679072,100,86,624
1824,679192,120,45,600
1825,679331,180,45,584
1826,679790,239,417,164
1827,680129,538,439,187
1828,680747,319,445,186
1829,681086,239,446,183
1830,681365,279,585,179
1831,681764,160,412,167
1832,681963,259,592,182
1833,682242,598,480,208
1834,682860,638,422,169
1835,683538,119,163,198
1836,683677,239,239,191
1837,683937,219,276,186
1838,684176,419,230,188
1839,684615,439,38,199
1840,685073,558,232,199
1841,685711,498,44,195
1842,686249,738,-8,206
1843,687167,219,99,263
1844,687725,140,32,602
1845,687924,199,37,610
1846,688144,140,85,608
1847,688522,658,44,570
1848,689220,100,36,571
1849,690576,120,41,596
1850,690835,140,8,610
1851,691054,100,4,603
1852,691174,120,5,617
1853,691413,239,74,645
1854,691672,120,75,647
1855,691932,160,62,698
1856,692350,100,76,662
1857,692550,180,82,679
1858,692809,279,91,639
1859,693108,179,75,687
1860,693307,180,80,686
1861,693606,279,113,685
1862,693985,299,46,690
1863,694504,120,727,704
1864,694703,120,705,653
1865,694922,100,670,642
1866,695162,120,666,653
1867,695441,259,678,639
1868,695800,179,697,597
1869,696158,140,663,537
1870,696318,100,659,515
1871,696438,140,694,538
1872,696756,160,678,544
1873,696956,120,655,525
1874,697095,100,676,530
1875,697235,160,658,518
1876,697694,179,700,511
1877,697993,160,640,524
1878,698192,100,638,517
1879,698331,140,671,608
1880,698651,179,703,602
1881,698870,199,657,597
1882,699109,100,725,618
1883,699229,100,742,611
1884,699608,259,726,634
1885,699907,100,769,612
1886,700385,179,714,628
1887,700604,100,718,622
1888,700784,100,738,588
1889,701043,179,52,676
1890,701362,100,81,675
1891,701641,119,737,655
1892,701781,140,720,635
1893,702040,219,835,608
1894,702379,319,714,621
1895,703495,159,714,648
1896,703695,199,672,606
1897,703934,219,673,590
1898,704313,100,660,540
1899,704572,120,687,563
1900,704732,120,649,551
1901,704931,140,655,546
1902,705310,100,723,521
1903,705429,140,719,527
1904,705609,160,703,522
1905,706087,180,696,515
1906,706506,100,697,568
1907,706805,219,649,566
1908,707124,100,675,543
1909,707443,140,654,516
1910,707682,279,695,585
1911,707981,419,655,581
1912,708579,120,730,657
1913,708719,140,728,635
1914,708878,180,696,694
1915,709138,179,703,680
1916,709337,100,690,707
1917,709596,259,703,711
1918,709875,100,700,686
1919,709995,199,703,684
1920,710234,120,702,698
1921,710394,219,689,598
1922,710633,120,701,603
1923,710832,219,734,612
1924,711331,160,732,650
1925,712388,259,733,650
1926,712667,299,671,618
1927,712986,259,730,599
1928,713325,219,833,614
1929,713803,160,745,680
1930,713982,100,745,677
1931,714282,199,742,644
1932,714541,419,704,610
1933,715458,219,757,618
1934,716076,199,713,599
1935,716355,180,718,642
1936,716555,179,734,594
1937,716814,120,720,677
1938,716953,279,721,650
1939,717252,140,715,650
1940,717511,180,718,649
1941,717771,259,740,673
1942,718070,179,733,664
1943,718269,100,740,653
1944,718389,180,731,654
1945,718787,399,743,701
1946,719206,180,752,703
1947,719445,140,761,775
1948,719844,140,759,717
1949,720024,120,740,643
1950,720183,379,735,641
1951,720642,100,752,627
1952,720761,299,741,671
1953,721658,120,723,717
1954,721798,160,751,777
1955,722097,160,718,789
1956,722376,140,682,809
1957,722536,100,730,804
1958,723233,100,691,612
1959,723373,239,746,609
1960,724549,120,733,649
1961,725187,120,740,681
1962,725586,120,733,707
1963,725865,140,735,701
1964,726424,179,292,191
1965,726623,219,224,203
1966,726962,159,215,204
1967,727161,140,264,186
1968,727879,100,737,710
1969,728318,140,739,663
1970,728617,100,758,707
1971,728776,180,773,690
1972,728995,100,742,657
1973,729115,299,750,681
1974,729534,160,764,732
1975,729932,159,697,718
1976,730132,180,790,742
1977,730371,259,741,738
1978,730730,120,781,762
1979,730909,179,698,687
1980,731228,179,774,698
1981,731468,299,734,707
1982,731966,100,770,727
1983,732205,139,742,676
1984,732784,159,742,610
1985,733063,100,749,736
1986,733561,219,736,758
1987,733940,119,299,216
1988,734079,160,422,183
1989,734279,259,242,199
1990,734558,279,220,197
1991,734857,439,44,203
1992,736133,100,733,786
1993,736312,219,747,761
1994,736552,120,722,719
1995,736691,140,726,700
1996,736851,219,737,714
1997,737150,100,741,799
1998,737449,120,754,778
1999,737648,239,722,813
2000,737987,199,728,808
2001,738207,140,731,798
2002,738565,100,773,793
2003,738765,199,713,800
2004,739084,100,760,819
2005,739303,239,765,820
2006,739642,100,700,815
2007,739802,339,695,818
2008,740360,259,752,844
2009,740639,339,763,821
2010,741038,179,699,832
2011,741257,160,722,812
2012,741716,100,111,714
2013,742035,139,75,695
2014,742653,120,58,707
2015,742812,120,58,694
2016,742972,319,36,602
2017,743370,100,68,621
2018,743749,279,82,696
2019,744288,199,95,703
2020,744666,100,98,713
2021,744906,319,60,717
2022,745304,219,88,706
2023,745583,120,763,777
2024,746082,180,760,810
2025,746580,239,115,724
2026,746939,179,67,711
2027,747178,239,86,706
2028,747916,120,728,674
2029,748355,120,306,344
2030,748554,179,461,169
2031,748754,199,427,180
2032,749052,120,102,212
2033,749192,199,28,210
2034,749551,120,238,219
2035,749690,199,265,214
2036,749950,817,426,209
2037,750907,219,599,217
2038,751146,479,604,207
2039,751684,140,594,191
2040,752043,618,490,249
2041,752681,140,485,248
2042,752880,738,430,201
2043,753678,140,87,224
2044,753838,239,36,232
2045,754097,140,28,227
2046,754256,359,223,222
2047,754695,120,432,212
2048,754854,459,25,223
2049,755432,100,205,222
2050,755552,100,227,225
2051,755791,160,13,566
2052,756390,120,44,595
2053,756629,200,85,707
2054,757028,179,74,699
2055,757247,219,83,703
2056,757745,160,73,722
2057,757925,279,74,715
2058,758344,159,80,727
2059,758922,120,707,702
2060,759121,100,696,719
2061,759261,239,687,712
2062,759839,100,671,593
2063,759978,120,678,587
2064,760158,139,724,600
2065,760676,180,698,580
2066,761115,199,702,628
2067,761334,279,707,623
2068,761633,120,704,621
2069,761773,160,738,629
2070,762032,259,709,633
2071,762311,100,666,607
2072,762510,199,711,592
2073,762730,259,714,610
2074,763328,159,710,655
2075,763507,100,738,665
2076,763846,140,797,650
2077,764006,239,721,648
2078,764344,140,678,641
2079,764504,140,700,632
2080,764664,120,697,612
2081,764863,120,710,629
2082,765042,140,697,635
2083,765541,100,682,584
2084,765900,219,729,664
2085,766139,359,686,671
2086,766518,159,708,654
2087,766757,120,740,650
2088,766917,160,722,655
2089,767256,120,102,693
2090,767395,180,66,727
2091,767634,140,61,697
2092,767794,140,64,699
2093,768192,100,99,760
2094,768312,279,96,749
2095,768850,159,93,755
2096,769289,100,60,663
2097,769429,160,81,640
2098,769728,100,74,630
2099,770086,120,96,702
2100,770226,139,86,702
2101,770445,100,715,631
2102,770605,379,730,680
2103,771622,200,741,642
2104,772040,140,704,579
2105,772200,120,707,590
2106,772479,199,67,668
2107,772698,219,61,615
2108,772978,120,44,596
2109,773536,159,84,726
2110,773715,159,97,728
2111,773895,279,119,727
2112,774194,120,81,726
2113,774373,239,80,717
2114,774892,100,82,746
2115,775350,439,112,748
2116,776267,159,123,741
2117,776566,179,64,715
2118,776806,120,111,714
2119,776945,239,114,717
2120,777663,498,71,713
2121,778520,140,76,732
2122,778700,199,76,725
2123,778919,239,83,725
2124,779178,120,88,728
2125,779318,239,105,724
2126,779577,578,84,742
2127,780653,140,310,215
2128,780853,140,477,225
2129,781012,359,419,217
2130,781391,140,519,197
2131,781670,359,529,202
2132,782049,219,523,212
2133,782308,219,533,218
2134,782587,140,611,230
2135,782747,299,429,205
2136,783245,199,591,209
2137,783584,359,589,224
2138,783963,100,598,227
2139,784103,120,466,197
2140,784242,279,465,205
2141,784541,239,456,205
2142,784800,339,595,219
2143,785199,439,569,223
2144,785678,558,417,218
2145,787532,698,435,222
2146,788250,120,360,225
2147,788389,379,401,238
2148,789107,558,413,251
2149,789705,459,31,244
2150,790184,100,227,239
2151,790403,219,230,231
2152,790682,538,33,233
2153,791240,319,228,243
2154,791579,219,219,228
2155,791858,459,30,228
2156,792337,160,189,228
2157,792516,638,216,235
2158,793394,179,626,192
2159,793872,279,48,232
2160,794191,499,229,235
2161,794829,179,253,196
2162,795028,140,207,235
2163,795188,439,42,220
2164,795647,379,223,238
2165,796065,499,44,245
2166,797301,179,54,557
2167,797879,100,26,622
2168,797999,140,15,593
2169,798159,179,15,608
2170,798497,120,47,608
2171,798737,279,49,554
2172,799076,100,50,536
2173,799255,259,64,579
2174,799694,259,46,560
2175,800092,160,56,575
2176,800372,180,-5,577
2177,800990,319,663,565
2178,801329,279,656,581
2179,801628,120,660,549
2180,801807,100,684,552
2181,801927,279,687,535
2182,802365,100,649,577
2183,802485,179,647,576
2184,802744,339,663,546
2185,803103,199,671,531
2186,803362,219,701,529
2187,803721,180,725,567
2188,804558,199,676,544
2189,804878,219,736,590
2190,805117,120,754,639
2191,805954,239,726,577
2192,806373,120,766,630
2193,806532,259,769,614
2194,807150,339,1093,719
2195,807509,299,1099,750
2196,807848,140,1077,784
2197,808147,140,1099,734
2198,808307,100,1139,724
2199,808426,120,1088,735
2200,808686,100,722,631
2201,808945,239,739,576
2202,809204,179,736,581
2203,809802,120,57,580
2204,809942,139,48,570
2205,810101,100,45,564
2206,810320,100,28,577
2207,810440,159,23,578
2208,810620,100,25,566
2209,810819,259,28,585
2210,811218,100,73,597
2211,811417,159,134,623
2212,811636,140,92,587
2213,811796,140,176,578
2214,812015,160,72,607
2215,812195,120,90,609
2216,812434,179,236,179
2217,812633,199,438,211
2218,813012,479,38,239
2219,813530,140,189,258
2220,813690,279,228,247
2221,813989,219,393,245
2222,814288,279,603,259
2223,814627,140,609,250
2224,814886,239,588,245
2225,815145,120,592,232
2226,815285,120,598,242
2227,815424,100,497,280
2228,815624,359,482,291
2229,816003,159,488,303
2230,816282,179,450,243
2231,816641,339,415,250
2232,817079,199,178,232
2233,817478,140,56,166
2234,817757,120,162,132
2235,817897,179,190,147
2236,818096,120,104,159
2237,818236,120,104,142
2238,818375,140,154,140
2239,818535,179,230,146
2240,818734,399,189,147
2241,819292,140,61,152
2242,819452,359,116,150
2243,820449,180,8,541
2244,820748,140,24,533
2245,821206,100,53,547
2246,821346,219,17,544
2247,821725,239,105,538
2248,821984,140,79,584
2249,823180,160,62,537
2250,823360,160,9,597
2251,823998,219,-1,529
2252,824656,100,649,528
2253,824935,219,651,506
2254,825174,259,662,528
2255,825453,100,658,534
2256,825573,239,659,521
2257,826091,179,709,522
2258,826869,339,36,537
2259,827227,279,59,525
2260,827846,179,666,491
2261,828045,180,676,502
2262,828324,100,32,501
2263,828464,199,40,508
2264,828982,439,707,512
2265,829560,219,44,542
2266,829859,120,87,527
2267,830358,160,69,516
2268,830537,159,-2,518
2269,830736,259,8,532
2270,831155,239,71,533
2271,831514,100,721,533
2272,831634,160,688,513
2273,832112,179,12,552
2274,832531,100,93,558
2275,832650,199,82,557
2276,832970,120,715,529
2277,833149,179,652,516
2278,833468,219,726,533
2279,833966,219,660,509
2280,834226,219,706,503
2281,834465,359,703,509
2282,834864,120,721,520
2283,835142,100,127,537
2284,835262,219,41,529
2285,835621,160,652,487
2286,835801,219,691,509
2287,836100,180,146,192
2288,836299,937,57,190
2289,837296,140,348,195
2290,837455,538,242,184
2291,838213,160,836,179
2292,838492,199,282,174
2293,838751,160,464,183
2294,838990,538,188,187
2295,839549,219,270,209
2296,839788,239,218,194
2297,840087,319,34,227
2298,840426,638,29,267
2299,841084,279,49,222
2300,841523,538,50,276
2301,842081,279,50,240
2302,842380,120,133,236
2303,842520,179,70,230
2304,842779,1236,238,233
2305,844573,140,697,638
2306,845191,160,40,608
2307,845769,100,748,594
2308,846088,119,713,670
2309,846228,140,709,667
2310,846527,179,82,241
2311,846726,1734,92,245
2312,848720,100,699,608
2313,848959,160,711,688
2314,849538,180,702,515
2315,849737,100,696,505
2316,850076,120,709,535
2317,850215,100,728,540
2318,850475,159,732,623
2319,850654,140,731,612
2320,850913,199,50,592
2321,851272,100,76,554
2322,851452,120,72,543
2323,851810,219,717,519
2324,852309,219,728,614
2325,852628,100,723,644
2326,852767,139,740,612
2327,852967,219,742,534
2328,853485,100,70,204
2329,853605,897,42,271
2330,854522,778,33,260
2331,855319,100,33,268
2332,858350,100,35,255
2333,858469,120,90,256
2334,858609,120,99,238
2335,858888,239,230,242
2336,859167,778,229,245
2337,859965,1156,233,237
2338,862916,120,296,263
2339,863055,120,235,259
2340,863195,239,244,262
2341,863474,160,54,255
2342,863952,479,51,263
2343,864451,499,236,251
2344,864989,259,34,254
2345,865268,758,30,258
2346,866305,319,62,556
2347,866644,120,49,553
2348,866783,139,47,547
2349,867382,160,117,568
2350,867561,180,53,567
2351,867880,100,756,609
2352,868339,339,727,582
2353,868857,100,740,567
2354,868977,100,747,547
2355,869276,299,685,587
2356,869634,140,35,572
2357,869934,100,76,586
2358,870751,160,696,582
2359,870930,180,688,596
2360,871230,199,675,582
2361,871648,219,717,599
2362,871967,199,786,620
2363,872266,100,748,737
2364,872525,498,75,571
2365,873243,160,75,563
2366,873482,279,80,559
2367,873921,578,66,552
2368,874519,140,95,570
2369,874778,199,730,595
2370,875038,199,725,591
2371,875376,219,722,578
2372,875636,140,696,571
2373,875975,139,742,597
2374,876274,100,727,590
2375,877031,379,81,586
2376,877430,299,72,539
2377,878048,199,727,567
2378,878387,339,720,540
2379,878766,239,748,607
2380,879045,179,730,581
2381,879543,120,87,540
2382,879683,160,110,560
2383,879962,120,660,558
2384,880221,180,253,226
2385,880421,319,227,245
2386,880760,1655,255,248
2387,882933,120,190,337
2388,883072,179,201,265
2389,883272,1695,80,240
2390,885086,160,720,608
2391,885465,140,47,562
2392,885704,259,30,538
2393,885983,498,46,603
2394,886562,179,17,627
2395,886920,140,43,533
2396,887120,120,15,526
2397,887259,897,19,551
2398,888176,100,11,565
2399,888296,179,5,568
2400,888495,299,78,588
2401,888814,259,147,577
2402,889094,239,78,601
2403,889392,179,699,577
2404,889612,319,670,520
2405,890090,100,723,526
2406,890290,100,671,503
2407,890449,179,665,504
2408,890669,259,698,507
2409,890948,120,693,516
2410,891087,339,669,534
2411,891446,120,670,532
2412,891586,179,716,553
2413,891905,120,771,535
2414,892084,160,117,566
2415,892264,359,56,587
2416,892642,279,91,594
2417,892961,1396,62,594
2418,894377,299,97,608
2419,894696,120,115,625
2420,894875,239,757,546
2421,895135,179,709,599
2422,895434,120,729,570
2423,895573,139,740,572
2424,895832,120,740,548
2425,896032,199,676,538
2426,896251,299,702,534
2427,896570,200,749,529
2428,896889,658,687,542
2429,897567,140,685,551
2430,897726,239,711,560
2431,898165,239,714,577
2432,898424,120,797,580
2433,898644,199,857,573
2434,898863,160,762,561
2435,899122,179,55,626
2436,899341,199,195,226
2437,899561,160,61,227
2438,899740,279,62,178
2439,900039,259,36,173
2440,900338,359,230,174
2441,900817,140,1224,214
2442,901016,180,1270,191
2443,901216,279,1230,153
2444,901514,379,1148,124
2445,901933,160,1034,158
2446,902152,100,1030,181
2447,902412,498,49,173
2448,902950,598,43,263
2449,903568,259,37,238
2450,903847,239,53,195
2451,904106,937,48,276
2452,905063,179,41,229
2453,905263,1715,40,190
2454,906997,479,53,172
2455,907496,419,41,170
2456,907974,239,234,188
2457,908233,140,223,190
2458,908393,379,225,178
2459,908792,179,240,206
2460,908991,199,28,214
2461,909230,598,36,196
2462,909848,1635,40,220
2463,911543,419,38,253
2464,912002,359,29,254
2465,912420,558,24,236
2466,916009,120,179,297
2467,916149,419,85,235
2468,916587,1196,237,238
2469,920375,120,565,859
2470,920575,219,111,673
2471,921013,160,120,633
2472,921293,180,52,588
2473,921592,120,105,613
2474,922210,319,720,606
2475,922549,160,709,565
2476,922728,120,764,562
2477,923346,199,54,265
2478,923565,239,35,246
2479,923825,359,44,251
2480,924502,100,50,625
2481,924642,140,59,567
2482,925160,100,13,574
2483,925300,120,21,566
2484,925898,100,22,577
2485,926018,159,36,589
2486,926197,100,14,584
2487,926516,120,23,590
2488,926736,159,74,607
2489,926915,359,80,602
2490,927912,100,651,507
2491,928689,140,675,554
2492,928889,179,709,560
2493,929148,120,673,568
2494,929507,100,698,560
2495,929686,319,675,549
2496,930025,140,666,546
2497,930205,159,699,557
2498,930683,100,806,564
2499,930922,160,79,587
2500,931102,120,85,591
2501,931241,219,35,591
2502,931540,120,70,597
2503,931839,140,76,610
2504,932099,100,740,603
2505,932238,120,760,614
2506,932477,140,715,585
2507,932677,140,837,596
2508,933136,120,750,612
2509,933395,159,812,588
2510,933773,399,75,608
2511,934212,139,155,553
2512,934690,219,722,562
2513,935069,179,176,193
2514,935269,139,235,166
2515,935468,279,28,163
2516,935767,279,228,145
2517,936305,120,1246,189
2518,936445,598,1283,183
2519,937063,638,1273,202
2520,937861,120,174,150
2521,938000,299,55,162
2522,938319,259,-6,185
2523,938598,538,56,166
2524,939156,180,31,224
2525,939356,179,44,202
2526,939575,199,265,196
2527,939794,439,226,200
2528,940353,140,66,619
2529,940552,179,52,579
2530,941908,239,11,593
2531,942287,259,24,582
2532,942785,199,33,593
2533,943004,140,26,593
2534,943224,578,24,605
2535,943822,419,63,628
2536,944580,120,39,595
2537,944739,160,41,593
2538,944918,140,83,630
2539,945178,179,65,620
2540,945576,179,727,610
2541,945796,120,671,610
2542,945995,199,693,649
2543,946214,120,680,583
2544,946872,199,723,581
2545,947171,239,676,584
2546,947431,219,708,577
2547,947670,120,703,585
2548,947810,100,731,622
2549,948168,180,825,614
2550,948826,139,73,620
2551,948986,160,58,606
2552,949185,160,629,580
2553,949365,199,700,567
2554,949664,379,747,607
2555,950162,120,95,608
2556,950302,140,81,600
2557,951099,100,59,631
2558,951598,140,78,709
2559,951757,199,120,703
2560,951996,239,48,693
2561,952275,199,45,712
2562,952654,219,104,739
2563,952953,120,92,746
2564,953093,339,106,744
2565,953452,538,114,739
2566,954090,120,683,637
2567,954349,140,730,645
2568,954648,100,738,653
2569,954768,159,731,634
2570,955246,279,722,627
2571,955545,179,715,616
2572,955964,100,807,613
2573,956123,299,744,617
2574,956682,239,720,620
2575,957160,259,695,629
2576,957479,140,701,623
2577,957639,179,785,679
2578,957838,139,766,672
2579,957998,120,763,652
2580,958177,100,739,733
2581,958296,159,741,731
2582,958476,299,749,705
2583,958795,120,726,730
2584,958934,319,751,708
2585,959393,180,739,698
2586,959592,120,746,699
2587,959812,439,755,744
2588,960270,100,755,757
2589,960549,199,753,657
2590,960769,179,750,640
2591,961427,100,84,736
2592,961746,120,106,731
2593,961945,139,726,642
2594,962464,160,730,590
2595,962723,100,727,594
2596,962842,120,674,572
2597,963042,120,709,578
2598,963241,100,704,568
2599,963361,279,695,617
2600,963839,100,749,611
2601,964019,180,835,604
2602,964238,160,726,596
2603,964437,160,731,603
2604,964637,160,695,673
2605,964856,339,719,655
2606,965454,100,689,655
2607,965574,140,685,648
2608,966172,259,84,755
2609,966571,279,726,650
2610,967109,239,742,649
2611,967846,180,121,663
2612,968126,179,133,253
2613,968325,279,66,225
2614,968644,359,244,223
2615,969063,558,44,227
2616,970040,219,729,673
2617,970319,140,725,653
2618,970618,120,733,621
2619,970817,180,718,647
2620,971116,120,730,617
2621,971256,259,708,564
2622,971595,299,756,674
2623,971914,299,734,611
2624,972233,219,710,566
2625,972771,279,704,589
2626,973130,160,709,602
2627,973609,100,70,762
2628,973808,179,170,259
2629,974007,179,252,232
2630,974207,219,229,230
2631,974506,180,40,239
2632,974745,199,62,720
2633,975204,179,89,775
2634,975602,120,115,262
2635,975762,140,53,230
2636,975941,339,230,242
2637,976699,100,708,690
2638,977237,160,784,655
2639,977536,339,695,594
2640,978015,219,734,608
2641,978533,140,704,607
2642,978792,239,742,629
2643,979091,120,758,760
2644,979291,299,749,783
2645,979610,159,747,696
2646,979949,119,736,702
2647,980088,100,741,711
2648,980228,140,782,764
2649,980387,180,760,725
2650,980626,140,753,726
2651,980906,279,706,598
2652,981384,219,671,591
2653,981643,140,697,589
2654,981803,179,687,590
2655,982640,419,677,599
2656,983179,100,61,724
2657,983378,179,670,543
2658,983677,140,670,537
2659,983896,359,697,574
2660,984435,140,672,600
2661,984594,259,682,592
2662,985033,140,722,632
2663,985192,120,731,631
2664,985671,239,703,620
2665,986069,379,56,665
2666,986887,159,42,674
2667,987086,199,50,656
2668,987326,259,46,658
2669,987724,140,60,635
2670,988382,120,680,621
2671,988721,379,690,567
2672,989359,199,727,593
2673,989598,100,707,609
2674,989758,100,703,618
2675,990256,239,731,613
2676,990555,120,793,625
2677,990914,120,202,215
2678,991174,339,43,177
2679,991752,180,1282,221
2680,991951,937,1286,175
2681,992988,140,124,130
2682,993167,558,52,199
2683,993765,299,39,230
2684,994084,140,40,236
2685,994244,379,40,197
2686,994662,199,269,203
2687,994882,538,230,207
2688,995440,179,220,224
2689,995739,2074,30,209
2690,997833,120,42,261
2691,998032,140,258,255
2692,998192,259,230,265
2693,998630,120,224,240
2694,998869,239,761,645
2695,999288,120,702,628
2696,999448,299,721,620
2697,1000026,100,79,724
2698,1000345,179,64,713
2699,1000883,359,715,637
2700,1001262,399,719,633
2701,1001840,259,792,639
2702,1002319,120,732,647
2703,1002737,179,699,655
2704,1002976,299,109,718
2705,1003296,179,77,779
2706,1003495,578,90,718
2707,1004232,279,80,797
2708,1004532,778,55,820
2709,1005469,140,812,744
2710,1005628,199,760,710
2711,1006864,100,11,214
